experiment_id,date,baseline,architecture_class,cohort,seed,house_pair,shift_level,environment_parameters,object_parameters,task,training_recipe,train_steps,eval_episodes,eval_seed_base,git_commit,slurm_job,A_success,B_success,relative_success_drop,A_SPL,B_SPL,relative_SPL_drop,A_episode_length,B_episode_length,episode_length_ratio,status,results_path,notes
dreamerv3-r32_pair0_L1_s0_collapsed,2026-07-14,dreamerv3,reconstruction world model,archive,0,pair0,L1,procthor10k-train house 0; 1 room; B = wall/floor/ceiling material remap + warm dimmed lights + skybox swap (variant seed 1337),target=Fridge,objectnav,DreamerV3 train_ratio=32 — ACTOR COLLAPSE,150000,3,10000,pre-git (code later committed at 9fe95b6),local (M4 Air),0.3333333333333333,0.3333333333333333,0.0,0.2661984643688225,0.2661984643688225,0.0,38.0,38.0,1.0,invalid,results/archive/dreamerv3_ratio32_collapsed,policy obs-blind (zero actor grad); A==B bit-identical; NOT a transfer data point
ppo_pair0_L1_s0_main,2026-07-14,ppo,model-free on-policy,main,0,pair0,L1,procthor10k-train house 0; 1 room; B = wall/floor/ceiling material remap + warm dimmed lights + skybox swap (variant seed 1337),target=Fridge,objectnav,"SB3 PPO defaults, 150k env steps",150000,25,10000,8e6c7f3,local (M4 Air),0.96,0.88,0.0833333333333333,0.691873004908863,0.6275127339590563,0.0930232434177492,21.56,35.96,1.6679035250463825,complete,results/tables,original n=1 run; LUCKY transfer seed (8.3% drop) — superseded by the 5-seed sweep (32.4% +/- 29.6)
dreamerv3-r128_pair0_L1_s0_archived,2026-07-16,dreamerv3,reconstruction world model,archive,0,pair0,L1,procthor10k-train house 0; 1 room; B = wall/floor/ceiling material remap + warm dimmed lights + skybox swap (variant seed 1337),target=Fridge,objectnav,DreamerV3 train_ratio=128 — UNDERTRAINED (1/4 of published recipe),150000,25,10000,pre-git (code later committed at 9fe95b6),local (M4 Air),0.44,0.36,0.1818181818181818,0.1770059251667839,0.1620879653667474,0.0842794374593959,138.32,150.48,1.0879120879120878,superseded,results/archive/dreamerv3_ratio128,undertraining artifact (18.2% drop reversed at ratio 512) — the run that motivated the fairness rule
dreamerv3-r512_pair0_L1_s0_parity,2026-07-30,dreamerv3,reconstruction world model,main,0,pair0,L1,procthor10k-train house 0; 1 room; B = wall/floor/ceiling material remap + warm dimmed lights + skybox swap (variant seed 1337),target=Fridge,objectnav,"DreamerV3 train_ratio=512, 150k env steps",150000,25,10000,668268e,37923581,0.96,1.0,-0.0416666666666667,0.6401058653338745,0.640723217747999,-0.0009644536123763,29.68,20.6,0.6940700808625337,complete,results/tables,"ratio-512 parity run (fairness-rule gate); B slightly above A, within the sweep's seed range"
ppo_pair0_L1_s0,2026-07-30,ppo,model-free on-policy,sweep,0,pair0,L1,procthor10k-train house 0; 1 room; B = wall/floor/ceiling material remap + warm dimmed lights + skybox swap (variant seed 1337),target=Fridge,objectnav,"SB3 PPO defaults, 150k env steps",150000,25,10000,668268e,37923582,0.88,0.84,0.0454545454545455,0.6246609232937118,0.6016320369561595,0.0368662189018093,35.16,43.32,1.2320819112627988,complete,results/sweeps/ppo/seed0,
ppo_pair0_L1_s1,2026-07-30,ppo,model-free on-policy,sweep,1,pair0,L1,procthor10k-train house 0; 1 room; B = wall/floor/ceiling material remap + warm dimmed lights + skybox swap (variant seed 1337),target=Fridge,objectnav,"SB3 PPO defaults, 150k env steps",150000,25,10000,668268e,37923582,0.92,0.88,0.0434782608695652,0.6656508175196691,0.6207821279904205,0.0674057453973198,26.96,34.28,1.271513353115727,complete,results/sweeps/ppo/seed1,
ppo_pair0_L1_s2,2026-07-30,ppo,model-free on-policy,sweep,2,pair0,L1,procthor10k-train house 0; 1 room; B = wall/floor/ceiling material remap + warm dimmed lights + skybox swap (variant seed 1337),target=Fridge,objectnav,"SB3 PPO defaults, 150k env steps",150000,25,10000,668268e,37923582,0.88,0.24,0.7272727272727273,0.6058244073265934,0.1978142333231904,0.6734792607710985,34.96,153.8,4.399313501144165,complete,results/sweeps/ppo/seed2,
ppo_pair0_L1_s3,2026-07-30,ppo,model-free on-policy,sweep,3,pair0,L1,procthor10k-train house 0; 1 room; B = wall/floor/ceiling material remap + warm dimmed lights + skybox swap (variant seed 1337),target=Fridge,objectnav,"SB3 PPO defaults, 150k env steps",150000,25,10000,668268e,37923582,0.92,0.64,0.3043478260869565,0.6435598065116482,0.4754088684656916,0.2612825355850018,27.12,79.12,2.9174041297935105,complete,results/sweeps/ppo/seed3,
ppo_pair0_L1_s4,2026-07-30,ppo,model-free on-policy,sweep,4,pair0,L1,procthor10k-train house 0; 1 room; B = wall/floor/ceiling material remap + warm dimmed lights + skybox swap (variant seed 1337),target=Fridge,objectnav,"SB3 PPO defaults, 150k env steps",150000,25,10000,668268e,37923582,0.88,0.44,0.5,0.6047854452959887,0.3431741332524183,0.4325687962208397,33.68,115.52,3.4299287410926365,complete,results/sweeps/ppo/seed4,
dreamerv3-r512_pair0_L1_s0,2026-07-31,dreamerv3,reconstruction world model,sweep,0,pair0,L1,procthor10k-train house 0; 1 room; B = wall/floor/ceiling material remap + warm dimmed lights + skybox swap (variant seed 1337),target=Fridge,objectnav,"DreamerV3 train_ratio=512, 150k env steps",150000,25,10000,596ebb4,37948923,1.0,0.84,0.16,0.6035305880082175,0.4644601353312197,0.2304281762022378,23.08,78.6,3.4055459272097055,complete,results/sweeps/dreamerv3_512/seed0,
dreamerv3-r512_pair0_L1_s1,2026-07-31,dreamerv3,reconstruction world model,sweep,1,pair0,L1,procthor10k-train house 0; 1 room; B = wall/floor/ceiling material remap + warm dimmed lights + skybox swap (variant seed 1337),target=Fridge,objectnav,"DreamerV3 train_ratio=512, 150k env steps",150000,25,10000,596ebb4,37948923,1.0,1.0,0.0,0.6001815059025182,0.5242081192833222,0.1265840181212374,22.76,39.72,1.745166959578207,complete,results/sweeps/dreamerv3_512/seed1,
dreamerv3-r512_pair0_L1_s2,2026-07-31,dreamerv3,reconstruction world model,sweep,2,pair0,L1,procthor10k-train house 0; 1 room; B = wall/floor/ceiling material remap + warm dimmed lights + skybox swap (variant seed 1337),target=Fridge,objectnav,"DreamerV3 train_ratio=512, 150k env steps",150000,25,10000,596ebb4,37948923,1.0,0.96,0.04,0.5777072758724642,0.4913747702594857,0.1494398793620826,28.88,58.2,2.015235457063712,complete,results/sweeps/dreamerv3_512/seed2,
dreamerv3-r512_pair0_L1_s3,2026-07-31,dreamerv3,reconstruction world model,sweep,3,pair0,L1,procthor10k-train house 0; 1 room; B = wall/floor/ceiling material remap + warm dimmed lights + skybox swap (variant seed 1337),target=Fridge,objectnav,"DreamerV3 train_ratio=512, 150k env steps",150000,25,10000,596ebb4,37948923,1.0,1.0,0.0,0.6350308681848346,0.5493073126310075,0.1349911631837021,17.72,42.04,2.3724604966139955,complete,results/sweeps/dreamerv3_512/seed3,
dreamerv3-r512_pair0_L1_s4,2026-07-31,dreamerv3,reconstruction world model,sweep,4,pair0,L1,procthor10k-train house 0; 1 room; B = wall/floor/ceiling material remap + warm dimmed lights + skybox swap (variant seed 1337),target=Fridge,objectnav,"DreamerV3 train_ratio=512, 150k env steps",150000,25,10000,596ebb4,37948923,0.96,0.88,0.0833333333333333,0.645777457322388,0.561708496167481,0.1301825577862154,35.32,54.28,1.536806342015855,complete,results/sweeps/dreamerv3_512/seed4,
tdmpc2_pair0_L1_s0_main,2026-08-01,tdmpc2,decoder-free latent world model + planner,main,0,pair0,L1,procthor10k-train house 0; 1 room; B = wall/floor/ceiling material remap + warm dimmed lights + skybox swap (variant seed 1337),target=Fridge,objectnav,"TD-MPC2 upstream defaults, 150k env steps",150000,25,10000,d78f62a,37982715+37997515,1.0,0.76,0.24,0.7301176868451364,0.5191152857881596,0.288997794271668,13.92,82.64,5.936781609195402,complete,results/tables,main-seed run; resumed at ~140k after buffer-wraparound fix (VENDOR.md patch #10)
tdmpc2_pair0_L1_s0,2026-08-01,tdmpc2,decoder-free latent world model + planner,sweep,0,pair0,L1,procthor10k-train house 0; 1 room; B = wall/floor/ceiling material remap + warm dimmed lights + skybox swap (variant seed 1337),target=Fridge,objectnav,"TD-MPC2 upstream defaults, 150k env steps",150000,25,10000,d78f62a,37982716+37997516,1.0,0.8,0.1999999999999999,0.7286371452959806,0.4399470765702286,0.3962055332884283,16.6,85.44,5.146987951807228,complete,results/sweeps/tdmpc2/seed0,
tdmpc2_pair0_L1_s1,2026-08-01,tdmpc2,decoder-free latent world model + planner,sweep,1,pair0,L1,procthor10k-train house 0; 1 room; B = wall/floor/ceiling material remap + warm dimmed lights + skybox swap (variant seed 1337),target=Fridge,objectnav,"TD-MPC2 upstream defaults, 150k env steps",150000,25,10000,d78f62a,37982716+37997516,1.0,0.8,0.1999999999999999,0.7302129013246266,0.5010297332134097,0.3138580100344327,12.96,79.0,6.095679012345679,complete,results/sweeps/tdmpc2/seed1,
tdmpc2_pair0_L1_s2,2026-08-01,tdmpc2,decoder-free latent world model + planner,sweep,2,pair0,L1,procthor10k-train house 0; 1 room; B = wall/floor/ceiling material remap + warm dimmed lights + skybox swap (variant seed 1337),target=Fridge,objectnav,"TD-MPC2 upstream defaults, 150k env steps",150000,25,10000,d78f62a,37982716+37997516,1.0,0.84,0.16,0.7253038179698724,0.4366168562438352,0.3980221178678927,18.0,83.72,4.651111111111111,complete,results/sweeps/tdmpc2/seed2,
tdmpc2_pair0_L1_s3,2026-08-01,tdmpc2,decoder-free latent world model + planner,sweep,3,pair0,L1,procthor10k-train house 0; 1 room; B = wall/floor/ceiling material remap + warm dimmed lights + skybox swap (variant seed 1337),target=Fridge,objectnav,"TD-MPC2 upstream defaults, 150k env steps",150000,25,10000,d78f62a,37982716+37997516,1.0,0.88,0.12,0.7259126960173117,0.5981656028791434,0.1759813457445324,18.12,55.6,3.068432671081678,complete,results/sweeps/tdmpc2/seed3,
tdmpc2_pair0_L1_s4,2026-08-01,tdmpc2,decoder-free latent world model + planner,sweep,4,pair0,L1,procthor10k-train house 0; 1 room; B = wall/floor/ceiling material remap + warm dimmed lights + skybox swap (variant seed 1337),target=Fridge,objectnav,"TD-MPC2 upstream defaults, 150k env steps",150000,25,10000,d78f62a,37982716+37997516,1.0,1.0,0.0,0.7191017816882119,0.5912840772023923,0.177746332634229,20.6,52.36,2.5417475728155337,complete,results/sweeps/tdmpc2/seed4,
ppo_aug_pair0_L1_s0,2026-08-24,ppo_aug,model-free on-policy + photometric augmentation,sweep,0,pair0,L1,procthor10k-train house 0; 1 room; B = wall/floor/ceiling material remap + warm dimmed lights + skybox swap (variant seed 1337),target=Fridge,objectnav,"SB3 PPO defaults + train-time photometric jitter (0.4/0.4/0.4, hue 36deg, per-episode), 150k env steps",150000,25,10000,8177846,"38800341,38801317,38806927",0.88,0.84,0.0454545454545455,0.5860721751495468,0.5191252731227876,0.1142297909121458,35.04,44.2,1.2614155251141554,complete,results/sweeps/ppo_aug/seed0,"augmentation/domain-randomization class; no detectable transfer benefit vs ppo (exact permutation p=0.68); seeds 1,2,3 needed reruns after shared-node CloudRendering failures"
ppo_aug_pair0_L1_s1,2026-08-24,ppo_aug,model-free on-policy + photometric augmentation,sweep,1,pair0,L1,procthor10k-train house 0; 1 room; B = wall/floor/ceiling material remap + warm dimmed lights + skybox swap (variant seed 1337),target=Fridge,objectnav,"SB3 PPO defaults + train-time photometric jitter (0.4/0.4/0.4, hue 36deg, per-episode), 150k env steps",150000,25,10000,8177846,"38800341,38801317,38806927",0.84,0.4,0.5238095238095237,0.5910642180591495,0.2725838383644977,0.5388253424313711,43.24,125.64,2.9056429232192413,complete,results/sweeps/ppo_aug/seed1,"augmentation/domain-randomization class; no detectable transfer benefit vs ppo (exact permutation p=0.68); seeds 1,2,3 needed reruns after shared-node CloudRendering failures"
ppo_aug_pair0_L1_s2,2026-08-24,ppo_aug,model-free on-policy + photometric augmentation,sweep,2,pair0,L1,procthor10k-train house 0; 1 room; B = wall/floor/ceiling material remap + warm dimmed lights + skybox swap (variant seed 1337),target=Fridge,objectnav,"SB3 PPO defaults + train-time photometric jitter (0.4/0.4/0.4, hue 36deg, per-episode), 150k env steps",150000,25,10000,8177846,"38800341,38801317,38806927",0.96,0.84,0.125,0.6039123300336524,0.4585572887036167,0.2406889776897517,22.36,47.84,2.1395348837209305,complete,results/sweeps/ppo_aug/seed2,"augmentation/domain-randomization class; no detectable transfer benefit vs ppo (exact permutation p=0.68); seeds 1,2,3 needed reruns after shared-node CloudRendering failures"
ppo_aug_pair0_L1_s3,2026-08-24,ppo_aug,model-free on-policy + photometric augmentation,sweep,3,pair0,L1,procthor10k-train house 0; 1 room; B = wall/floor/ceiling material remap + warm dimmed lights + skybox swap (variant seed 1337),target=Fridge,objectnav,"SB3 PPO defaults + train-time photometric jitter (0.4/0.4/0.4, hue 36deg, per-episode), 150k env steps",150000,25,10000,8177846,"38800341,38801317,38806927",0.88,0.36,0.5909090909090909,0.6309694839424259,0.2694332915100508,0.572985226121275,35.32,133.28,3.773499433748584,complete,results/sweeps/ppo_aug/seed3,"augmentation/domain-randomization class; no detectable transfer benefit vs ppo (exact permutation p=0.68); seeds 1,2,3 needed reruns after shared-node CloudRendering failures"
ppo_aug_pair0_L1_s4,2026-08-24,ppo_aug,model-free on-policy + photometric augmentation,sweep,4,pair0,L1,procthor10k-train house 0; 1 room; B = wall/floor/ceiling material remap + warm dimmed lights + skybox swap (variant seed 1337),target=Fridge,objectnav,"SB3 PPO defaults + train-time photometric jitter (0.4/0.4/0.4, hue 36deg, per-episode), 150k env steps",150000,25,10000,8177846,"38800341,38801317,38806927",0.92,0.96,-0.0434782608695651,0.6378327862230305,0.6517524398323742,-0.0218233585823799,27.4,20.44,0.7459854014598541,complete,results/sweeps/ppo_aug/seed4,"augmentation/domain-randomization class; no detectable transfer benefit vs ppo (exact permutation p=0.68); seeds 1,2,3 needed reruns after shared-node CloudRendering failures"
ppo-v2_pair0_L1_s0,2026-09-05,ppo,model-free on-policy,grid_150k,0,pair0,L1,procthor-10k train house 0; 1 room(s); 380 reachable cells; wall/floor materials + lighting + skybox changed; variant seed 1337,target=Fridge; target swappable at L2=yes,objectnav,"SB3 PPO defaults; protocol v2 (held-out start poses, pinned eval poses, static scene); 150k env steps",150000,25,10000,28f0c5f,39573420,0.96,0.52,0.4583333333333333,0.7852647898738597,0.4310686426649212,0.4510531374593206,17.84,100.64,5.641255605381166,complete,results/grid/ppo/pair0_seed0,
ppo-v2_pair0_L2_s0,2026-09-05,ppo,model-free on-policy,grid_150k,0,pair0,L2,"procthor-10k train house 0; 1 room(s); 380 reachable cells; L1 + every object's appearance changed, target included when swappable; variant seed 1337",target=Fridge; target swappable at L2=yes,objectnav,"SB3 PPO defaults; protocol v2 (held-out start poses, pinned eval poses, static scene); 150k env steps",150000,25,10000,28f0c5f,39573420,0.96,0.08,0.9166666666666667,0.7852647898738597,0.08,0.8981235361223178,17.84,184.2,10.325112107623317,complete,results/grid/ppo/pair0_seed0,
ppo-v2_pair0_L3_s0,2026-09-05,ppo,model-free on-policy,grid_150k,0,pair0,L3,procthor-10k train house 0; 1 room(s); 380 reachable cells; L2 + 4 distractor objects; variant seed 1337,target=Fridge; target swappable at L2=yes,objectnav,"SB3 PPO defaults; protocol v2 (held-out start poses, pinned eval poses, static scene); 150k env steps",150000,25,10000,28f0c5f,39573420,0.96,0.08,0.9166666666666667,0.7852647898738597,0.08,0.8981235361223178,17.84,184.2,10.325112107623317,complete,results/grid/ppo/pair0_seed0,
ppo-v2_pair1_L1_s0,2026-09-05,ppo,model-free on-policy,grid_150k,0,pair1,L1,procthor-10k train house 2; 1 room(s); 162 reachable cells; wall/floor materials + lighting + skybox changed; variant seed 1338,target=Bed; target swappable at L2=yes,objectnav,"SB3 PPO defaults; protocol v2 (held-out start poses, pinned eval poses, static scene); 150k env steps",150000,25,10000,28f0c5f,39573420,0.92,0.88,0.04347826086956525,0.6868234039978032,0.6795385921816233,0.010606528219302212,22.72,31.52,1.387323943661972,complete,results/grid/ppo/pair1_seed0,
ppo-v2_pair1_L2_s0,2026-09-05,ppo,model-free on-policy,grid_150k,0,pair1,L2,"procthor-10k train house 2; 1 room(s); 162 reachable cells; L1 + every object's appearance changed, target included when swappable; variant seed 1338",target=Bed; target swappable at L2=yes,objectnav,"SB3 PPO defaults; protocol v2 (held-out start poses, pinned eval poses, static scene); 150k env steps",150000,25,10000,28f0c5f,39573420,0.92,0.2,0.7826086956521738,0.6868234039978032,0.2,0.7088043318910552,22.72,160.8,7.077464788732395,complete,results/grid/ppo/pair1_seed0,
ppo-v2_pair1_L3_s0,2026-09-05,ppo,model-free on-policy,grid_150k,0,pair1,L3,procthor-10k train house 2; 1 room(s); 162 reachable cells; L2 + 2 distractor objects; variant seed 1338,target=Bed; target swappable at L2=yes,objectnav,"SB3 PPO defaults; protocol v2 (held-out start poses, pinned eval poses, static scene); 150k env steps",150000,25,10000,28f0c5f,39573420,0.92,0.2,0.7826086956521738,0.6868234039978032,0.2,0.7088043318910552,22.72,160.8,7.077464788732395,complete,results/grid/ppo/pair1_seed0,
ppo-v2_pair2_L1_s0,2026-09-05,ppo,model-free on-policy,grid_150k,0,pair2,L1,procthor-10k train house 250; 1 room(s); 128 reachable cells; wall/floor materials + lighting + skybox changed; variant seed 1339,target=Bed; target swappable at L2=no,objectnav,"SB3 PPO defaults; protocol v2 (held-out start poses, pinned eval poses, static scene); 150k env steps",150000,25,10000,28f0c5f,39573420,0.88,0.88,0.0,0.6584285654522196,0.6584285654522196,0.0,30.68,30.68,1.0,complete,results/grid/ppo/pair2_seed0,
ppo-v2_pair2_L2_s0,2026-09-05,ppo,model-free on-policy,grid_150k,0,pair2,L2,"procthor-10k train house 250; 1 room(s); 128 reachable cells; L1 + every object's appearance changed, target included when swappable; variant seed 1339",target=Bed; target swappable at L2=no,objectnav,"SB3 PPO defaults; protocol v2 (held-out start poses, pinned eval poses, static scene); 150k env steps",150000,25,10000,28f0c5f,39573420,0.88,0.76,0.13636363636363635,0.6584285654522196,0.572714278882367,0.13018008492839706,30.68,53.2,1.7340286831812257,complete,results/grid/ppo/pair2_seed0,
ppo-v2_pair2_L3_s0,2026-09-05,ppo,model-free on-policy,grid_150k,0,pair2,L3,procthor-10k train house 250; 1 room(s); 128 reachable cells; L2 + 5 distractor objects; variant seed 1339,target=Bed; target swappable at L2=no,objectnav,"SB3 PPO defaults; protocol v2 (held-out start poses, pinned eval poses, static scene); 150k env steps",150000,25,10000,28f0c5f,39573420,0.88,0.76,0.13636363636363635,0.6584285654522196,0.572714278882367,0.13018008492839706,30.68,53.2,1.7340286831812257,complete,results/grid/ppo/pair2_seed0,
ppo-v2_pair3_L1_s0,2026-09-05,ppo,model-free on-policy,grid_150k,0,pair3,L1,procthor-10k train house 44; 2 room(s); 460 reachable cells; wall/floor materials + lighting + skybox changed; variant seed 1340,target=Bed; target swappable at L2=yes,objectnav,"SB3 PPO defaults; protocol v2 (held-out start poses, pinned eval poses, static scene); 150k env steps",150000,25,10000,28f0c5f,39573420,0.76,0.0,1.0,0.5577018411271895,0.0,1.0,65.36,200.0,3.0599755201958385,complete,results/grid/ppo/pair3_seed0,
ppo-v2_pair3_L2_s0,2026-09-05,ppo,model-free on-policy,grid_150k,0,pair3,L2,"procthor-10k train house 44; 2 room(s); 460 reachable cells; L1 + every object's appearance changed, target included when swappable; variant seed 1340",target=Bed; target swappable at L2=yes,objectnav,"SB3 PPO defaults; protocol v2 (held-out start poses, pinned eval poses, static scene); 150k env steps",150000,25,10000,28f0c5f,39573420,0.76,0.0,1.0,0.5577018411271895,0.0,1.0,65.36,200.0,3.0599755201958385,complete,results/grid/ppo/pair3_seed0,
ppo-v2_pair3_L3_s0,2026-09-05,ppo,model-free on-policy,grid_150k,0,pair3,L3,procthor-10k train house 44; 2 room(s); 460 reachable cells; L2 + 8 distractor objects; variant seed 1340,target=Bed; target swappable at L2=yes,objectnav,"SB3 PPO defaults; protocol v2 (held-out start poses, pinned eval poses, static scene); 150k env steps",150000,25,10000,28f0c5f,39573420,0.76,0.0,1.0,0.5577018411271895,0.0,1.0,65.36,200.0,3.0599755201958385,complete,results/grid/ppo/pair3_seed0,
ppo-v2_pair4_L1_s0,2026-09-05,ppo,model-free on-policy,grid_150k,0,pair4,L1,procthor-10k train house 286; 2 room(s); 681 reachable cells; wall/floor materials + lighting + skybox changed; variant seed 1341,target=Television; target swappable at L2=yes,objectnav,"SB3 PPO defaults; protocol v2 (held-out start poses, pinned eval poses, static scene); 150k env steps",150000,25,10000,28f0c5f,39573420,0.92,0.36,0.6086956521739131,0.7094758741609576,0.289450633437435,0.5920218798422907,35.44,131.56,3.712189616252822,complete,results/grid/ppo/pair4_seed0,
ppo-v2_pair4_L2_s0,2026-09-05,ppo,model-free on-policy,grid_150k,0,pair4,L2,"procthor-10k train house 286; 2 room(s); 681 reachable cells; L1 + every object's appearance changed, target included when swappable; variant seed 1341",target=Television; target swappable at L2=yes,objectnav,"SB3 PPO defaults; protocol v2 (held-out start poses, pinned eval poses, static scene); 150k env steps",150000,25,10000,28f0c5f,39573420,0.92,0.16,0.8260869565217391,0.7094758741609576,0.1112513483735617,0.8431922036741136,35.44,169.6,4.785553047404063,complete,results/grid/ppo/pair4_seed0,
ppo-v2_pair4_L3_s0,2026-09-05,ppo,model-free on-policy,grid_150k,0,pair4,L3,procthor-10k train house 286; 2 room(s); 681 reachable cells; L2 + 8 distractor objects; variant seed 1341,target=Television; target swappable at L2=yes,objectnav,"SB3 PPO defaults; protocol v2 (held-out start poses, pinned eval poses, static scene); 150k env steps",150000,25,10000,28f0c5f,39573420,0.92,0.16,0.8260869565217391,0.7094758741609576,0.1112513483735617,0.8431922036741136,35.44,169.6,4.785553047404063,complete,results/grid/ppo/pair4_seed0,
ppo-v2_pair0_L1_s1,2026-09-05,ppo,model-free on-policy,grid_150k,1,pair0,L1,procthor-10k train house 0; 1 room(s); 380 reachable cells; wall/floor materials + lighting + skybox changed; variant seed 1337,target=Fridge; target swappable at L2=yes,objectnav,"SB3 PPO defaults; protocol v2 (held-out start poses, pinned eval poses, static scene); 150k env steps",150000,25,10000,28f0c5f,39573420,0.96,0.72,0.25,0.7873862601463982,0.58430897732478,0.25791316549498866,19.08,65.08,3.410901467505241,complete,results/grid/ppo/pair0_seed1,
ppo-v2_pair0_L2_s1,2026-09-05,ppo,model-free on-policy,grid_150k,1,pair0,L2,"procthor-10k train house 0; 1 room(s); 380 reachable cells; L1 + every object's appearance changed, target included when swappable; variant seed 1337",target=Fridge; target swappable at L2=yes,objectnav,"SB3 PPO defaults; protocol v2 (held-out start poses, pinned eval poses, static scene); 150k env steps",150000,25,10000,28f0c5f,39573420,0.96,0.08,0.9166666666666667,0.7873862601463982,0.08,0.8983980238807754,19.08,184.2,9.654088050314465,complete,results/grid/ppo/pair0_seed1,
ppo-v2_pair0_L3_s1,2026-09-05,ppo,model-free on-policy,grid_150k,1,pair0,L3,procthor-10k train house 0; 1 room(s); 380 reachable cells; L2 + 4 distractor objects; variant seed 1337,target=Fridge; target swappable at L2=yes,objectnav,"SB3 PPO defaults; protocol v2 (held-out start poses, pinned eval poses, static scene); 150k env steps",150000,25,10000,28f0c5f,39573420,0.96,0.08,0.9166666666666667,0.7873862601463982,0.08,0.8983980238807754,19.08,184.2,9.654088050314465,complete,results/grid/ppo/pair0_seed1,
ppo-v2_pair1_L1_s1,2026-09-05,ppo,model-free on-policy,grid_150k,1,pair1,L1,procthor-10k train house 2; 1 room(s); 162 reachable cells; wall/floor materials + lighting + skybox changed; variant seed 1338,target=Bed; target swappable at L2=yes,objectnav,"SB3 PPO defaults; protocol v2 (held-out start poses, pinned eval poses, static scene); 150k env steps",150000,25,10000,28f0c5f,39573420,0.92,0.24,0.7391304347826088,0.6943947575749208,0.24,0.6543752708644182,22.32,153.0,6.854838709677419,complete,results/grid/ppo/pair1_seed1,
ppo-v2_pair1_L2_s1,2026-09-05,ppo,model-free on-policy,grid_150k,1,pair1,L2,"procthor-10k train house 2; 1 room(s); 162 reachable cells; L1 + every object's appearance changed, target included when swappable; variant seed 1338",target=Bed; target swappable at L2=yes,objectnav,"SB3 PPO defaults; protocol v2 (held-out start poses, pinned eval poses, static scene); 150k env steps",150000,25,10000,28f0c5f,39573420,0.92,0.2,0.7826086956521738,0.6943947575749208,0.2,0.7119793923870151,22.32,160.72,7.200716845878136,complete,results/grid/ppo/pair1_seed1,
ppo-v2_pair1_L3_s1,2026-09-05,ppo,model-free on-policy,grid_150k,1,pair1,L3,procthor-10k train house 2; 1 room(s); 162 reachable cells; L2 + 2 distractor objects; variant seed 1338,target=Bed; target swappable at L2=yes,objectnav,"SB3 PPO defaults; protocol v2 (held-out start poses, pinned eval poses, static scene); 150k env steps",150000,25,10000,28f0c5f,39573420,0.92,0.2,0.7826086956521738,0.6943947575749208,0.2,0.7119793923870151,22.32,160.72,7.200716845878136,complete,results/grid/ppo/pair1_seed1,
ppo-v2_pair2_L1_s1,2026-09-05,ppo,model-free on-policy,grid_150k,1,pair2,L1,procthor-10k train house 250; 1 room(s); 128 reachable cells; wall/floor materials + lighting + skybox changed; variant seed 1339,target=Bed; target swappable at L2=no,objectnav,"SB3 PPO defaults; protocol v2 (held-out start poses, pinned eval poses, static scene); 150k env steps",150000,25,10000,28f0c5f,39573420,0.96,0.8,0.1666666666666666,0.7377142778204447,0.5777142778204446,0.2168861371000104,14.72,45.4,3.0842391304347823,complete,results/grid/ppo/pair2_seed1,
ppo-v2_pair2_L2_s1,2026-09-05,ppo,model-free on-policy,grid_150k,1,pair2,L2,"procthor-10k train house 250; 1 room(s); 128 reachable cells; L1 + every object's appearance changed, target included when swappable; variant seed 1339",target=Bed; target swappable at L2=no,objectnav,"SB3 PPO defaults; protocol v2 (held-out start poses, pinned eval poses, static scene); 150k env steps",150000,25,10000,28f0c5f,39573420,0.96,0.68,0.2916666666666666,0.7377142778204447,0.5217142778204447,0.2927962850850139,14.72,68.52,4.654891304347825,complete,results/grid/ppo/pair2_seed1,
ppo-v2_pair2_L3_s1,2026-09-05,ppo,model-free on-policy,grid_150k,1,pair2,L3,procthor-10k train house 250; 1 room(s); 128 reachable cells; L2 + 5 distractor objects; variant seed 1339,target=Bed; target swappable at L2=no,objectnav,"SB3 PPO defaults; protocol v2 (held-out start poses, pinned eval poses, static scene); 150k env steps",150000,25,10000,28f0c5f,39573420,0.96,0.68,0.2916666666666666,0.7377142778204447,0.5217142778204447,0.2927962850850139,14.72,68.52,4.654891304347825,complete,results/grid/ppo/pair2_seed1,
ppo-v2_pair3_L1_s1,2026-09-05,ppo,model-free on-policy,grid_150k,1,pair3,L1,procthor-10k train house 44; 2 room(s); 460 reachable cells; wall/floor materials + lighting + skybox changed; variant seed 1340,target=Bed; target swappable at L2=yes,objectnav,"SB3 PPO defaults; protocol v2 (held-out start poses, pinned eval poses, static scene); 150k env steps",150000,25,10000,28f0c5f,39573420,0.76,0.08,0.8947368421052632,0.572840005201595,0.0640000050307338,0.888275950615197,64.48,184.64,2.8635235732009923,complete,results/grid/ppo/pair3_seed1,
ppo-v2_pair3_L2_s1,2026-09-05,ppo,model-free on-policy,grid_150k,1,pair3,L2,"procthor-10k train house 44; 2 room(s); 460 reachable cells; L1 + every object's appearance changed, target included when swappable; variant seed 1340",target=Bed; target swappable at L2=yes,objectnav,"SB3 PPO defaults; protocol v2 (held-out start poses, pinned eval poses, static scene); 150k env steps",150000,25,10000,28f0c5f,39573420,0.76,0.04,0.9473684210526315,0.572840005201595,0.04,0.9301724746233058,64.48,192.2,2.9807692307692304,complete,results/grid/ppo/pair3_seed1,
ppo-v2_pair3_L3_s1,2026-09-05,ppo,model-free on-policy,grid_150k,1,pair3,L3,procthor-10k train house 44; 2 room(s); 460 reachable cells; L2 + 8 distractor objects; variant seed 1340,target=Bed; target swappable at L2=yes,objectnav,"SB3 PPO defaults; protocol v2 (held-out start poses, pinned eval poses, static scene); 150k env steps",150000,25,10000,28f0c5f,39573420,0.76,0.04,0.9473684210526315,0.572840005201595,0.04,0.9301724746233058,64.48,192.2,2.9807692307692304,complete,results/grid/ppo/pair3_seed1,
ppo-v2_pair4_L1_s1,2026-09-05,ppo,model-free on-policy,grid_150k,1,pair4,L1,procthor-10k train house 286; 2 room(s); 681 reachable cells; wall/floor materials + lighting + skybox changed; variant seed 1341,target=Television; target swappable at L2=yes,objectnav,"SB3 PPO defaults; protocol v2 (held-out start poses, pinned eval poses, static scene); 150k env steps",150000,25,10000,28f0c5f,39573420,0.92,0.36,0.6086956521739131,0.6298358457681011,0.2123506085161764,0.6628476928663701,38.08,140.92,3.70063025210084,complete,results/grid/ppo/pair4_seed1,
ppo-v2_pair4_L2_s1,2026-09-05,ppo,model-free on-policy,grid_150k,1,pair4,L2,"procthor-10k train house 286; 2 room(s); 681 reachable cells; L1 + every object's appearance changed, target included when swappable; variant seed 1341",target=Television; target swappable at L2=yes,objectnav,"SB3 PPO defaults; protocol v2 (held-out start poses, pinned eval poses, static scene); 150k env steps",150000,25,10000,28f0c5f,39573420,0.92,0.12,0.8695652173913043,0.6298358457681011,0.073973898993637,0.882550509802401,38.08,178.64,4.6911764705882355,complete,results/grid/ppo/pair4_seed1,
ppo-v2_pair4_L3_s1,2026-09-05,ppo,model-free on-policy,grid_150k,1,pair4,L3,procthor-10k train house 286; 2 room(s); 681 reachable cells; L2 + 8 distractor objects; variant seed 1341,target=Television; target swappable at L2=yes,objectnav,"SB3 PPO defaults; protocol v2 (held-out start poses, pinned eval poses, static scene); 150k env steps",150000,25,10000,28f0c5f,39573420,0.92,0.16,0.8260869565217391,0.6298358457681011,0.1142991309371133,0.8185255226340404,38.08,172.32,4.525210084033613,complete,results/grid/ppo/pair4_seed1,
ppo-v2_pair0_L1_s2,2026-09-05,ppo,model-free on-policy,grid_150k,2,pair0,L1,procthor-10k train house 0; 1 room(s); 380 reachable cells; wall/floor materials + lighting + skybox changed; variant seed 1337,target=Fridge; target swappable at L2=yes,objectnav,"SB3 PPO defaults; protocol v2 (held-out start poses, pinned eval poses, static scene); 150k env steps",150000,25,10000,28f0c5f,39573420,0.96,0.88,0.0833333333333333,0.7852648024305935,0.7091718476272248,0.09690101296765329,19.76,36.72,1.8582995951417003,complete,results/grid/ppo/pair0_seed2,
ppo-v2_pair0_L2_s2,2026-09-05,ppo,model-free on-policy,grid_150k,2,pair0,L2,"procthor-10k train house 0; 1 room(s); 380 reachable cells; L1 + every object's appearance changed, target included when swappable; variant seed 1337",target=Fridge; target swappable at L2=yes,objectnav,"SB3 PPO defaults; protocol v2 (held-out start poses, pinned eval poses, static scene); 150k env steps",150000,25,10000,28f0c5f,39573420,0.96,0.08,0.9166666666666667,0.7852648024305935,0.08,0.8981235377513678,19.76,184.2,9.321862348178136,complete,results/grid/ppo/pair0_seed2,
ppo-v2_pair0_L3_s2,2026-09-05,ppo,model-free on-policy,grid_150k,2,pair0,L3,procthor-10k train house 0; 1 room(s); 380 reachable cells; L2 + 4 distractor objects; variant seed 1337,target=Fridge; target swappable at L2=yes,objectnav,"SB3 PPO defaults; protocol v2 (held-out start poses, pinned eval poses, static scene); 150k env steps",150000,25,10000,28f0c5f,39573420,0.96,0.08,0.9166666666666667,0.7852648024305935,0.08,0.8981235377513678,19.76,184.2,9.321862348178136,complete,results/grid/ppo/pair0_seed2,
ppo-v2_pair1_L1_s2,2026-09-05,ppo,model-free on-policy,grid_150k,2,pair1,L1,procthor-10k train house 2; 1 room(s); 162 reachable cells; wall/floor materials + lighting + skybox changed; variant seed 1338,target=Bed; target swappable at L2=yes,objectnav,"SB3 PPO defaults; protocol v2 (held-out start poses, pinned eval poses, static scene); 150k env steps",150000,25,10000,28f0c5f,39573420,0.92,0.52,0.43478260869565216,0.694394760511397,0.3657128362991326,0.4733358356134512,21.64,98.56,4.55452865064695,complete,results/grid/ppo/pair1_seed2,
ppo-v2_pair1_L2_s2,2026-09-05,ppo,model-free on-policy,grid_150k,2,pair1,L2,"procthor-10k train house 2; 1 room(s); 162 reachable cells; L1 + every object's appearance changed, target included when swappable; variant seed 1338",target=Bed; target swappable at L2=yes,objectnav,"SB3 PPO defaults; protocol v2 (held-out start poses, pinned eval poses, static scene); 150k env steps",150000,25,10000,28f0c5f,39573420,0.92,0.12,0.8695652173913043,0.694394760511397,0.12,0.827187636163003,21.64,176.16,8.140480591497226,complete,results/grid/ppo/pair1_seed2,
ppo-v2_pair1_L3_s2,2026-09-05,ppo,model-free on-policy,grid_150k,2,pair1,L3,procthor-10k train house 2; 1 room(s); 162 reachable cells; L2 + 2 distractor objects; variant seed 1338,target=Bed; target swappable at L2=yes,objectnav,"SB3 PPO defaults; protocol v2 (held-out start poses, pinned eval poses, static scene); 150k env steps",150000,25,10000,28f0c5f,39573420,0.92,0.12,0.8695652173913043,0.694394760511397,0.12,0.827187636163003,21.64,176.16,8.140480591497226,complete,results/grid/ppo/pair1_seed2,
ppo-v2_pair2_L1_s2,2026-09-05,ppo,model-free on-policy,grid_150k,2,pair2,L1,procthor-10k train house 250; 1 room(s); 128 reachable cells; wall/floor materials + lighting + skybox changed; variant seed 1339,target=Bed; target swappable at L2=no,objectnav,"SB3 PPO defaults; protocol v2 (held-out start poses, pinned eval poses, static scene); 150k env steps",150000,25,10000,28f0c5f,39573420,1.0,0.88,0.12,0.7777142793257523,0.6910476133340936,0.11143766842855878,8.28,30.88,3.7294685990338166,complete,results/grid/ppo/pair2_seed2,
ppo-v2_pair2_L2_s2,2026-09-05,ppo,model-free on-policy,grid_150k,2,pair2,L2,"procthor-10k train house 250; 1 room(s); 128 reachable cells; L1 + every object's appearance changed, target included when swappable; variant seed 1339",target=Bed; target swappable at L2=no,objectnav,"SB3 PPO defaults; protocol v2 (held-out start poses, pinned eval poses, static scene); 150k env steps",150000,25,10000,28f0c5f,39573420,1.0,0.84,0.16000000000000003,0.7777142793257523,0.6510476133340936,0.16287043887309588,8.28,38.36,4.632850241545894,complete,results/grid/ppo/pair2_seed2,
ppo-v2_pair2_L3_s2,2026-09-05,ppo,model-free on-policy,grid_150k,2,pair2,L3,procthor-10k train house 250; 1 room(s); 128 reachable cells; L2 + 5 distractor objects; variant seed 1339,target=Bed; target swappable at L2=no,objectnav,"SB3 PPO defaults; protocol v2 (held-out start poses, pinned eval poses, static scene); 150k env steps",150000,25,10000,28f0c5f,39573420,1.0,0.84,0.16000000000000003,0.7777142793257523,0.6510476133340936,0.16287043887309588,8.28,38.36,4.632850241545894,complete,results/grid/ppo/pair2_seed2,
ppo-v2_pair3_L1_s2,2026-09-05,ppo,model-free on-policy,grid_150k,2,pair3,L1,procthor-10k train house 44; 2 room(s); 460 reachable cells; wall/floor materials + lighting + skybox changed; variant seed 1340,target=Bed; target swappable at L2=yes,objectnav,"SB3 PPO defaults; protocol v2 (held-out start poses, pinned eval poses, static scene); 150k env steps",150000,25,10000,28f0c5f,39573420,1.0,0.08,0.92,0.759300726268654,0.065,0.9143949192312483,20.72,184.48,8.903474903474903,complete,results/grid/ppo/pair3_seed2,
ppo-v2_pair3_L2_s2,2026-09-05,ppo,model-free on-policy,grid_150k,2,pair3,L2,"procthor-10k train house 44; 2 room(s); 460 reachable cells; L1 + every object's appearance changed, target included when swappable; variant seed 1340",target=Bed; target swappable at L2=yes,objectnav,"SB3 PPO defaults; protocol v2 (held-out start poses, pinned eval poses, static scene); 150k env steps",150000,25,10000,28f0c5f,39573420,1.0,0.12,0.88,0.759300726268654,0.0907142904629947,0.880529166739005,20.72,177.2,8.552123552123552,complete,results/grid/ppo/pair3_seed2,
ppo-v2_pair3_L3_s2,2026-09-05,ppo,model-free on-policy,grid_150k,2,pair3,L3,procthor-10k train house 44; 2 room(s); 460 reachable cells; L2 + 8 distractor objects; variant seed 1340,target=Bed; target swappable at L2=yes,objectnav,"SB3 PPO defaults; protocol v2 (held-out start poses, pinned eval poses, static scene); 150k env steps",150000,25,10000,28f0c5f,39573420,1.0,0.12,0.88,0.759300726268654,0.0907142904629947,0.880529166739005,20.72,177.2,8.552123552123552,complete,results/grid/ppo/pair3_seed2,
ppo-v2_pair4_L1_s2,2026-09-05,ppo,model-free on-policy,grid_150k,2,pair4,L1,procthor-10k train house 286; 2 room(s); 681 reachable cells; wall/floor materials + lighting + skybox changed; variant seed 1341,target=Television; target swappable at L2=yes,objectnav,"SB3 PPO defaults; protocol v2 (held-out start poses, pinned eval poses, static scene); 150k env steps",150000,25,10000,28f0c5f,39573420,0.96,0.52,0.4583333333333333,0.7181327714055628,0.3582547370671032,0.5011302208560815,27.8,108.4,3.8992805755395685,complete,results/grid/ppo/pair4_seed2,
ppo-v2_pair4_L2_s2,2026-09-05,ppo,model-free on-policy,grid_150k,2,pair4,L2,"procthor-10k train house 286; 2 room(s); 681 reachable cells; L1 + every object's appearance changed, target included when swappable; variant seed 1341",target=Television; target swappable at L2=yes,objectnav,"SB3 PPO defaults; protocol v2 (held-out start poses, pinned eval poses, static scene); 150k env steps",150000,25,10000,28f0c5f,39573420,0.96,0.44,0.5416666666666667,0.7181327714055628,0.3351563626774863,0.5332947109188421,27.8,123.72,4.450359712230216,complete,results/grid/ppo/pair4_seed2,
ppo-v2_pair4_L3_s2,2026-09-05,ppo,model-free on-policy,grid_150k,2,pair4,L3,procthor-10k train house 286; 2 room(s); 681 reachable cells; L2 + 8 distractor objects; variant seed 1341,target=Television; target swappable at L2=yes,objectnav,"SB3 PPO defaults; protocol v2 (held-out start poses, pinned eval poses, static scene); 150k env steps",150000,25,10000,28f0c5f,39573420,0.96,0.4,0.5833333333333333,0.7181327714055628,0.3005545013851196,0.5814778083489208,27.8,130.72,4.702158273381295,complete,results/grid/ppo/pair4_seed2,
ppo-v2_pair0_L1_s3,2026-09-05,ppo,model-free on-policy,grid_150k,3,pair0,L1,procthor-10k train house 0; 1 room(s); 380 reachable cells; wall/floor materials + lighting + skybox changed; variant seed 1337,target=Fridge; target swappable at L2=yes,objectnav,"SB3 PPO defaults; protocol v2 (held-out start poses, pinned eval poses, static scene); 150k env steps",150000,25,10000,28f0c5f,39573420,1.0,0.92,0.07999999999999996,0.8110873944666506,0.7638511041325421,0.058238225197877476,15.32,29.44,1.9216710182767625,complete,results/grid/ppo/pair0_seed3,
ppo-v2_pair0_L2_s3,2026-09-05,ppo,model-free on-policy,grid_150k,3,pair0,L2,"procthor-10k train house 0; 1 room(s); 380 reachable cells; L1 + every object's appearance changed, target included when swappable; variant seed 1337",target=Fridge; target swappable at L2=yes,objectnav,"SB3 PPO defaults; protocol v2 (held-out start poses, pinned eval poses, static scene); 150k env steps",150000,25,10000,28f0c5f,39573420,1.0,0.12,0.88,0.8110873944666506,0.12,0.8520504685208321,15.32,176.4,11.514360313315928,complete,results/grid/ppo/pair0_seed3,
ppo-v2_pair0_L3_s3,2026-09-05,ppo,model-free on-policy,grid_150k,3,pair0,L3,procthor-10k train house 0; 1 room(s); 380 reachable cells; L2 + 4 distractor objects; variant seed 1337,target=Fridge; target swappable at L2=yes,objectnav,"SB3 PPO defaults; protocol v2 (held-out start poses, pinned eval poses, static scene); 150k env steps",150000,25,10000,28f0c5f,39573420,1.0,0.12,0.88,0.8110873944666506,0.12,0.8520504685208321,15.32,176.4,11.514360313315928,complete,results/grid/ppo/pair0_seed3,
ppo-v2_pair1_L1_s3,2026-09-05,ppo,model-free on-policy,grid_150k,3,pair1,L1,procthor-10k train house 2; 1 room(s); 162 reachable cells; wall/floor materials + lighting + skybox changed; variant seed 1338,target=Bed; target swappable at L2=yes,objectnav,"SB3 PPO defaults; protocol v2 (held-out start poses, pinned eval poses, static scene); 150k env steps",150000,25,10000,28f0c5f,39573420,0.96,0.84,0.125,0.7058233198966074,0.6574754589078762,0.06849853160960093,14.6,40.08,2.745205479452055,complete,results/grid/ppo/pair1_seed3,
ppo-v2_pair1_L2_s3,2026-09-05,ppo,model-free on-policy,grid_150k,3,pair1,L2,"procthor-10k train house 2; 1 room(s); 162 reachable cells; L1 + every object's appearance changed, target included when swappable; variant seed 1338",target=Bed; target swappable at L2=yes,objectnav,"SB3 PPO defaults; protocol v2 (held-out start poses, pinned eval poses, static scene); 150k env steps",150000,25,10000,28f0c5f,39573420,0.96,0.2,0.7916666666666667,0.7058233198966074,0.2,0.7166429694766998,14.6,160.72,11.008219178082191,complete,results/grid/ppo/pair1_seed3,
ppo-v2_pair1_L3_s3,2026-09-05,ppo,model-free on-policy,grid_150k,3,pair1,L3,procthor-10k train house 2; 1 room(s); 162 reachable cells; L2 + 2 distractor objects; variant seed 1338,target=Bed; target swappable at L2=yes,objectnav,"SB3 PPO defaults; protocol v2 (held-out start poses, pinned eval poses, static scene); 150k env steps",150000,25,10000,28f0c5f,39573420,0.96,0.2,0.7916666666666667,0.7058233198966074,0.2,0.7166429694766998,14.6,160.72,11.008219178082191,complete,results/grid/ppo/pair1_seed3,
ppo-v2_pair2_L1_s3,2026-09-05,ppo,model-free on-policy,grid_150k,3,pair2,L1,procthor-10k train house 250; 1 room(s); 128 reachable cells; wall/floor materials + lighting + skybox changed; variant seed 1339,target=Bed; target swappable at L2=no,objectnav,"SB3 PPO defaults; protocol v2 (held-out start poses, pinned eval poses, static scene); 150k env steps",150000,25,10000,28f0c5f,39573420,0.88,0.88,0.0,0.6586666613691564,0.6567618995993741,0.0028918448154380285,30.88,30.76,0.9961139896373058,complete,results/grid/ppo/pair2_seed3,
ppo-v2_pair2_L2_s3,2026-09-05,ppo,model-free on-policy,grid_150k,3,pair2,L2,"procthor-10k train house 250; 1 room(s); 128 reachable cells; L1 + every object's appearance changed, target included when swappable; variant seed 1339",target=Bed; target swappable at L2=no,objectnav,"SB3 PPO defaults; protocol v2 (held-out start poses, pinned eval poses, static scene); 150k env steps",150000,25,10000,28f0c5f,39573420,0.88,0.88,0.0,0.6586666613691564,0.6567618995993741,0.0028918448154380285,30.88,30.68,0.9935233160621761,complete,results/grid/ppo/pair2_seed3,
ppo-v2_pair2_L3_s3,2026-09-05,ppo,model-free on-policy,grid_150k,3,pair2,L3,procthor-10k train house 250; 1 room(s); 128 reachable cells; L2 + 5 distractor objects; variant seed 1339,target=Bed; target swappable at L2=no,objectnav,"SB3 PPO defaults; protocol v2 (held-out start poses, pinned eval poses, static scene); 150k env steps",150000,25,10000,28f0c5f,39573420,0.88,0.88,0.0,0.6586666613691564,0.6567618995993741,0.0028918448154380285,30.88,30.68,0.9935233160621761,complete,results/grid/ppo/pair2_seed3,
ppo-v2_pair3_L1_s3,2026-09-05,ppo,model-free on-policy,grid_150k,3,pair3,L1,procthor-10k train house 44; 2 room(s); 460 reachable cells; wall/floor materials + lighting + skybox changed; variant seed 1340,target=Bed; target swappable at L2=yes,objectnav,"SB3 PPO defaults; protocol v2 (held-out start poses, pinned eval poses, static scene); 150k env steps",150000,25,10000,28f0c5f,39573420,0.96,0.08,0.9166666666666667,0.7122916686394483,0.065,0.9087452474010306,29.4,184.48,6.274829931972789,complete,results/grid/ppo/pair3_seed3,
ppo-v2_pair3_L2_s3,2026-09-05,ppo,model-free on-policy,grid_150k,3,pair3,L2,"procthor-10k train house 44; 2 room(s); 460 reachable cells; L1 + every object's appearance changed, target included when swappable; variant seed 1340",target=Bed; target swappable at L2=yes,objectnav,"SB3 PPO defaults; protocol v2 (held-out start poses, pinned eval poses, static scene); 150k env steps",150000,25,10000,28f0c5f,39573420,0.96,0.12,0.875,0.7122916686394483,0.0890000041312252,0.8750511791030428,29.4,177.04,6.021768707482993,complete,results/grid/ppo/pair3_seed3,
ppo-v2_pair3_L3_s3,2026-09-05,ppo,model-free on-policy,grid_150k,3,pair3,L3,procthor-10k train house 44; 2 room(s); 460 reachable cells; L2 + 8 distractor objects; variant seed 1340,target=Bed; target swappable at L2=yes,objectnav,"SB3 PPO defaults; protocol v2 (held-out start poses, pinned eval poses, static scene); 150k env steps",150000,25,10000,28f0c5f,39573420,0.96,0.12,0.875,0.7122916686394483,0.0890000041312252,0.8750511791030428,29.4,177.04,6.021768707482993,complete,results/grid/ppo/pair3_seed3,
ppo-v2_pair4_L1_s3,2026-09-05,ppo,model-free on-policy,grid_150k,3,pair4,L1,procthor-10k train house 286; 2 room(s); 681 reachable cells; wall/floor materials + lighting + skybox changed; variant seed 1341,target=Television; target swappable at L2=yes,objectnav,"SB3 PPO defaults; protocol v2 (held-out start poses, pinned eval poses, static scene); 150k env steps",150000,25,10000,28f0c5f,39573420,0.92,0.12,0.8695652173913043,0.6916046319154019,0.1055550405652772,0.8473766141893208,33.12,176.68,5.334541062801933,complete,results/grid/ppo/pair4_seed3,
ppo-v2_pair4_L2_s3,2026-09-05,ppo,model-free on-policy,grid_150k,3,pair4,L2,"procthor-10k train house 286; 2 room(s); 681 reachable cells; L1 + every object's appearance changed, target included when swappable; variant seed 1341",target=Television; target swappable at L2=yes,objectnav,"SB3 PPO defaults; protocol v2 (held-out start poses, pinned eval poses, static scene); 150k env steps",150000,25,10000,28f0c5f,39573420,0.92,0.04,0.9565217391304347,0.6916046319154019,0.04,0.9421634874115579,33.12,192.12,5.80072463768116,complete,results/grid/ppo/pair4_seed3,
ppo-v2_pair4_L3_s3,2026-09-05,ppo,model-free on-policy,grid_150k,3,pair4,L3,procthor-10k train house 286; 2 room(s); 681 reachable cells; L2 + 8 distractor objects; variant seed 1341,target=Television; target swappable at L2=yes,objectnav,"SB3 PPO defaults; protocol v2 (held-out start poses, pinned eval poses, static scene); 150k env steps",150000,25,10000,28f0c5f,39573420,0.92,0.04,0.9565217391304347,0.6916046319154019,0.0399999819555645,0.9421635135022384,33.12,192.16,5.8019323671497585,complete,results/grid/ppo/pair4_seed3,
ppo-v2_pair0_L1_s4,2026-09-05,ppo,model-free on-policy,grid_150k,4,pair0,L1,procthor-10k train house 0; 1 room(s); 380 reachable cells; wall/floor materials + lighting + skybox changed; variant seed 1337,target=Fridge; target swappable at L2=yes,objectnav,"SB3 PPO defaults; protocol v2 (held-out start poses, pinned eval poses, static scene); 150k env steps",150000,25,10000,28f0c5f,39573420,0.84,0.8,0.04761904761904753,0.6675219297246605,0.5896433225459661,0.11666823771740024,40.8,49.8,1.2205882352941178,complete,results/grid/ppo/pair0_seed4,
ppo-v2_pair0_L2_s4,2026-09-05,ppo,model-free on-policy,grid_150k,4,pair0,L2,"procthor-10k train house 0; 1 room(s); 380 reachable cells; L1 + every object's appearance changed, target included when swappable; variant seed 1337",target=Fridge; target swappable at L2=yes,objectnav,"SB3 PPO defaults; protocol v2 (held-out start poses, pinned eval poses, static scene); 150k env steps",150000,25,10000,28f0c5f,39573420,0.84,0.32,0.6190476190476191,0.6675219297246605,0.2977777814040848,0.553905619959314,40.8,138.68,3.3990196078431376,complete,results/grid/ppo/pair0_seed4,
ppo-v2_pair0_L3_s4,2026-09-05,ppo,model-free on-policy,grid_150k,4,pair0,L3,procthor-10k train house 0; 1 room(s); 380 reachable cells; L2 + 4 distractor objects; variant seed 1337,target=Fridge; target swappable at L2=yes,objectnav,"SB3 PPO defaults; protocol v2 (held-out start poses, pinned eval poses, static scene); 150k env steps",150000,25,10000,28f0c5f,39573420,0.84,0.32,0.6190476190476191,0.6675219297246605,0.2777431413964738,0.583919075870605,40.8,139.24,3.412745098039216,complete,results/grid/ppo/pair0_seed4,
ppo-v2_pair1_L1_s4,2026-09-05,ppo,model-free on-policy,grid_150k,4,pair1,L1,procthor-10k train house 2; 1 room(s); 162 reachable cells; wall/floor materials + lighting + skybox changed; variant seed 1338,target=Bed; target swappable at L2=yes,objectnav,"SB3 PPO defaults; protocol v2 (held-out start poses, pinned eval poses, static scene); 150k env steps",150000,25,10000,28f0c5f,39573420,0.92,0.64,0.30434782608695654,0.6910614251183859,0.5179209778568509,0.2505427751691889,22.28,77.84,3.4937163375224416,complete,results/grid/ppo/pair1_seed4,
ppo-v2_pair1_L2_s4,2026-09-05,ppo,model-free on-policy,grid_150k,4,pair1,L2,"procthor-10k train house 2; 1 room(s); 162 reachable cells; L1 + every object's appearance changed, target included when swappable; variant seed 1338",target=Bed; target swappable at L2=yes,objectnav,"SB3 PPO defaults; protocol v2 (held-out start poses, pinned eval poses, static scene); 150k env steps",150000,25,10000,28f0c5f,39573420,0.92,0.28,0.6956521739130435,0.6910614251183859,0.28,0.594826176338763,22.28,145.8,6.543985637342908,complete,results/grid/ppo/pair1_seed4,
ppo-v2_pair1_L3_s4,2026-09-05,ppo,model-free on-policy,grid_150k,4,pair1,L3,procthor-10k train house 2; 1 room(s); 162 reachable cells; L2 + 2 distractor objects; variant seed 1338,target=Bed; target swappable at L2=yes,objectnav,"SB3 PPO defaults; protocol v2 (held-out start poses, pinned eval poses, static scene); 150k env steps",150000,25,10000,28f0c5f,39573420,0.92,0.2,0.7826086956521738,0.6910614251183859,0.2,0.7105901259562593,22.28,160.32,7.19569120287253,complete,results/grid/ppo/pair1_seed4,
ppo-v2_pair2_L1_s4,2026-09-05,ppo,model-free on-policy,grid_150k,4,pair2,L1,procthor-10k train house 250; 1 room(s); 128 reachable cells; wall/floor materials + lighting + skybox changed; variant seed 1339,target=Bed; target swappable at L2=no,objectnav,"SB3 PPO defaults; protocol v2 (held-out start poses, pinned eval poses, static scene); 150k env steps",150000,25,10000,28f0c5f,39573420,0.92,0.88,0.04347826086956525,0.6993809432427378,0.6577142778204447,0.05957649522033326,21.8,29.52,1.3541284403669724,complete,results/grid/ppo/pair2_seed4,
ppo-v2_pair2_L2_s4,2026-09-05,ppo,model-free on-policy,grid_150k,4,pair2,L2,"procthor-10k train house 250; 1 room(s); 128 reachable cells; L1 + every object's appearance changed, target included when swappable; variant seed 1339",target=Bed; target swappable at L2=no,objectnav,"SB3 PPO defaults; protocol v2 (held-out start poses, pinned eval poses, static scene); 150k env steps",150000,25,10000,28f0c5f,39573420,0.92,0.8,0.13043478260869565,0.6993809432427378,0.5777142778204446,0.1739633694595332,21.8,44.68,2.0495412844036696,complete,results/grid/ppo/pair2_seed4,
ppo-v2_pair2_L3_s4,2026-09-05,ppo,model-free on-policy,grid_150k,4,pair2,L3,procthor-10k train house 250; 1 room(s); 128 reachable cells; L2 + 5 distractor objects; variant seed 1339,target=Bed; target swappable at L2=no,objectnav,"SB3 PPO defaults; protocol v2 (held-out start poses, pinned eval poses, static scene); 150k env steps",150000,25,10000,28f0c5f,39573420,0.92,0.8,0.13043478260869565,0.6993809432427378,0.5777142778204446,0.1739633694595332,21.8,44.68,2.0495412844036696,complete,results/grid/ppo/pair2_seed4,
ppo-v2_pair3_L1_s4,2026-09-05,ppo,model-free on-policy,grid_150k,4,pair3,L1,procthor-10k train house 44; 2 room(s); 460 reachable cells; wall/floor materials + lighting + skybox changed; variant seed 1340,target=Bed; target swappable at L2=yes,objectnav,"SB3 PPO defaults; protocol v2 (held-out start poses, pinned eval poses, static scene); 150k env steps",150000,25,10000,28f0c5f,39573420,0.8,0.08,0.9,0.6041047045861183,0.0468181852324175,0.9224998830881587,57.88,185.28,3.2011057360055286,complete,results/grid/ppo/pair3_seed4,
ppo-v2_pair3_L2_s4,2026-09-05,ppo,model-free on-policy,grid_150k,4,pair3,L2,"procthor-10k train house 44; 2 room(s); 460 reachable cells; L1 + every object's appearance changed, target included when swappable; variant seed 1340",target=Bed; target swappable at L2=yes,objectnav,"SB3 PPO defaults; protocol v2 (held-out start poses, pinned eval poses, static scene); 150k env steps",150000,25,10000,28f0c5f,39573420,0.8,0.04,0.95,0.6041047045861183,0.025,0.958616445443629,57.88,192.56,3.326883206634416,complete,results/grid/ppo/pair3_seed4,
ppo-v2_pair3_L3_s4,2026-09-05,ppo,model-free on-policy,grid_150k,4,pair3,L3,procthor-10k train house 44; 2 room(s); 460 reachable cells; L2 + 8 distractor objects; variant seed 1340,target=Bed; target swappable at L2=yes,objectnav,"SB3 PPO defaults; protocol v2 (held-out start poses, pinned eval poses, static scene); 150k env steps",150000,25,10000,28f0c5f,39573420,0.8,0.04,0.95,0.6041047045861183,0.025,0.958616445443629,57.88,192.56,3.326883206634416,complete,results/grid/ppo/pair3_seed4,
ppo-v2_pair4_L1_s4,2026-09-05,ppo,model-free on-policy,grid_150k,4,pair4,L1,procthor-10k train house 286; 2 room(s); 681 reachable cells; wall/floor materials + lighting + skybox changed; variant seed 1341,target=Television; target swappable at L2=yes,objectnav,"SB3 PPO defaults; protocol v2 (held-out start poses, pinned eval poses, static scene); 150k env steps",150000,25,10000,28f0c5f,39573420,1.0,0.0,1.0,0.7727026426239975,0.0,1.0,21.04,200.0,9.505703422053232,complete,results/grid/ppo/pair4_seed4,
ppo-v2_pair4_L2_s4,2026-09-05,ppo,model-free on-policy,grid_150k,4,pair4,L2,"procthor-10k train house 286; 2 room(s); 681 reachable cells; L1 + every object's appearance changed, target included when swappable; variant seed 1341",target=Television; target swappable at L2=yes,objectnav,"SB3 PPO defaults; protocol v2 (held-out start poses, pinned eval poses, static scene); 150k env steps",150000,25,10000,28f0c5f,39573420,1.0,0.0,1.0,0.7727026426239975,0.0,1.0,21.04,200.0,9.505703422053232,complete,results/grid/ppo/pair4_seed4,
ppo-v2_pair4_L3_s4,2026-09-05,ppo,model-free on-policy,grid_150k,4,pair4,L3,procthor-10k train house 286; 2 room(s); 681 reachable cells; L2 + 8 distractor objects; variant seed 1341,target=Television; target swappable at L2=yes,objectnav,"SB3 PPO defaults; protocol v2 (held-out start poses, pinned eval poses, static scene); 150k env steps",150000,25,10000,28f0c5f,39573420,1.0,0.0,1.0,0.7727026426239975,0.0,1.0,21.04,200.0,9.505703422053232,complete,results/grid/ppo/pair4_seed4,
ppo_aug-v2_pair0_L1_s0,2026-09-05,ppo_aug,model-free on-policy + photometric augmentation,grid_150k,0,pair0,L1,procthor-10k train house 0; 1 room(s); 380 reachable cells; wall/floor materials + lighting + skybox changed; variant seed 1337,target=Fridge; target swappable at L2=yes,objectnav,"SB3 PPO defaults + photometric jitter (training only); protocol v2 (held-out start poses, pinned eval poses, static scene); 150k env steps",150000,25,10000,28f0c5f,39573421,1.0,0.76,0.24,0.8058850734917342,0.6041508389851468,0.250326307239461,15.56,61.28,3.9383033419023135,complete,results/grid/ppo_aug/pair0_seed0,
ppo_aug-v2_pair0_L2_s0,2026-09-05,ppo_aug,model-free on-policy + photometric augmentation,grid_150k,0,pair0,L2,"procthor-10k train house 0; 1 room(s); 380 reachable cells; L1 + every object's appearance changed, target included when swappable; variant seed 1337",target=Fridge; target swappable at L2=yes,objectnav,"SB3 PPO defaults + photometric jitter (training only); protocol v2 (held-out start poses, pinned eval poses, static scene); 150k env steps",150000,25,10000,28f0c5f,39573421,1.0,0.08,0.92,0.8058850734917342,0.08,0.9007302621285981,15.56,184.24,11.840616966580978,complete,results/grid/ppo_aug/pair0_seed0,
ppo_aug-v2_pair0_L3_s0,2026-09-05,ppo_aug,model-free on-policy + photometric augmentation,grid_150k,0,pair0,L3,procthor-10k train house 0; 1 room(s); 380 reachable cells; L2 + 4 distractor objects; variant seed 1337,target=Fridge; target swappable at L2=yes,objectnav,"SB3 PPO defaults + photometric jitter (training only); protocol v2 (held-out start poses, pinned eval poses, static scene); 150k env steps",150000,25,10000,28f0c5f,39573421,1.0,0.08,0.92,0.8058850734917342,0.08,0.9007302621285981,15.56,184.24,11.840616966580978,complete,results/grid/ppo_aug/pair0_seed0,
ppo_aug-v2_pair1_L1_s0,2026-09-05,ppo_aug,model-free on-policy + photometric augmentation,grid_150k,0,pair1,L1,procthor-10k train house 2; 1 room(s); 162 reachable cells; wall/floor materials + lighting + skybox changed; variant seed 1338,target=Bed; target swappable at L2=yes,objectnav,"SB3 PPO defaults + photometric jitter (training only); protocol v2 (held-out start poses, pinned eval poses, static scene); 150k env steps",150000,25,10000,28f0c5f,39573421,0.92,0.64,0.30434782608695654,0.6943947618377928,0.489533341068433,0.2950215526211219,25.28,78.76,3.115506329113924,complete,results/grid/ppo_aug/pair1_seed0,
ppo_aug-v2_pair1_L2_s0,2026-09-05,ppo_aug,model-free on-policy + photometric augmentation,grid_150k,0,pair1,L2,"procthor-10k train house 2; 1 room(s); 162 reachable cells; L1 + every object's appearance changed, target included when swappable; variant seed 1338",target=Bed; target swappable at L2=yes,objectnav,"SB3 PPO defaults + photometric jitter (training only); protocol v2 (held-out start poses, pinned eval poses, static scene); 150k env steps",150000,25,10000,28f0c5f,39573421,0.92,0.68,0.2608695652173913,0.6943947618377928,0.4802328864863937,0.30841516543787856,25.28,72.84,2.8813291139240507,complete,results/grid/ppo_aug/pair1_seed0,
ppo_aug-v2_pair1_L3_s0,2026-09-05,ppo_aug,model-free on-policy + photometric augmentation,grid_150k,0,pair1,L3,procthor-10k train house 2; 1 room(s); 162 reachable cells; L2 + 2 distractor objects; variant seed 1338,target=Bed; target swappable at L2=yes,objectnav,"SB3 PPO defaults + photometric jitter (training only); protocol v2 (held-out start poses, pinned eval poses, static scene); 150k env steps",150000,25,10000,28f0c5f,39573421,0.92,0.72,0.21739130434782614,0.6943947618377928,0.5132487603571384,0.260868905464136,25.28,66.6,2.6344936708860756,complete,results/grid/ppo_aug/pair1_seed0,
ppo_aug-v2_pair2_L1_s0,2026-09-05,ppo_aug,model-free on-policy + photometric augmentation,grid_150k,0,pair2,L1,procthor-10k train house 250; 1 room(s); 128 reachable cells; wall/floor materials + lighting + skybox changed; variant seed 1339,target=Bed; target swappable at L2=no,objectnav,"SB3 PPO defaults + photometric jitter (training only); protocol v2 (held-out start poses, pinned eval poses, static scene); 150k env steps",150000,25,10000,28f0c5f,39573421,0.88,0.88,0.0,0.6553333283061074,0.6553333283061074,0.0,30.8,30.84,1.0012987012987014,complete,results/grid/ppo_aug/pair2_seed0,
ppo_aug-v2_pair2_L2_s0,2026-09-05,ppo_aug,model-free on-policy + photometric augmentation,grid_150k,0,pair2,L2,"procthor-10k train house 250; 1 room(s); 128 reachable cells; L1 + every object's appearance changed, target included when swappable; variant seed 1339",target=Bed; target swappable at L2=no,objectnav,"SB3 PPO defaults + photometric jitter (training only); protocol v2 (held-out start poses, pinned eval poses, static scene); 150k env steps",150000,25,10000,28f0c5f,39573421,0.88,0.88,0.0,0.6553333283061074,0.6553333283061074,0.0,30.8,30.8,1.0,complete,results/grid/ppo_aug/pair2_seed0,
ppo_aug-v2_pair2_L3_s0,2026-09-05,ppo_aug,model-free on-policy + photometric augmentation,grid_150k,0,pair2,L3,procthor-10k train house 250; 1 room(s); 128 reachable cells; L2 + 5 distractor objects; variant seed 1339,target=Bed; target swappable at L2=no,objectnav,"SB3 PPO defaults + photometric jitter (training only); protocol v2 (held-out start poses, pinned eval poses, static scene); 150k env steps",150000,25,10000,28f0c5f,39573421,0.88,0.88,0.0,0.6553333283061074,0.6553333283061074,0.0,30.8,30.8,1.0,complete,results/grid/ppo_aug/pair2_seed0,
ppo_aug-v2_pair3_L1_s0,2026-09-05,ppo_aug,model-free on-policy + photometric augmentation,grid_150k,0,pair3,L1,procthor-10k train house 44; 2 room(s); 460 reachable cells; wall/floor materials + lighting + skybox changed; variant seed 1340,target=Bed; target swappable at L2=yes,objectnav,"SB3 PPO defaults + photometric jitter (training only); protocol v2 (held-out start poses, pinned eval poses, static scene); 150k env steps",150000,25,10000,28f0c5f,39573421,0.64,0.04,0.9375,0.4768505687580223,0.04,0.9161162791434186,85.4,192.16,2.250117096018735,complete,results/grid/ppo_aug/pair3_seed0,
ppo_aug-v2_pair3_L2_s0,2026-09-05,ppo_aug,model-free on-policy + photometric augmentation,grid_150k,0,pair3,L2,"procthor-10k train house 44; 2 room(s); 460 reachable cells; L1 + every object's appearance changed, target included when swappable; variant seed 1340",target=Bed; target swappable at L2=yes,objectnav,"SB3 PPO defaults + photometric jitter (training only); protocol v2 (held-out start poses, pinned eval poses, static scene); 150k env steps",150000,25,10000,28f0c5f,39573421,0.64,0.0,1.0,0.4768505687580223,0.0,1.0,85.4,200.0,2.34192037470726,complete,results/grid/ppo_aug/pair3_seed0,
ppo_aug-v2_pair3_L3_s0,2026-09-05,ppo_aug,model-free on-policy + photometric augmentation,grid_150k,0,pair3,L3,procthor-10k train house 44; 2 room(s); 460 reachable cells; L2 + 8 distractor objects; variant seed 1340,target=Bed; target swappable at L2=yes,objectnav,"SB3 PPO defaults + photometric jitter (training only); protocol v2 (held-out start poses, pinned eval poses, static scene); 150k env steps",150000,25,10000,28f0c5f,39573421,0.64,0.0,1.0,0.4768505687580223,0.0,1.0,85.4,200.0,2.34192037470726,complete,results/grid/ppo_aug/pair3_seed0,
ppo_aug-v2_pair4_L1_s0,2026-09-05,ppo_aug,model-free on-policy + photometric augmentation,grid_150k,0,pair4,L1,procthor-10k train house 286; 2 room(s); 681 reachable cells; wall/floor materials + lighting + skybox changed; variant seed 1341,target=Television; target swappable at L2=yes,objectnav,"SB3 PPO defaults + photometric jitter (training only); protocol v2 (held-out start poses, pinned eval poses, static scene); 150k env steps",150000,25,10000,28f0c5f,39573421,0.72,0.28,0.611111111111111,0.3954830187065187,0.159853229823239,0.5958025445793833,73.44,149.36,2.033769063180828,complete,results/grid/ppo_aug/pair4_seed0,
ppo_aug-v2_pair4_L2_s0,2026-09-05,ppo_aug,model-free on-policy + photometric augmentation,grid_150k,0,pair4,L2,"procthor-10k train house 286; 2 room(s); 681 reachable cells; L1 + every object's appearance changed, target included when swappable; variant seed 1341",target=Television; target swappable at L2=yes,objectnav,"SB3 PPO defaults + photometric jitter (training only); protocol v2 (held-out start poses, pinned eval poses, static scene); 150k env steps",150000,25,10000,28f0c5f,39573421,0.72,0.24,0.6666666666666666,0.3954830187065187,0.1570483403929605,0.6028948577701045,73.44,155.76,2.1209150326797386,complete,results/grid/ppo_aug/pair4_seed0,
ppo_aug-v2_pair4_L3_s0,2026-09-05,ppo_aug,model-free on-policy + photometric augmentation,grid_150k,0,pair4,L3,procthor-10k train house 286; 2 room(s); 681 reachable cells; L2 + 8 distractor objects; variant seed 1341,target=Television; target swappable at L2=yes,objectnav,"SB3 PPO defaults + photometric jitter (training only); protocol v2 (held-out start poses, pinned eval poses, static scene); 150k env steps",150000,25,10000,28f0c5f,39573421,0.72,0.24,0.6666666666666666,0.3954830187065187,0.1570483403929605,0.6028948577701045,73.44,155.76,2.1209150326797386,complete,results/grid/ppo_aug/pair4_seed0,
ppo_aug-v2_pair0_L1_s1,2026-09-05,ppo_aug,model-free on-policy + photometric augmentation,grid_150k,1,pair0,L1,procthor-10k train house 0; 1 room(s); 380 reachable cells; wall/floor materials + lighting + skybox changed; variant seed 1337,target=Fridge; target swappable at L2=yes,objectnav,"SB3 PPO defaults + photometric jitter (training only); protocol v2 (held-out start poses, pinned eval poses, static scene); 150k env steps",150000,25,10000,28f0c5f,39573421,1.0,0.52,0.48,0.7969658138693001,0.4225093615814742,0.46985259062722556,12.64,103.36,8.177215189873417,complete,results/grid/ppo_aug/pair0_seed1,
ppo_aug-v2_pair0_L2_s1,2026-09-05,ppo_aug,model-free on-policy + photometric augmentation,grid_150k,1,pair0,L2,"procthor-10k train house 0; 1 room(s); 380 reachable cells; L1 + every object's appearance changed, target included when swappable; variant seed 1337",target=Fridge; target swappable at L2=yes,objectnav,"SB3 PPO defaults + photometric jitter (training only); protocol v2 (held-out start poses, pinned eval poses, static scene); 150k env steps",150000,25,10000,28f0c5f,39573421,1.0,0.4,0.6,0.7969658138693001,0.2806333408359631,0.647872799620504,12.64,130.2,10.300632911392404,complete,results/grid/ppo_aug/pair0_seed1,
ppo_aug-v2_pair0_L3_s1,2026-09-05,ppo_aug,model-free on-policy + photometric augmentation,grid_150k,1,pair0,L3,procthor-10k train house 0; 1 room(s); 380 reachable cells; L2 + 4 distractor objects; variant seed 1337,target=Fridge; target swappable at L2=yes,objectnav,"SB3 PPO defaults + photometric jitter (training only); protocol v2 (held-out start poses, pinned eval poses, static scene); 150k env steps",150000,25,10000,28f0c5f,39573421,1.0,0.44,0.56,0.7969658138693001,0.2821515796030834,0.6459677759159751,12.64,126.6,10.015822784810126,complete,results/grid/ppo_aug/pair0_seed1,
ppo_aug-v2_pair1_L1_s1,2026-09-05,ppo_aug,model-free on-policy + photometric augmentation,grid_150k,1,pair1,L1,procthor-10k train house 2; 1 room(s); 162 reachable cells; wall/floor materials + lighting + skybox changed; variant seed 1338,target=Bed; target swappable at L2=yes,objectnav,"SB3 PPO defaults + photometric jitter (training only); protocol v2 (held-out start poses, pinned eval poses, static scene); 150k env steps",150000,25,10000,28f0c5f,39573421,1.0,0.44,0.56,0.715366285722604,0.3544595964608558,0.5045061480597873,10.12,114.24,11.288537549407115,complete,results/grid/ppo_aug/pair1_seed1,
ppo_aug-v2_pair1_L2_s1,2026-09-05,ppo_aug,model-free on-policy + photometric augmentation,grid_150k,1,pair1,L2,"procthor-10k train house 2; 1 room(s); 162 reachable cells; L1 + every object's appearance changed, target included when swappable; variant seed 1338",target=Bed; target swappable at L2=yes,objectnav,"SB3 PPO defaults + photometric jitter (training only); protocol v2 (held-out start poses, pinned eval poses, static scene); 150k env steps",150000,25,10000,28f0c5f,39573421,1.0,0.48,0.52,0.715366285722604,0.4255707050201433,0.4051009762218988,10.12,107.2,10.592885375494072,complete,results/grid/ppo_aug/pair1_seed1,
ppo_aug-v2_pair1_L3_s1,2026-09-05,ppo_aug,model-free on-policy + photometric augmentation,grid_150k,1,pair1,L3,procthor-10k train house 2; 1 room(s); 162 reachable cells; L2 + 2 distractor objects; variant seed 1338,target=Bed; target swappable at L2=yes,objectnav,"SB3 PPO defaults + photometric jitter (training only); protocol v2 (held-out start poses, pinned eval poses, static scene); 150k env steps",150000,25,10000,28f0c5f,39573421,1.0,0.32,0.6799999999999999,0.715366285722604,0.32,0.5526767106772967,10.12,137.84,13.620553359683797,complete,results/grid/ppo_aug/pair1_seed1,
ppo_aug-v2_pair2_L1_s1,2026-09-05,ppo_aug,model-free on-policy + photometric augmentation,grid_150k,1,pair2,L1,procthor-10k train house 250; 1 room(s); 128 reachable cells; wall/floor materials + lighting + skybox changed; variant seed 1339,target=Bed; target swappable at L2=no,objectnav,"SB3 PPO defaults + photometric jitter (training only); protocol v2 (held-out start poses, pinned eval poses, static scene); 150k env steps",150000,25,10000,28f0c5f,39573421,1.0,1.0,0.0,0.7803333283807581,0.7803333283807581,0.0,10.36,10.92,1.0540540540540542,complete,results/grid/ppo_aug/pair2_seed1,
ppo_aug-v2_pair2_L2_s1,2026-09-05,ppo_aug,model-free on-policy + photometric augmentation,grid_150k,1,pair2,L2,"procthor-10k train house 250; 1 room(s); 128 reachable cells; L1 + every object's appearance changed, target included when swappable; variant seed 1339",target=Bed; target swappable at L2=no,objectnav,"SB3 PPO defaults + photometric jitter (training only); protocol v2 (held-out start poses, pinned eval poses, static scene); 150k env steps",150000,25,10000,28f0c5f,39573421,1.0,0.96,0.040000000000000036,0.7803333283807581,0.7403333278923361,0.05126014618832773,10.36,18.4,1.776061776061776,complete,results/grid/ppo_aug/pair2_seed1,
ppo_aug-v2_pair2_L3_s1,2026-09-05,ppo_aug,model-free on-policy + photometric augmentation,grid_150k,1,pair2,L3,procthor-10k train house 250; 1 room(s); 128 reachable cells; L2 + 5 distractor objects; variant seed 1339,target=Bed; target swappable at L2=no,objectnav,"SB3 PPO defaults + photometric jitter (training only); protocol v2 (held-out start poses, pinned eval poses, static scene); 150k env steps",150000,25,10000,28f0c5f,39573421,1.0,0.96,0.040000000000000036,0.7803333283807581,0.7403333278923361,0.05126014618832773,10.36,18.4,1.776061776061776,complete,results/grid/ppo_aug/pair2_seed1,
ppo_aug-v2_pair3_L1_s1,2026-09-05,ppo_aug,model-free on-policy + photometric augmentation,grid_150k,1,pair3,L1,procthor-10k train house 44; 2 room(s); 460 reachable cells; wall/floor materials + lighting + skybox changed; variant seed 1340,target=Bed; target swappable at L2=yes,objectnav,"SB3 PPO defaults + photometric jitter (training only); protocol v2 (held-out start poses, pinned eval poses, static scene); 150k env steps",150000,25,10000,28f0c5f,39573421,0.68,0.24,0.6470588235294118,0.4837929758481016,0.166333331775207,0.6561890310961619,83.2,154.68,1.8591346153846153,complete,results/grid/ppo_aug/pair3_seed1,
ppo_aug-v2_pair3_L2_s1,2026-09-05,ppo_aug,model-free on-policy + photometric augmentation,grid_150k,1,pair3,L2,"procthor-10k train house 44; 2 room(s); 460 reachable cells; L1 + every object's appearance changed, target included when swappable; variant seed 1340",target=Bed; target swappable at L2=yes,objectnav,"SB3 PPO defaults + photometric jitter (training only); protocol v2 (held-out start poses, pinned eval poses, static scene); 150k env steps",150000,25,10000,28f0c5f,39573421,0.68,0.24,0.6470588235294118,0.4837929758481016,0.1641515125222662,0.6606988511263432,83.2,154.56,1.8576923076923078,complete,results/grid/ppo_aug/pair3_seed1,
ppo_aug-v2_pair3_L3_s1,2026-09-05,ppo_aug,model-free on-policy + photometric augmentation,grid_150k,1,pair3,L3,procthor-10k train house 44; 2 room(s); 460 reachable cells; L2 + 8 distractor objects; variant seed 1340,target=Bed; target swappable at L2=yes,objectnav,"SB3 PPO defaults + photometric jitter (training only); protocol v2 (held-out start poses, pinned eval poses, static scene); 150k env steps",150000,25,10000,28f0c5f,39573421,0.68,0.24,0.6470588235294118,0.4837929758481016,0.1641515125222662,0.6606988511263432,83.2,154.56,1.8576923076923078,complete,results/grid/ppo_aug/pair3_seed1,
ppo_aug-v2_pair4_L1_s1,2026-09-05,ppo_aug,model-free on-policy + photometric augmentation,grid_150k,1,pair4,L1,procthor-10k train house 286; 2 room(s); 681 reachable cells; wall/floor materials + lighting + skybox changed; variant seed 1341,target=Television; target swappable at L2=yes,objectnav,"SB3 PPO defaults + photometric jitter (training only); protocol v2 (held-out start poses, pinned eval poses, static scene); 150k env steps",150000,25,10000,28f0c5f,39573421,0.72,0.6,0.16666666666666666,0.4248357441305511,0.3466619003215326,0.18400957285033867,74.24,97.56,1.314116379310345,complete,results/grid/ppo_aug/pair4_seed1,
ppo_aug-v2_pair4_L2_s1,2026-09-05,ppo_aug,model-free on-policy + photometric augmentation,grid_150k,1,pair4,L2,"procthor-10k train house 286; 2 room(s); 681 reachable cells; L1 + every object's appearance changed, target included when swappable; variant seed 1341",target=Television; target swappable at L2=yes,objectnav,"SB3 PPO defaults + photometric jitter (training only); protocol v2 (held-out start poses, pinned eval poses, static scene); 150k env steps",150000,25,10000,28f0c5f,39573421,0.72,0.44,0.38888888888888884,0.4248357441305511,0.3019215141327502,0.28932177128680964,74.24,122.84,1.6546336206896552,complete,results/grid/ppo_aug/pair4_seed1,
ppo_aug-v2_pair4_L3_s1,2026-09-05,ppo_aug,model-free on-policy + photometric augmentation,grid_150k,1,pair4,L3,procthor-10k train house 286; 2 room(s); 681 reachable cells; L2 + 8 distractor objects; variant seed 1341,target=Television; target swappable at L2=yes,objectnav,"SB3 PPO defaults + photometric jitter (training only); protocol v2 (held-out start poses, pinned eval poses, static scene); 150k env steps",150000,25,10000,28f0c5f,39573421,0.72,0.44,0.38888888888888884,0.4248357441305511,0.2935668420727802,0.3089874236604541,74.24,123.08,1.657866379310345,complete,results/grid/ppo_aug/pair4_seed1,
ppo_aug-v2_pair0_L1_s2,2026-09-05,ppo_aug,model-free on-policy + photometric augmentation,grid_150k,2,pair0,L1,procthor-10k train house 0; 1 room(s); 380 reachable cells; wall/floor materials + lighting + skybox changed; variant seed 1337,target=Fridge; target swappable at L2=yes,objectnav,"SB3 PPO defaults + photometric jitter (training only); protocol v2 (held-out start poses, pinned eval poses, static scene); 150k env steps",150000,25,10000,28f0c5f,39573421,0.96,0.96,0.0,0.776795679497508,0.7746199681448362,0.002800879832492406,19.88,20.08,1.0100603621730382,complete,results/grid/ppo_aug/pair0_seed2,
ppo_aug-v2_pair0_L2_s2,2026-09-05,ppo_aug,model-free on-policy + photometric augmentation,grid_150k,2,pair0,L2,"procthor-10k train house 0; 1 room(s); 380 reachable cells; L1 + every object's appearance changed, target included when swappable; variant seed 1337",target=Fridge; target swappable at L2=yes,objectnav,"SB3 PPO defaults + photometric jitter (training only); protocol v2 (held-out start poses, pinned eval poses, static scene); 150k env steps",150000,25,10000,28f0c5f,39573421,0.96,0.92,0.04166666666666659,0.776795679497508,0.6909414360903847,0.11052358512428975,19.88,37.2,1.871227364185111,complete,results/grid/ppo_aug/pair0_seed2,
ppo_aug-v2_pair0_L3_s2,2026-09-05,ppo_aug,model-free on-policy + photometric augmentation,grid_150k,2,pair0,L3,procthor-10k train house 0; 1 room(s); 380 reachable cells; L2 + 4 distractor objects; variant seed 1337,target=Fridge; target swappable at L2=yes,objectnav,"SB3 PPO defaults + photometric jitter (training only); protocol v2 (held-out start poses, pinned eval poses, static scene); 150k env steps",150000,25,10000,28f0c5f,39573421,0.96,0.96,0.0,0.776795679497508,0.7309414362772806,0.059029992610012405,19.88,29.36,1.4768611670020122,complete,results/grid/ppo_aug/pair0_seed2,
ppo_aug-v2_pair1_L1_s2,2026-09-05,ppo_aug,model-free on-policy + photometric augmentation,grid_150k,2,pair1,L1,procthor-10k train house 2; 1 room(s); 162 reachable cells; wall/floor materials + lighting + skybox changed; variant seed 1338,target=Bed; target swappable at L2=yes,objectnav,"SB3 PPO defaults + photometric jitter (training only); protocol v2 (held-out start poses, pinned eval poses, static scene); 150k env steps",150000,25,10000,28f0c5f,39573421,0.92,0.36,0.6086956521739131,0.6943947583590659,0.2419993563982478,0.6514959920346751,24.88,130.84,5.258842443729904,complete,results/grid/ppo_aug/pair1_seed2,
ppo_aug-v2_pair1_L2_s2,2026-09-05,ppo_aug,model-free on-policy + photometric augmentation,grid_150k,2,pair1,L2,"procthor-10k train house 2; 1 room(s); 162 reachable cells; L1 + every object's appearance changed, target included when swappable; variant seed 1338",target=Bed; target swappable at L2=yes,objectnav,"SB3 PPO defaults + photometric jitter (training only); protocol v2 (held-out start poses, pinned eval poses, static scene); 150k env steps",150000,25,10000,28f0c5f,39573421,0.92,0.48,0.4782608695652174,0.6943947583590659,0.3928571379420228,0.43424524276308035,24.88,109.0,4.381028938906753,complete,results/grid/ppo_aug/pair1_seed2,
ppo_aug-v2_pair1_L3_s2,2026-09-05,ppo_aug,model-free on-policy + photometric augmentation,grid_150k,2,pair1,L3,procthor-10k train house 2; 1 room(s); 162 reachable cells; L2 + 2 distractor objects; variant seed 1338,target=Bed; target swappable at L2=yes,objectnav,"SB3 PPO defaults + photometric jitter (training only); protocol v2 (held-out start poses, pinned eval poses, static scene); 150k env steps",150000,25,10000,28f0c5f,39573421,0.92,0.4,0.5652173913043478,0.6943947583590659,0.3714285662730184,0.4651045938901577,24.88,124.0,4.983922829581994,complete,results/grid/ppo_aug/pair1_seed2,
ppo_aug-v2_pair2_L1_s2,2026-09-05,ppo_aug,model-free on-policy + photometric augmentation,grid_150k,2,pair2,L1,procthor-10k train house 250; 1 room(s); 128 reachable cells; wall/floor materials + lighting + skybox changed; variant seed 1339,target=Bed; target swappable at L2=no,objectnav,"SB3 PPO defaults + photometric jitter (training only); protocol v2 (held-out start poses, pinned eval poses, static scene); 150k env steps",150000,25,10000,28f0c5f,39573421,0.8,0.8,0.0,0.5707618999568126,0.573999996735208,-0.005673288246185295,48.16,48.44,1.005813953488372,complete,results/grid/ppo_aug/pair2_seed2,
ppo_aug-v2_pair2_L2_s2,2026-09-05,ppo_aug,model-free on-policy + photometric augmentation,grid_150k,2,pair2,L2,"procthor-10k train house 250; 1 room(s); 128 reachable cells; L1 + every object's appearance changed, target included when swappable; variant seed 1339",target=Bed; target swappable at L2=no,objectnav,"SB3 PPO defaults + photometric jitter (training only); protocol v2 (held-out start poses, pinned eval poses, static scene); 150k env steps",150000,25,10000,28f0c5f,39573421,0.8,0.8,0.0,0.5707618999568126,0.573999996735208,-0.005673288246185295,48.16,48.24,1.0016611295681064,complete,results/grid/ppo_aug/pair2_seed2,
ppo_aug-v2_pair2_L3_s2,2026-09-05,ppo_aug,model-free on-policy + photometric augmentation,grid_150k,2,pair2,L3,procthor-10k train house 250; 1 room(s); 128 reachable cells; L2 + 5 distractor objects; variant seed 1339,target=Bed; target swappable at L2=no,objectnav,"SB3 PPO defaults + photometric jitter (training only); protocol v2 (held-out start poses, pinned eval poses, static scene); 150k env steps",150000,25,10000,28f0c5f,39573421,0.8,0.8,0.0,0.5707618999568126,0.573999996735208,-0.005673288246185295,48.16,48.24,1.0016611295681064,complete,results/grid/ppo_aug/pair2_seed2,
ppo_aug-v2_pair3_L1_s2,2026-09-05,ppo_aug,model-free on-policy + photometric augmentation,grid_150k,2,pair3,L1,procthor-10k train house 44; 2 room(s); 460 reachable cells; wall/floor materials + lighting + skybox changed; variant seed 1340,target=Bed; target swappable at L2=yes,objectnav,"SB3 PPO defaults + photometric jitter (training only); protocol v2 (held-out start poses, pinned eval poses, static scene); 150k env steps",150000,25,10000,28f0c5f,39573421,0.32,0.12,0.625,0.1996589939438054,0.0640476157163181,0.679214973234091,140.68,177.2,1.259596246801251,complete,results/grid/ppo_aug/pair3_seed2,house-A success 0.32 < 0.5: left out of relative-drop comparisons (rule fixed 2026-09-05)
ppo_aug-v2_pair3_L2_s2,2026-09-05,ppo_aug,model-free on-policy + photometric augmentation,grid_150k,2,pair3,L2,"procthor-10k train house 44; 2 room(s); 460 reachable cells; L1 + every object's appearance changed, target included when swappable; variant seed 1340",target=Bed; target swappable at L2=yes,objectnav,"SB3 PPO defaults + photometric jitter (training only); protocol v2 (held-out start poses, pinned eval poses, static scene); 150k env steps",150000,25,10000,28f0c5f,39573421,0.32,0.12,0.625,0.1996589939438054,0.0595555567091236,0.7017136291596977,140.68,177.44,1.2613022462325845,complete,results/grid/ppo_aug/pair3_seed2,house-A success 0.32 < 0.5: left out of relative-drop comparisons (rule fixed 2026-09-05)
ppo_aug-v2_pair3_L3_s2,2026-09-05,ppo_aug,model-free on-policy + photometric augmentation,grid_150k,2,pair3,L3,procthor-10k train house 44; 2 room(s); 460 reachable cells; L2 + 8 distractor objects; variant seed 1340,target=Bed; target swappable at L2=yes,objectnav,"SB3 PPO defaults + photometric jitter (training only); protocol v2 (held-out start poses, pinned eval poses, static scene); 150k env steps",150000,25,10000,28f0c5f,39573421,0.32,0.12,0.625,0.1996589939438054,0.0595555567091236,0.7017136291596977,140.68,177.44,1.2613022462325845,complete,results/grid/ppo_aug/pair3_seed2,house-A success 0.32 < 0.5: left out of relative-drop comparisons (rule fixed 2026-09-05)
ppo_aug-v2_pair4_L1_s2,2026-09-05,ppo_aug,model-free on-policy + photometric augmentation,grid_150k,2,pair4,L1,procthor-10k train house 286; 2 room(s); 681 reachable cells; wall/floor materials + lighting + skybox changed; variant seed 1341,target=Television; target swappable at L2=yes,objectnav,"SB3 PPO defaults + photometric jitter (training only); protocol v2 (held-out start poses, pinned eval poses, static scene); 150k env steps",150000,25,10000,28f0c5f,39573421,0.76,0.48,0.368421052631579,0.4854882366933999,0.2783559246906601,0.42664743725510684,64.32,116.04,1.8041044776119406,complete,results/grid/ppo_aug/pair4_seed2,
ppo_aug-v2_pair4_L2_s2,2026-09-05,ppo_aug,model-free on-policy + photometric augmentation,grid_150k,2,pair4,L2,"procthor-10k train house 286; 2 room(s); 681 reachable cells; L1 + every object's appearance changed, target included when swappable; variant seed 1341",target=Television; target swappable at L2=yes,objectnav,"SB3 PPO defaults + photometric jitter (training only); protocol v2 (held-out start poses, pinned eval poses, static scene); 150k env steps",150000,25,10000,28f0c5f,39573421,0.76,0.52,0.3157894736842105,0.4854882366933999,0.2895317035296486,0.4036277675817378,64.32,108.52,1.6871890547263684,complete,results/grid/ppo_aug/pair4_seed2,
ppo_aug-v2_pair4_L3_s2,2026-09-05,ppo_aug,model-free on-policy + photometric augmentation,grid_150k,2,pair4,L3,procthor-10k train house 286; 2 room(s); 681 reachable cells; L2 + 8 distractor objects; variant seed 1341,target=Television; target swappable at L2=yes,objectnav,"SB3 PPO defaults + photometric jitter (training only); protocol v2 (held-out start poses, pinned eval poses, static scene); 150k env steps",150000,25,10000,28f0c5f,39573421,0.76,0.48,0.368421052631579,0.4854882366933999,0.2816870596694071,0.4197860249139244,64.32,115.08,1.7891791044776122,complete,results/grid/ppo_aug/pair4_seed2,
ppo_aug-v2_pair0_L1_s3,2026-09-05,ppo_aug,model-free on-policy + photometric augmentation,grid_150k,3,pair0,L1,procthor-10k train house 0; 1 room(s); 380 reachable cells; wall/floor materials + lighting + skybox changed; variant seed 1337,target=Fridge; target swappable at L2=yes,objectnav,"SB3 PPO defaults + photometric jitter (training only); protocol v2 (held-out start poses, pinned eval poses, static scene); 150k env steps",150000,25,10000,28f0c5f,39573421,1.0,0.24,0.76,0.8044084945948288,0.1913573705957399,0.7621141846691657,12.48,154.8,12.403846153846155,complete,results/grid/ppo_aug/pair0_seed3,
ppo_aug-v2_pair0_L2_s3,2026-09-05,ppo_aug,model-free on-policy + photometric augmentation,grid_150k,3,pair0,L2,"procthor-10k train house 0; 1 room(s); 380 reachable cells; L1 + every object's appearance changed, target included when swappable; variant seed 1337",target=Fridge; target swappable at L2=yes,objectnav,"SB3 PPO defaults + photometric jitter (training only); protocol v2 (held-out start poses, pinned eval poses, static scene); 150k env steps",150000,25,10000,28f0c5f,39573421,1.0,0.4,0.6,0.8044084945948288,0.3043617255308527,0.6216328798415335,12.48,126.96,10.173076923076922,complete,results/grid/ppo_aug/pair0_seed3,
ppo_aug-v2_pair0_L3_s3,2026-09-05,ppo_aug,model-free on-policy + photometric augmentation,grid_150k,3,pair0,L3,procthor-10k train house 0; 1 room(s); 380 reachable cells; L2 + 4 distractor objects; variant seed 1337,target=Fridge; target swappable at L2=yes,objectnav,"SB3 PPO defaults + photometric jitter (training only); protocol v2 (held-out start poses, pinned eval poses, static scene); 150k env steps",150000,25,10000,28f0c5f,39573421,1.0,0.36,0.64,0.8044084945948288,0.2675438467424199,0.6674030066313774,12.48,134.2,10.753205128205128,complete,results/grid/ppo_aug/pair0_seed3,
ppo_aug-v2_pair1_L1_s3,2026-09-05,ppo_aug,model-free on-policy + photometric augmentation,grid_150k,3,pair1,L1,procthor-10k train house 2; 1 room(s); 162 reachable cells; wall/floor materials + lighting + skybox changed; variant seed 1338,target=Bed; target swappable at L2=yes,objectnav,"SB3 PPO defaults + photometric jitter (training only); protocol v2 (held-out start poses, pinned eval poses, static scene); 150k env steps",150000,25,10000,28f0c5f,39573421,1.0,0.92,0.07999999999999996,0.717251897424006,0.6903947655579321,0.03744449050958337,9.2,24.36,2.6478260869565218,complete,results/grid/ppo_aug/pair1_seed3,
ppo_aug-v2_pair1_L2_s3,2026-09-05,ppo_aug,model-free on-policy + photometric augmentation,grid_150k,3,pair1,L2,"procthor-10k train house 2; 1 room(s); 162 reachable cells; L1 + every object's appearance changed, target included when swappable; variant seed 1338",target=Bed; target swappable at L2=yes,objectnav,"SB3 PPO defaults + photometric jitter (training only); protocol v2 (held-out start poses, pinned eval poses, static scene); 150k env steps",150000,25,10000,28f0c5f,39573421,1.0,0.96,0.040000000000000036,0.717251897424006,0.7024900027083265,0.02058118600828589,9.2,22.36,2.4304347826086956,complete,results/grid/ppo_aug/pair1_seed3,
ppo_aug-v2_pair1_L3_s3,2026-09-05,ppo_aug,model-free on-policy + photometric augmentation,grid_150k,3,pair1,L3,procthor-10k train house 2; 1 room(s); 162 reachable cells; L2 + 2 distractor objects; variant seed 1338,target=Bed; target swappable at L2=yes,objectnav,"SB3 PPO defaults + photometric jitter (training only); protocol v2 (held-out start poses, pinned eval poses, static scene); 150k env steps",150000,25,10000,28f0c5f,39573421,1.0,0.64,0.36,0.717251897424006,0.4797128350107449,0.3311794130714429,9.2,79.64,8.656521739130435,complete,results/grid/ppo_aug/pair1_seed3,
ppo_aug-v2_pair2_L1_s3,2026-09-05,ppo_aug,model-free on-policy + photometric augmentation,grid_150k,3,pair2,L1,procthor-10k train house 250; 1 room(s); 128 reachable cells; wall/floor materials + lighting + skybox changed; variant seed 1339,target=Bed; target swappable at L2=no,objectnav,"SB3 PPO defaults + photometric jitter (training only); protocol v2 (held-out start poses, pinned eval poses, static scene); 150k env steps",150000,25,10000,28f0c5f,39573421,0.96,0.96,0.0,0.7367619020886021,0.7369999969118014,-0.0003231638640981466,16.88,17.24,1.0213270142180095,complete,results/grid/ppo_aug/pair2_seed3,
ppo_aug-v2_pair2_L2_s3,2026-09-05,ppo_aug,model-free on-policy + photometric augmentation,grid_150k,3,pair2,L2,"procthor-10k train house 250; 1 room(s); 128 reachable cells; L1 + every object's appearance changed, target included when swappable; variant seed 1339",target=Bed; target swappable at L2=no,objectnav,"SB3 PPO defaults + photometric jitter (training only); protocol v2 (held-out start poses, pinned eval poses, static scene); 150k env steps",150000,25,10000,28f0c5f,39573421,0.96,0.92,0.04166666666666659,0.7367619020886021,0.6969999969118014,0.05396845991097279,16.88,24.48,1.4502369668246446,complete,results/grid/ppo_aug/pair2_seed3,
ppo_aug-v2_pair2_L3_s3,2026-09-05,ppo_aug,model-free on-policy + photometric augmentation,grid_150k,3,pair2,L3,procthor-10k train house 250; 1 room(s); 128 reachable cells; L2 + 5 distractor objects; variant seed 1339,target=Bed; target swappable at L2=no,objectnav,"SB3 PPO defaults + photometric jitter (training only); protocol v2 (held-out start poses, pinned eval poses, static scene); 150k env steps",150000,25,10000,28f0c5f,39573421,0.96,0.96,0.0,0.7367619020886021,0.7369999969118014,-0.0003231638640981466,16.88,17.24,1.0213270142180095,complete,results/grid/ppo_aug/pair2_seed3,
ppo_aug-v2_pair3_L1_s3,2026-09-05,ppo_aug,model-free on-policy + photometric augmentation,grid_150k,3,pair3,L1,procthor-10k train house 44; 2 room(s); 460 reachable cells; wall/floor materials + lighting + skybox changed; variant seed 1340,target=Bed; target swappable at L2=yes,objectnav,"SB3 PPO defaults + photometric jitter (training only); protocol v2 (held-out start poses, pinned eval poses, static scene); 150k env steps",150000,25,10000,28f0c5f,39573421,0.48,0.0,1.0,0.3710366333498437,0.0,1.0,113.08,200.0,1.7686593562079944,complete,results/grid/ppo_aug/pair3_seed3,house-A success 0.48 < 0.5: left out of relative-drop comparisons (rule fixed 2026-09-05)
ppo_aug-v2_pair3_L2_s3,2026-09-05,ppo_aug,model-free on-policy + photometric augmentation,grid_150k,3,pair3,L2,"procthor-10k train house 44; 2 room(s); 460 reachable cells; L1 + every object's appearance changed, target included when swappable; variant seed 1340",target=Bed; target swappable at L2=yes,objectnav,"SB3 PPO defaults + photometric jitter (training only); protocol v2 (held-out start poses, pinned eval poses, static scene); 150k env steps",150000,25,10000,28f0c5f,39573421,0.48,0.0,1.0,0.3710366333498437,0.0,1.0,113.08,200.0,1.7686593562079944,complete,results/grid/ppo_aug/pair3_seed3,house-A success 0.48 < 0.5: left out of relative-drop comparisons (rule fixed 2026-09-05)
ppo_aug-v2_pair3_L3_s3,2026-09-05,ppo_aug,model-free on-policy + photometric augmentation,grid_150k,3,pair3,L3,procthor-10k train house 44; 2 room(s); 460 reachable cells; L2 + 8 distractor objects; variant seed 1340,target=Bed; target swappable at L2=yes,objectnav,"SB3 PPO defaults + photometric jitter (training only); protocol v2 (held-out start poses, pinned eval poses, static scene); 150k env steps",150000,25,10000,28f0c5f,39573421,0.48,0.0,1.0,0.3710366333498437,0.0,1.0,113.08,200.0,1.7686593562079944,complete,results/grid/ppo_aug/pair3_seed3,house-A success 0.48 < 0.5: left out of relative-drop comparisons (rule fixed 2026-09-05)
ppo_aug-v2_pair4_L1_s3,2026-09-05,ppo_aug,model-free on-policy + photometric augmentation,grid_150k,3,pair4,L1,procthor-10k train house 286; 2 room(s); 681 reachable cells; wall/floor materials + lighting + skybox changed; variant seed 1341,target=Television; target swappable at L2=yes,objectnav,"SB3 PPO defaults + photometric jitter (training only); protocol v2 (held-out start poses, pinned eval poses, static scene); 150k env steps",150000,25,10000,28f0c5f,39573421,0.76,0.4,0.47368421052631576,0.4962663564642883,0.2175429824353289,0.5616406802483226,66.84,128.48,1.9222022740873725,complete,results/grid/ppo_aug/pair4_seed3,
ppo_aug-v2_pair4_L2_s3,2026-09-05,ppo_aug,model-free on-policy + photometric augmentation,grid_150k,3,pair4,L2,"procthor-10k train house 286; 2 room(s); 681 reachable cells; L1 + every object's appearance changed, target included when swappable; variant seed 1341",target=Television; target swappable at L2=yes,objectnav,"SB3 PPO defaults + photometric jitter (training only); protocol v2 (held-out start poses, pinned eval poses, static scene); 150k env steps",150000,25,10000,28f0c5f,39573421,0.76,0.08,0.8947368421052632,0.4962663564642883,0.0588455169373267,0.8814235215206226,66.84,185.44,2.774386594853381,complete,results/grid/ppo_aug/pair4_seed3,
ppo_aug-v2_pair4_L3_s3,2026-09-05,ppo_aug,model-free on-policy + photometric augmentation,grid_150k,3,pair4,L3,procthor-10k train house 286; 2 room(s); 681 reachable cells; L2 + 8 distractor objects; variant seed 1341,target=Television; target swappable at L2=yes,objectnav,"SB3 PPO defaults + photometric jitter (training only); protocol v2 (held-out start poses, pinned eval poses, static scene); 150k env steps",150000,25,10000,28f0c5f,39573421,0.76,0.08,0.8947368421052632,0.4962663564642883,0.0588455169373267,0.8814235215206226,66.84,185.44,2.774386594853381,complete,results/grid/ppo_aug/pair4_seed3,
ppo_aug-v2_pair0_L1_s4,2026-09-05,ppo_aug,model-free on-policy + photometric augmentation,grid_150k,4,pair0,L1,procthor-10k train house 0; 1 room(s); 380 reachable cells; wall/floor materials + lighting + skybox changed; variant seed 1337,target=Fridge; target swappable at L2=yes,objectnav,"SB3 PPO defaults + photometric jitter (training only); protocol v2 (held-out start poses, pinned eval poses, static scene); 150k env steps",150000,25,10000,28f0c5f,39573421,1.0,0.76,0.24,0.8072406460429329,0.5793502379171414,0.28230789572217757,12.44,60.2,4.839228295819936,complete,results/grid/ppo_aug/pair0_seed4,
ppo_aug-v2_pair0_L2_s4,2026-09-05,ppo_aug,model-free on-policy + photometric augmentation,grid_150k,4,pair0,L2,"procthor-10k train house 0; 1 room(s); 380 reachable cells; L1 + every object's appearance changed, target included when swappable; variant seed 1337",target=Fridge; target swappable at L2=yes,objectnav,"SB3 PPO defaults + photometric jitter (training only); protocol v2 (held-out start poses, pinned eval poses, static scene); 150k env steps",150000,25,10000,28f0c5f,39573421,1.0,0.68,0.31999999999999995,0.8072406460429329,0.4287012351137035,0.46893006786119745,12.44,80.44,6.466237942122187,complete,results/grid/ppo_aug/pair0_seed4,
ppo_aug-v2_pair0_L3_s4,2026-09-05,ppo_aug,model-free on-policy + photometric augmentation,grid_150k,4,pair0,L3,procthor-10k train house 0; 1 room(s); 380 reachable cells; L2 + 4 distractor objects; variant seed 1337,target=Fridge; target swappable at L2=yes,objectnav,"SB3 PPO defaults + photometric jitter (training only); protocol v2 (held-out start poses, pinned eval poses, static scene); 150k env steps",150000,25,10000,28f0c5f,39573421,1.0,0.68,0.31999999999999995,0.8072406460429329,0.4539740875403537,0.43762236234545454,12.44,79.88,6.421221864951768,complete,results/grid/ppo_aug/pair0_seed4,
ppo_aug-v2_pair1_L1_s4,2026-09-05,ppo_aug,model-free on-policy + photometric augmentation,grid_150k,4,pair1,L1,procthor-10k train house 2; 1 room(s); 162 reachable cells; wall/floor materials + lighting + skybox changed; variant seed 1338,target=Bed; target swappable at L2=yes,objectnav,"SB3 PPO defaults + photometric jitter (training only); protocol v2 (held-out start poses, pinned eval poses, static scene); 150k env steps",150000,25,10000,28f0c5f,39573421,0.96,0.4,0.5833333333333333,0.7098233418061242,0.3168098662145921,0.5536778694703404,15.48,123.08,7.9509043927648575,complete,results/grid/ppo_aug/pair1_seed4,
ppo_aug-v2_pair1_L2_s4,2026-09-05,ppo_aug,model-free on-policy + photometric augmentation,grid_150k,4,pair1,L2,"procthor-10k train house 2; 1 room(s); 162 reachable cells; L1 + every object's appearance changed, target included when swappable; variant seed 1338",target=Bed; target swappable at L2=yes,objectnav,"SB3 PPO defaults + photometric jitter (training only); protocol v2 (held-out start poses, pinned eval poses, static scene); 150k env steps",150000,25,10000,28f0c5f,39573421,0.96,0.32,0.6666666666666666,0.7098233418061242,0.2333676394282995,0.6712313815512144,15.48,139.96,9.041343669250645,complete,results/grid/ppo_aug/pair1_seed4,
ppo_aug-v2_pair1_L3_s4,2026-09-05,ppo_aug,model-free on-policy + photometric augmentation,grid_150k,4,pair1,L3,procthor-10k train house 2; 1 room(s); 162 reachable cells; L2 + 2 distractor objects; variant seed 1338,target=Bed; target swappable at L2=yes,objectnav,"SB3 PPO defaults + photometric jitter (training only); protocol v2 (held-out start poses, pinned eval poses, static scene); 150k env steps",150000,25,10000,28f0c5f,39573421,0.96,0.32,0.6666666666666666,0.7098233418061242,0.2683249043588616,0.6219835435728037,15.48,138.52,8.948320413436694,complete,results/grid/ppo_aug/pair1_seed4,
ppo_aug-v2_pair2_L1_s4,2026-09-05,ppo_aug,model-free on-policy + photometric augmentation,grid_150k,4,pair2,L1,procthor-10k train house 250; 1 room(s); 128 reachable cells; wall/floor materials + lighting + skybox changed; variant seed 1339,target=Bed; target swappable at L2=no,objectnav,"SB3 PPO defaults + photometric jitter (training only); protocol v2 (held-out start poses, pinned eval poses, static scene); 150k env steps",150000,25,10000,28f0c5f,39573421,0.84,0.8,0.04761904761904753,0.6536666614877761,0.6136666611605238,0.06119326972590338,39.8,47.24,1.1869346733668342,complete,results/grid/ppo_aug/pair2_seed4,
ppo_aug-v2_pair2_L2_s4,2026-09-05,ppo_aug,model-free on-policy + photometric augmentation,grid_150k,4,pair2,L2,"procthor-10k train house 250; 1 room(s); 128 reachable cells; L1 + every object's appearance changed, target included when swappable; variant seed 1339",target=Bed; target swappable at L2=no,objectnav,"SB3 PPO defaults + photometric jitter (training only); protocol v2 (held-out start poses, pinned eval poses, static scene); 150k env steps",150000,25,10000,28f0c5f,39573421,0.84,0.76,0.09523809523809519,0.6536666614877761,0.6069999967775175,0.07139214443649776,39.8,54.56,1.3708542713567842,complete,results/grid/ppo_aug/pair2_seed4,
ppo_aug-v2_pair2_L3_s4,2026-09-05,ppo_aug,model-free on-policy + photometric augmentation,grid_150k,4,pair2,L3,procthor-10k train house 250; 1 room(s); 128 reachable cells; L2 + 5 distractor objects; variant seed 1339,target=Bed; target swappable at L2=no,objectnav,"SB3 PPO defaults + photometric jitter (training only); protocol v2 (held-out start poses, pinned eval poses, static scene); 150k env steps",150000,25,10000,28f0c5f,39573421,0.84,0.76,0.09523809523809519,0.6536666614877761,0.6069999967775175,0.07139214443649776,39.8,54.56,1.3708542713567842,complete,results/grid/ppo_aug/pair2_seed4,
ppo_aug-v2_pair3_L1_s4,2026-09-05,ppo_aug,model-free on-policy + photometric augmentation,grid_150k,4,pair3,L1,procthor-10k train house 44; 2 room(s); 460 reachable cells; wall/floor materials + lighting + skybox changed; variant seed 1340,target=Bed; target swappable at L2=yes,objectnav,"SB3 PPO defaults + photometric jitter (training only); protocol v2 (held-out start poses, pinned eval poses, static scene); 150k env steps",150000,25,10000,28f0c5f,39573421,0.64,0.0,1.0,0.5020781927304789,0.0,1.0,82.04,200.0,2.4378352023403216,complete,results/grid/ppo_aug/pair3_seed4,
ppo_aug-v2_pair3_L2_s4,2026-09-05,ppo_aug,model-free on-policy + photometric augmentation,grid_150k,4,pair3,L2,"procthor-10k train house 44; 2 room(s); 460 reachable cells; L1 + every object's appearance changed, target included when swappable; variant seed 1340",target=Bed; target swappable at L2=yes,objectnav,"SB3 PPO defaults + photometric jitter (training only); protocol v2 (held-out start poses, pinned eval poses, static scene); 150k env steps",150000,25,10000,28f0c5f,39573421,0.64,0.0,1.0,0.5020781927304789,0.0,1.0,82.04,200.0,2.4378352023403216,complete,results/grid/ppo_aug/pair3_seed4,
ppo_aug-v2_pair3_L3_s4,2026-09-05,ppo_aug,model-free on-policy + photometric augmentation,grid_150k,4,pair3,L3,procthor-10k train house 44; 2 room(s); 460 reachable cells; L2 + 8 distractor objects; variant seed 1340,target=Bed; target swappable at L2=yes,objectnav,"SB3 PPO defaults + photometric jitter (training only); protocol v2 (held-out start poses, pinned eval poses, static scene); 150k env steps",150000,25,10000,28f0c5f,39573421,0.64,0.0,1.0,0.5020781927304789,0.0,1.0,82.04,200.0,2.4378352023403216,complete,results/grid/ppo_aug/pair3_seed4,
ppo_aug-v2_pair4_L1_s4,2026-09-05,ppo_aug,model-free on-policy + photometric augmentation,grid_150k,4,pair4,L1,procthor-10k train house 286; 2 room(s); 681 reachable cells; wall/floor materials + lighting + skybox changed; variant seed 1341,target=Television; target swappable at L2=yes,objectnav,"SB3 PPO defaults + photometric jitter (training only); protocol v2 (held-out start poses, pinned eval poses, static scene); 150k env steps",150000,25,10000,28f0c5f,39573421,0.92,0.64,0.30434782608695654,0.6289438305792607,0.3869804550478259,0.38471380712739517,35.76,87.04,2.434004474272931,complete,results/grid/ppo_aug/pair4_seed4,
ppo_aug-v2_pair4_L2_s4,2026-09-05,ppo_aug,model-free on-policy + photometric augmentation,grid_150k,4,pair4,L2,"procthor-10k train house 286; 2 room(s); 681 reachable cells; L1 + every object's appearance changed, target included when swappable; variant seed 1341",target=Television; target swappable at L2=yes,objectnav,"SB3 PPO defaults + photometric jitter (training only); protocol v2 (held-out start poses, pinned eval poses, static scene); 150k env steps",150000,25,10000,28f0c5f,39573421,0.92,0.48,0.4782608695652174,0.6289438305792607,0.2958161858763154,0.5296619960420518,35.76,113.2,3.1655480984340048,complete,results/grid/ppo_aug/pair4_seed4,
ppo_aug-v2_pair4_L3_s4,2026-09-05,ppo_aug,model-free on-policy + photometric augmentation,grid_150k,4,pair4,L3,procthor-10k train house 286; 2 room(s); 681 reachable cells; L2 + 8 distractor objects; variant seed 1341,target=Television; target swappable at L2=yes,objectnav,"SB3 PPO defaults + photometric jitter (training only); protocol v2 (held-out start poses, pinned eval poses, static scene); 150k env steps",150000,25,10000,28f0c5f,39573421,0.92,0.44,0.5217391304347826,0.6289438305792607,0.2612143245839486,0.5846778171854095,35.76,120.2,3.3612975391498883,complete,results/grid/ppo_aug/pair4_seed4,
tdmpc2-v2_pair0_L1_s0,2026-09-05,tdmpc2,decoder-free latent world model + planner,grid_150k,0,pair0,L1,procthor-10k train house 0; 1 room(s); 380 reachable cells; wall/floor materials + lighting + skybox changed; variant seed 1337,target=Fridge; target swappable at L2=yes,objectnav,"TD-MPC2 upstream defaults; protocol v2 (held-out start poses, pinned eval poses, static scene); 150k env steps",150000,25,10000,28f0c5f,39573423,1.0,1.0,0.0,0.8185929637211884,0.6774633998628034,0.1724050536872848,18.56,53.96,2.907327586206897,complete,results/grid/tdmpc2/pair0_seed0,
tdmpc2-v2_pair0_L2_s0,2026-09-05,tdmpc2,decoder-free latent world model + planner,grid_150k,0,pair0,L2,"procthor-10k train house 0; 1 room(s); 380 reachable cells; L1 + every object's appearance changed, target included when swappable; variant seed 1337",target=Fridge; target swappable at L2=yes,objectnav,"TD-MPC2 upstream defaults; protocol v2 (held-out start poses, pinned eval poses, static scene); 150k env steps",150000,25,10000,28f0c5f,39573423,1.0,0.68,0.31999999999999995,0.8185929637211884,0.4557013971943469,0.4433113679321117,18.56,106.2,5.72198275862069,complete,results/grid/tdmpc2/pair0_seed0,
tdmpc2-v2_pair0_L3_s0,2026-09-05,tdmpc2,decoder-free latent world model + planner,grid_150k,0,pair0,L3,procthor-10k train house 0; 1 room(s); 380 reachable cells; L2 + 4 distractor objects; variant seed 1337,target=Fridge; target swappable at L2=yes,objectnav,"TD-MPC2 upstream defaults; protocol v2 (held-out start poses, pinned eval poses, static scene); 150k env steps",150000,25,10000,28f0c5f,39573423,1.0,0.52,0.48,0.8185929637211884,0.348894646010583,0.5737873870494005,18.56,124.08,6.685344827586207,complete,results/grid/tdmpc2/pair0_seed0,
tdmpc2-v2_pair1_L1_s0,2026-09-05,tdmpc2,decoder-free latent world model + planner,grid_150k,0,pair1,L1,procthor-10k train house 2; 1 room(s); 162 reachable cells; wall/floor materials + lighting + skybox changed; variant seed 1338,target=Bed; target swappable at L2=yes,objectnav,"TD-MPC2 upstream defaults; protocol v2 (held-out start poses, pinned eval poses, static scene); 150k env steps",150000,25,10000,28f0c5f,39573423,1.0,0.48,0.52,0.7128902670789149,0.3299387980183603,0.5371815084945787,9.8,131.64,13.432653061224487,complete,results/grid/tdmpc2/pair1_seed0,
tdmpc2-v2_pair1_L2_s0,2026-09-05,tdmpc2,decoder-free latent world model + planner,grid_150k,0,pair1,L2,"procthor-10k train house 2; 1 room(s); 162 reachable cells; L1 + every object's appearance changed, target included when swappable; variant seed 1338",target=Bed; target swappable at L2=yes,objectnav,"TD-MPC2 upstream defaults; protocol v2 (held-out start poses, pinned eval poses, static scene); 150k env steps",150000,25,10000,28f0c5f,39573423,1.0,0.52,0.48,0.7128902670789149,0.3845055862635639,0.4606384684713331,9.8,120.2,12.26530612244898,complete,results/grid/tdmpc2/pair1_seed0,
tdmpc2-v2_pair1_L3_s0,2026-09-05,tdmpc2,decoder-free latent world model + planner,grid_150k,0,pair1,L3,procthor-10k train house 2; 1 room(s); 162 reachable cells; L2 + 2 distractor objects; variant seed 1338,target=Bed; target swappable at L2=yes,objectnav,"TD-MPC2 upstream defaults; protocol v2 (held-out start poses, pinned eval poses, static scene); 150k env steps",150000,25,10000,28f0c5f,39573423,1.0,0.4,0.6,0.7128902670789149,0.3653333334123247,0.4875321626857288,9.8,138.68,14.151020408163266,complete,results/grid/tdmpc2/pair1_seed0,
tdmpc2-v2_pair2_L1_s0,2026-09-05,tdmpc2,decoder-free latent world model + planner,grid_150k,0,pair2,L1,procthor-10k train house 250; 1 room(s); 128 reachable cells; wall/floor materials + lighting + skybox changed; variant seed 1339,target=Bed; target swappable at L2=no,objectnav,"TD-MPC2 upstream defaults; protocol v2 (held-out start poses, pinned eval poses, static scene); 150k env steps",150000,25,10000,28f0c5f,39573423,1.0,0.8,0.19999999999999996,0.7742222170398666,0.5649696956219324,0.2702744984740721,12.28,64.36,5.241042345276873,complete,results/grid/tdmpc2/pair2_seed0,
tdmpc2-v2_pair2_L2_s0,2026-09-05,tdmpc2,decoder-free latent world model + planner,grid_150k,0,pair2,L2,"procthor-10k train house 250; 1 room(s); 128 reachable cells; L1 + every object's appearance changed, target included when swappable; variant seed 1339",target=Bed; target swappable at L2=no,objectnav,"TD-MPC2 upstream defaults; protocol v2 (held-out start poses, pinned eval poses, static scene); 150k env steps",150000,25,10000,28f0c5f,39573423,1.0,0.84,0.16000000000000003,0.7742222170398666,0.6459999964819941,0.1656142354686135,12.28,70.8,5.765472312703583,complete,results/grid/tdmpc2/pair2_seed0,
tdmpc2-v2_pair2_L3_s0,2026-09-05,tdmpc2,decoder-free latent world model + planner,grid_150k,0,pair2,L3,procthor-10k train house 250; 1 room(s); 128 reachable cells; L2 + 5 distractor objects; variant seed 1339,target=Bed; target swappable at L2=no,objectnav,"TD-MPC2 upstream defaults; protocol v2 (held-out start poses, pinned eval poses, static scene); 150k env steps",150000,25,10000,28f0c5f,39573423,1.0,0.88,0.12,0.7742222170398666,0.6476883086377445,0.16343357968453462,12.28,60.88,4.957654723127036,complete,results/grid/tdmpc2/pair2_seed0,
tdmpc2-v2_pair3_L1_s0,2026-09-05,tdmpc2,decoder-free latent world model + planner,grid_150k,0,pair3,L1,procthor-10k train house 44; 2 room(s); 460 reachable cells; wall/floor materials + lighting + skybox changed; variant seed 1340,target=Bed; target swappable at L2=yes,objectnav,"TD-MPC2 upstream defaults; protocol v2 (held-out start poses, pinned eval poses, static scene); 150k env steps",150000,25,10000,28f0c5f,39573423,0.92,0.2,0.7826086956521738,0.6844443512841444,0.1442857147800783,0.7891929204918243,40.4,171.2,4.237623762376238,complete,results/grid/tdmpc2/pair3_seed0,
tdmpc2-v2_pair3_L2_s0,2026-09-05,tdmpc2,decoder-free latent world model + planner,grid_150k,0,pair3,L2,"procthor-10k train house 44; 2 room(s); 460 reachable cells; L1 + every object's appearance changed, target included when swappable; variant seed 1340",target=Bed; target swappable at L2=yes,objectnav,"TD-MPC2 upstream defaults; protocol v2 (held-out start poses, pinned eval poses, static scene); 150k env steps",150000,25,10000,28f0c5f,39573423,0.92,0.2,0.7826086956521738,0.6844443512841444,0.1411111090325956,0.7938311438061473,40.4,177.04,4.3821782178217825,complete,results/grid/tdmpc2/pair3_seed0,
tdmpc2-v2_pair3_L3_s0,2026-09-05,tdmpc2,decoder-free latent world model + planner,grid_150k,0,pair3,L3,procthor-10k train house 44; 2 room(s); 460 reachable cells; L2 + 8 distractor objects; variant seed 1340,target=Bed; target swappable at L2=yes,objectnav,"TD-MPC2 upstream defaults; protocol v2 (held-out start poses, pinned eval poses, static scene); 150k env steps",150000,25,10000,28f0c5f,39573423,0.92,0.16,0.8260869565217391,0.6844443512841444,0.1457142843250255,0.7871057244440128,40.4,178.4,4.415841584158416,complete,results/grid/tdmpc2/pair3_seed0,
tdmpc2-v2_pair4_L1_s0,2026-09-05,tdmpc2,decoder-free latent world model + planner,grid_150k,0,pair4,L1,procthor-10k train house 286; 2 room(s); 681 reachable cells; wall/floor materials + lighting + skybox changed; variant seed 1341,target=Television; target swappable at L2=yes,objectnav,"TD-MPC2 upstream defaults; protocol v2 (held-out start poses, pinned eval poses, static scene); 150k env steps",150000,25,10000,28f0c5f,39573423,1.0,0.72,0.28,0.8051957206375076,0.4777787750471897,0.4066302604428747,20.2,90.92,4.500990099009901,complete,results/grid/tdmpc2/pair4_seed0,
tdmpc2-v2_pair4_L2_s0,2026-09-05,tdmpc2,decoder-free latent world model + planner,grid_150k,0,pair4,L2,"procthor-10k train house 286; 2 room(s); 681 reachable cells; L1 + every object's appearance changed, target included when swappable; variant seed 1341",target=Television; target swappable at L2=yes,objectnav,"TD-MPC2 upstream defaults; protocol v2 (held-out start poses, pinned eval poses, static scene); 150k env steps",150000,25,10000,28f0c5f,39573423,1.0,0.6,0.4,0.8051957206375076,0.3392683483567335,0.5786510786618185,20.2,121.04,5.992079207920793,complete,results/grid/tdmpc2/pair4_seed0,
tdmpc2-v2_pair4_L3_s0,2026-09-05,tdmpc2,decoder-free latent world model + planner,grid_150k,0,pair4,L3,procthor-10k train house 286; 2 room(s); 681 reachable cells; L2 + 8 distractor objects; variant seed 1341,target=Television; target swappable at L2=yes,objectnav,"TD-MPC2 upstream defaults; protocol v2 (held-out start poses, pinned eval poses, static scene); 150k env steps",150000,25,10000,28f0c5f,39573423,1.0,0.48,0.52,0.8051957206375076,0.2364917354789864,0.706292855988174,20.2,145.8,7.217821782178219,complete,results/grid/tdmpc2/pair4_seed0,
tdmpc2-v2_pair0_L1_s1,2026-09-05,tdmpc2,decoder-free latent world model + planner,grid_150k,1,pair0,L1,procthor-10k train house 0; 1 room(s); 380 reachable cells; wall/floor materials + lighting + skybox changed; variant seed 1337,target=Fridge; target swappable at L2=yes,objectnav,"TD-MPC2 upstream defaults; protocol v2 (held-out start poses, pinned eval poses, static scene); 150k env steps",150000,25,10000,28f0c5f,39573423,1.0,0.92,0.07999999999999996,0.8189091959337139,0.6233378029611019,0.23881938796599184,14.84,66.0,4.447439353099731,complete,results/grid/tdmpc2/pair0_seed1,
tdmpc2-v2_pair0_L2_s1,2026-09-05,tdmpc2,decoder-free latent world model + planner,grid_150k,1,pair0,L2,"procthor-10k train house 0; 1 room(s); 380 reachable cells; L1 + every object's appearance changed, target included when swappable; variant seed 1337",target=Fridge; target swappable at L2=yes,objectnav,"TD-MPC2 upstream defaults; protocol v2 (held-out start poses, pinned eval poses, static scene); 150k env steps",150000,25,10000,28f0c5f,39573423,1.0,0.52,0.48,0.8189091959337139,0.3894810400932658,0.5243904427655346,14.84,126.8,8.544474393530997,complete,results/grid/tdmpc2/pair0_seed1,
tdmpc2-v2_pair0_L3_s1,2026-09-05,tdmpc2,decoder-free latent world model + planner,grid_150k,1,pair0,L3,procthor-10k train house 0; 1 room(s); 380 reachable cells; L2 + 4 distractor objects; variant seed 1337,target=Fridge; target swappable at L2=yes,objectnav,"TD-MPC2 upstream defaults; protocol v2 (held-out start poses, pinned eval poses, static scene); 150k env steps",150000,25,10000,28f0c5f,39573423,1.0,0.52,0.48,0.8189091959337139,0.3679762383567022,0.5506507434720664,14.84,126.04,8.493261455525607,complete,results/grid/tdmpc2/pair0_seed1,
tdmpc2-v2_pair1_L1_s1,2026-09-05,tdmpc2,decoder-free latent world model + planner,grid_150k,1,pair1,L1,procthor-10k train house 2; 1 room(s); 162 reachable cells; wall/floor materials + lighting + skybox changed; variant seed 1338,target=Bed; target swappable at L2=yes,objectnav,"TD-MPC2 upstream defaults; protocol v2 (held-out start poses, pinned eval poses, static scene); 150k env steps",150000,25,10000,28f0c5f,39573423,1.0,0.56,0.43999999999999995,0.7137949281609446,0.4010747268648418,0.43810930697113537,8.52,115.32,13.535211267605634,complete,results/grid/tdmpc2/pair1_seed1,
tdmpc2-v2_pair1_L2_s1,2026-09-05,tdmpc2,decoder-free latent world model + planner,grid_150k,1,pair1,L2,"procthor-10k train house 2; 1 room(s); 162 reachable cells; L1 + every object's appearance changed, target included when swappable; variant seed 1338",target=Bed; target swappable at L2=yes,objectnav,"TD-MPC2 upstream defaults; protocol v2 (held-out start poses, pinned eval poses, static scene); 150k env steps",150000,25,10000,28f0c5f,39573423,1.0,0.56,0.43999999999999995,0.7137949281609446,0.4677422861095766,0.34471054968870374,8.52,109.56,12.859154929577466,complete,results/grid/tdmpc2/pair1_seed1,
tdmpc2-v2_pair1_L3_s1,2026-09-05,tdmpc2,decoder-free latent world model + planner,grid_150k,1,pair1,L3,procthor-10k train house 2; 1 room(s); 162 reachable cells; L2 + 2 distractor objects; variant seed 1338,target=Bed; target swappable at L2=yes,objectnav,"TD-MPC2 upstream defaults; protocol v2 (held-out start poses, pinned eval poses, static scene); 150k env steps",150000,25,10000,28f0c5f,39573423,1.0,0.56,0.43999999999999995,0.7137949281609446,0.384951741374516,0.46069700667904145,8.52,109.8,12.887323943661972,complete,results/grid/tdmpc2/pair1_seed1,
tdmpc2-v2_pair2_L1_s1,2026-09-05,tdmpc2,decoder-free latent world model + planner,grid_150k,1,pair2,L1,procthor-10k train house 250; 1 room(s); 128 reachable cells; wall/floor materials + lighting + skybox changed; variant seed 1339,target=Bed; target swappable at L2=no,objectnav,"TD-MPC2 upstream defaults; protocol v2 (held-out start poses, pinned eval poses, static scene); 150k env steps",150000,25,10000,28f0c5f,39573423,1.0,1.0,0.0,0.7777142776964017,0.7756666595198314,0.002632866896356018,10.96,16.96,1.5474452554744524,complete,results/grid/tdmpc2/pair2_seed1,
tdmpc2-v2_pair2_L2_s1,2026-09-05,tdmpc2,decoder-free latent world model + planner,grid_150k,1,pair2,L2,"procthor-10k train house 250; 1 room(s); 128 reachable cells; L1 + every object's appearance changed, target included when swappable; variant seed 1339",target=Bed; target swappable at L2=no,objectnav,"TD-MPC2 upstream defaults; protocol v2 (held-out start poses, pinned eval poses, static scene); 150k env steps",150000,25,10000,28f0c5f,39573423,1.0,1.0,0.0,0.7777142776964017,0.7754285652183961,0.0029390131357442486,10.96,21.24,1.9379562043795617,complete,results/grid/tdmpc2/pair2_seed1,
tdmpc2-v2_pair2_L3_s1,2026-09-05,tdmpc2,decoder-free latent world model + planner,grid_150k,1,pair2,L3,procthor-10k train house 250; 1 room(s); 128 reachable cells; L2 + 5 distractor objects; variant seed 1339,target=Bed; target swappable at L2=no,objectnav,"TD-MPC2 upstream defaults; protocol v2 (held-out start poses, pinned eval poses, static scene); 150k env steps",150000,25,10000,28f0c5f,39573423,1.0,0.96,0.040000000000000036,0.7777142776964017,0.7337618980175868,0.05651481648119186,10.96,28.24,2.576642335766423,complete,results/grid/tdmpc2/pair2_seed1,
tdmpc2-v2_pair3_L1_s1,2026-09-05,tdmpc2,decoder-free latent world model + planner,grid_150k,1,pair3,L1,procthor-10k train house 44; 2 room(s); 460 reachable cells; wall/floor materials + lighting + skybox changed; variant seed 1340,target=Bed; target swappable at L2=yes,objectnav,"TD-MPC2 upstream defaults; protocol v2 (held-out start poses, pinned eval poses, static scene); 150k env steps",150000,25,10000,28f0c5f,39573423,1.0,0.16,0.84,0.7528105056464561,0.1112727237737885,0.8521902617734645,33.08,178.68,5.401451027811367,complete,results/grid/tdmpc2/pair3_seed1,
tdmpc2-v2_pair3_L2_s1,2026-09-05,tdmpc2,decoder-free latent world model + planner,grid_150k,1,pair3,L2,"procthor-10k train house 44; 2 room(s); 460 reachable cells; L1 + every object's appearance changed, target included when swappable; variant seed 1340",target=Bed; target swappable at L2=yes,objectnav,"TD-MPC2 upstream defaults; protocol v2 (held-out start poses, pinned eval poses, static scene); 150k env steps",150000,25,10000,28f0c5f,39573423,1.0,0.16,0.84,0.7528105056464561,0.1272727270708999,0.8309365688758451,33.08,178.44,5.394195888754535,complete,results/grid/tdmpc2/pair3_seed1,
tdmpc2-v2_pair3_L3_s1,2026-09-05,tdmpc2,decoder-free latent world model + planner,grid_150k,1,pair3,L3,procthor-10k train house 44; 2 room(s); 460 reachable cells; L2 + 8 distractor objects; variant seed 1340,target=Bed; target swappable at L2=yes,objectnav,"TD-MPC2 upstream defaults; protocol v2 (held-out start poses, pinned eval poses, static scene); 150k env steps",150000,25,10000,28f0c5f,39573423,1.0,0.16,0.84,0.7528105056464561,0.1111764685692002,0.8523181229069986,33.08,182.44,5.515114873035067,complete,results/grid/tdmpc2/pair3_seed1,
tdmpc2-v2_pair4_L1_s1,2026-09-05,tdmpc2,decoder-free latent world model + planner,grid_150k,1,pair4,L1,procthor-10k train house 286; 2 room(s); 681 reachable cells; wall/floor materials + lighting + skybox changed; variant seed 1341,target=Television; target swappable at L2=yes,objectnav,"TD-MPC2 upstream defaults; protocol v2 (held-out start poses, pinned eval poses, static scene); 150k env steps",150000,25,10000,28f0c5f,39573423,0.96,0.84,0.125,0.7720380421327389,0.6022029878199551,0.21998275349698834,26.4,62.68,2.3742424242424245,complete,results/grid/tdmpc2/pair4_seed1,
tdmpc2-v2_pair4_L2_s1,2026-09-05,tdmpc2,decoder-free latent world model + planner,grid_150k,1,pair4,L2,"procthor-10k train house 286; 2 room(s); 681 reachable cells; L1 + every object's appearance changed, target included when swappable; variant seed 1341",target=Television; target swappable at L2=yes,objectnav,"TD-MPC2 upstream defaults; protocol v2 (held-out start poses, pinned eval poses, static scene); 150k env steps",150000,25,10000,28f0c5f,39573423,0.96,0.72,0.25,0.7720380421327389,0.4423859286785424,0.42698946873594396,26.4,100.44,3.8045454545454547,complete,results/grid/tdmpc2/pair4_seed1,
tdmpc2-v2_pair4_L3_s1,2026-09-05,tdmpc2,decoder-free latent world model + planner,grid_150k,1,pair4,L3,procthor-10k train house 286; 2 room(s); 681 reachable cells; L2 + 8 distractor objects; variant seed 1341,target=Television; target swappable at L2=yes,objectnav,"TD-MPC2 upstream defaults; protocol v2 (held-out start poses, pinned eval poses, static scene); 150k env steps",150000,25,10000,28f0c5f,39573423,0.96,0.56,0.4166666666666666,0.7720380421327389,0.3706077601045681,0.5199617896020099,26.4,113.44,4.296969696969697,complete,results/grid/tdmpc2/pair4_seed1,
tdmpc2-v2_pair0_L1_s2,2026-09-05,tdmpc2,decoder-free latent world model + planner,grid_150k,2,pair0,L1,procthor-10k train house 0; 1 room(s); 380 reachable cells; wall/floor materials + lighting + skybox changed; variant seed 1337,target=Fridge; target swappable at L2=yes,objectnav,"TD-MPC2 upstream defaults; protocol v2 (held-out start poses, pinned eval poses, static scene); 150k env steps",150000,25,10000,28f0c5f,39573423,1.0,0.84,0.16000000000000003,0.8141803741193635,0.5463314303127654,0.32897985792928225,14.48,67.72,4.676795580110497,complete,results/grid/tdmpc2/pair0_seed2,
tdmpc2-v2_pair0_L2_s2,2026-09-05,tdmpc2,decoder-free latent world model + planner,grid_150k,2,pair0,L2,"procthor-10k train house 0; 1 room(s); 380 reachable cells; L1 + every object's appearance changed, target included when swappable; variant seed 1337",target=Fridge; target swappable at L2=yes,objectnav,"TD-MPC2 upstream defaults; protocol v2 (held-out start poses, pinned eval poses, static scene); 150k env steps",150000,25,10000,28f0c5f,39573423,1.0,0.76,0.24,0.8141803741193635,0.4411172817979613,0.4582069332301408,14.48,97.8,6.754143646408839,complete,results/grid/tdmpc2/pair0_seed2,
tdmpc2-v2_pair0_L3_s2,2026-09-05,tdmpc2,decoder-free latent world model + planner,grid_150k,2,pair0,L3,procthor-10k train house 0; 1 room(s); 380 reachable cells; L2 + 4 distractor objects; variant seed 1337,target=Fridge; target swappable at L2=yes,objectnav,"TD-MPC2 upstream defaults; protocol v2 (held-out start poses, pinned eval poses, static scene); 150k env steps",150000,25,10000,28f0c5f,39573423,1.0,0.92,0.07999999999999996,0.8141803741193635,0.5880349480950099,0.27775838525825164,14.48,75.56,5.218232044198895,complete,results/grid/tdmpc2/pair0_seed2,
tdmpc2-v2_pair1_L1_s2,2026-09-05,tdmpc2,decoder-free latent world model + planner,grid_150k,2,pair1,L1,procthor-10k train house 2; 1 room(s); 162 reachable cells; wall/floor materials + lighting + skybox changed; variant seed 1338,target=Bed; target swappable at L2=yes,objectnav,"TD-MPC2 upstream defaults; protocol v2 (held-out start poses, pinned eval poses, static scene); 150k env steps",150000,25,10000,28f0c5f,39573423,1.0,0.8,0.19999999999999996,0.7156082759828172,0.5869670805840232,0.17976482346031838,10.24,76.84,7.50390625,complete,results/grid/tdmpc2/pair1_seed2,
tdmpc2-v2_pair1_L2_s2,2026-09-05,tdmpc2,decoder-free latent world model + planner,grid_150k,2,pair1,L2,"procthor-10k train house 2; 1 room(s); 162 reachable cells; L1 + every object's appearance changed, target included when swappable; variant seed 1338",target=Bed; target swappable at L2=yes,objectnav,"TD-MPC2 upstream defaults; protocol v2 (held-out start poses, pinned eval poses, static scene); 150k env steps",150000,25,10000,28f0c5f,39573423,1.0,0.92,0.07999999999999996,0.7156082759828172,0.6537741879329464,0.0864077318906741,10.24,57.8,5.64453125,complete,results/grid/tdmpc2/pair1_seed2,
tdmpc2-v2_pair1_L3_s2,2026-09-05,tdmpc2,decoder-free latent world model + planner,grid_150k,2,pair1,L3,procthor-10k train house 2; 1 room(s); 162 reachable cells; L2 + 2 distractor objects; variant seed 1338,target=Bed; target swappable at L2=yes,objectnav,"TD-MPC2 upstream defaults; protocol v2 (held-out start poses, pinned eval poses, static scene); 150k env steps",150000,25,10000,28f0c5f,39573423,1.0,0.84,0.16000000000000003,0.7156082759828172,0.6048755209827794,0.15473934373936254,10.24,67.76,6.6171875,complete,results/grid/tdmpc2/pair1_seed2,
tdmpc2-v2_pair2_L1_s2,2026-09-05,tdmpc2,decoder-free latent world model + planner,grid_150k,2,pair2,L1,procthor-10k train house 250; 1 room(s); 128 reachable cells; wall/floor materials + lighting + skybox changed; variant seed 1339,target=Bed; target swappable at L2=no,objectnav,"TD-MPC2 upstream defaults; protocol v2 (held-out start poses, pinned eval poses, static scene); 150k env steps",150000,25,10000,28f0c5f,39573423,1.0,0.96,0.040000000000000036,0.7754285637108741,0.7279898976996,0.06117735176565158,13.6,44.96,3.3058823529411767,complete,results/grid/tdmpc2/pair2_seed2,
tdmpc2-v2_pair2_L2_s2,2026-09-05,tdmpc2,decoder-free latent world model + planner,grid_150k,2,pair2,L2,"procthor-10k train house 250; 1 room(s); 128 reachable cells; L1 + every object's appearance changed, target included when swappable; variant seed 1339",target=Bed; target swappable at L2=no,objectnav,"TD-MPC2 upstream defaults; protocol v2 (held-out start poses, pinned eval poses, static scene); 150k env steps",150000,25,10000,28f0c5f,39573423,1.0,1.0,0.0,0.7754285637108741,0.766466419804423,0.011557665432856992,13.6,42.08,3.0941176470588236,complete,results/grid/tdmpc2/pair2_seed2,
tdmpc2-v2_pair2_L3_s2,2026-09-05,tdmpc2,decoder-free latent world model + planner,grid_150k,2,pair2,L3,procthor-10k train house 250; 1 room(s); 128 reachable cells; L2 + 5 distractor objects; variant seed 1339,target=Bed; target swappable at L2=no,objectnav,"TD-MPC2 upstream defaults; protocol v2 (held-out start poses, pinned eval poses, static scene); 150k env steps",150000,25,10000,28f0c5f,39573423,1.0,1.0,0.0,0.7754285637108741,0.7723809496389887,0.003930231893058939,13.6,32.0,2.3529411764705883,complete,results/grid/tdmpc2/pair2_seed2,
tdmpc2-v2_pair3_L1_s2,2026-09-05,tdmpc2,decoder-free latent world model + planner,grid_150k,2,pair3,L1,procthor-10k train house 44; 2 room(s); 460 reachable cells; wall/floor materials + lighting + skybox changed; variant seed 1340,target=Bed; target swappable at L2=yes,objectnav,"TD-MPC2 upstream defaults; protocol v2 (held-out start poses, pinned eval poses, static scene); 150k env steps",150000,25,10000,28f0c5f,39573423,1.0,0.16,0.84,0.749590814362749,0.1153246742193892,0.8461498300010115,29.6,185.64,6.2716216216216205,complete,results/grid/tdmpc2/pair3_seed2,
tdmpc2-v2_pair3_L2_s2,2026-09-05,tdmpc2,decoder-free latent world model + planner,grid_150k,2,pair3,L2,"procthor-10k train house 44; 2 room(s); 460 reachable cells; L1 + every object's appearance changed, target included when swappable; variant seed 1340",target=Bed; target swappable at L2=yes,objectnav,"TD-MPC2 upstream defaults; protocol v2 (held-out start poses, pinned eval poses, static scene); 150k env steps",150000,25,10000,28f0c5f,39573423,1.0,0.24,0.76,0.749590814362749,0.1869444412946828,0.7506046796296321,29.6,167.36,5.654054054054054,complete,results/grid/tdmpc2/pair3_seed2,
tdmpc2-v2_pair3_L3_s2,2026-09-05,tdmpc2,decoder-free latent world model + planner,grid_150k,2,pair3,L3,procthor-10k train house 44; 2 room(s); 460 reachable cells; L2 + 8 distractor objects; variant seed 1340,target=Bed; target swappable at L2=yes,objectnav,"TD-MPC2 upstream defaults; protocol v2 (held-out start poses, pinned eval poses, static scene); 150k env steps",150000,25,10000,28f0c5f,39573423,1.0,0.28,0.72,0.749590814362749,0.1477327863402804,0.8029154259769408,29.6,160.92,5.436486486486486,complete,results/grid/tdmpc2/pair3_seed2,
tdmpc2-v2_pair4_L1_s2,2026-09-05,tdmpc2,decoder-free latent world model + planner,grid_150k,2,pair4,L1,procthor-10k train house 286; 2 room(s); 681 reachable cells; wall/floor materials + lighting + skybox changed; variant seed 1341,target=Television; target swappable at L2=yes,objectnav,"TD-MPC2 upstream defaults; protocol v2 (held-out start poses, pinned eval poses, static scene); 150k env steps",150000,25,10000,28f0c5f,39573423,1.0,0.84,0.16000000000000003,0.780810548807587,0.5730472126974747,0.26608674335585963,22.56,88.44,3.920212765957447,complete,results/grid/tdmpc2/pair4_seed2,
tdmpc2-v2_pair4_L2_s2,2026-09-05,tdmpc2,decoder-free latent world model + planner,grid_150k,2,pair4,L2,"procthor-10k train house 286; 2 room(s); 681 reachable cells; L1 + every object's appearance changed, target included when swappable; variant seed 1341",target=Television; target swappable at L2=yes,objectnav,"TD-MPC2 upstream defaults; protocol v2 (held-out start poses, pinned eval poses, static scene); 150k env steps",150000,25,10000,28f0c5f,39573423,1.0,0.16,0.84,0.780810548807587,0.073347249326426,0.9060626813528095,22.56,176.72,7.833333333333334,complete,results/grid/tdmpc2/pair4_seed2,
tdmpc2-v2_pair4_L3_s2,2026-09-05,tdmpc2,decoder-free latent world model + planner,grid_150k,2,pair4,L3,procthor-10k train house 286; 2 room(s); 681 reachable cells; L2 + 8 distractor objects; variant seed 1341,target=Television; target swappable at L2=yes,objectnav,"TD-MPC2 upstream defaults; protocol v2 (held-out start poses, pinned eval poses, static scene); 150k env steps",150000,25,10000,28f0c5f,39573423,1.0,0.24,0.76,0.780810548807587,0.1308603329045074,0.8324045018290923,22.56,171.28,7.592198581560284,complete,results/grid/tdmpc2/pair4_seed2,
tdmpc2-v2_pair0_L1_s3,2026-09-05,tdmpc2,decoder-free latent world model + planner,grid_150k,3,pair0,L1,procthor-10k train house 0; 1 room(s); 380 reachable cells; wall/floor materials + lighting + skybox changed; variant seed 1337,target=Fridge; target swappable at L2=yes,objectnav,"TD-MPC2 upstream defaults; protocol v2 (held-out start poses, pinned eval poses, static scene); 150k env steps",150000,25,10000,28f0c5f,39573423,1.0,0.84,0.16000000000000003,0.819363099743374,0.594871149253991,0.27398347638512677,14.84,79.0,5.32345013477089,complete,results/grid/tdmpc2/pair0_seed3,
tdmpc2-v2_pair0_L2_s3,2026-09-05,tdmpc2,decoder-free latent world model + planner,grid_150k,3,pair0,L2,"procthor-10k train house 0; 1 room(s); 380 reachable cells; L1 + every object's appearance changed, target included when swappable; variant seed 1337",target=Fridge; target swappable at L2=yes,objectnav,"TD-MPC2 upstream defaults; protocol v2 (held-out start poses, pinned eval poses, static scene); 150k env steps",150000,25,10000,28f0c5f,39573423,1.0,0.76,0.24,0.819363099743374,0.4643143564127734,0.43332283750855083,14.84,101.24,6.82210242587601,complete,results/grid/tdmpc2/pair0_seed3,
tdmpc2-v2_pair0_L3_s3,2026-09-05,tdmpc2,decoder-free latent world model + planner,grid_150k,3,pair0,L3,procthor-10k train house 0; 1 room(s); 380 reachable cells; L2 + 4 distractor objects; variant seed 1337,target=Fridge; target swappable at L2=yes,objectnav,"TD-MPC2 upstream defaults; protocol v2 (held-out start poses, pinned eval poses, static scene); 150k env steps",150000,25,10000,28f0c5f,39573423,1.0,0.84,0.16000000000000003,0.819363099743374,0.5272663706212323,0.3564924136974522,14.84,93.04,6.269541778975742,complete,results/grid/tdmpc2/pair0_seed3,
tdmpc2-v2_pair1_L1_s3,2026-09-05,tdmpc2,decoder-free latent world model + planner,grid_150k,3,pair1,L1,procthor-10k train house 2; 1 room(s); 162 reachable cells; wall/floor materials + lighting + skybox changed; variant seed 1338,target=Bed; target swappable at L2=yes,objectnav,"TD-MPC2 upstream defaults; protocol v2 (held-out start poses, pinned eval poses, static scene); 150k env steps",150000,25,10000,28f0c5f,39573423,1.0,0.28,0.72,0.7056439192945544,0.28,0.6031993015968715,9.72,144.84,14.901234567901234,complete,results/grid/tdmpc2/pair1_seed3,
tdmpc2-v2_pair1_L2_s3,2026-09-05,tdmpc2,decoder-free latent world model + planner,grid_150k,3,pair1,L2,"procthor-10k train house 2; 1 room(s); 162 reachable cells; L1 + every object's appearance changed, target included when swappable; variant seed 1338",target=Bed; target swappable at L2=yes,objectnav,"TD-MPC2 upstream defaults; protocol v2 (held-out start poses, pinned eval poses, static scene); 150k env steps",150000,25,10000,28f0c5f,39573423,1.0,0.32,0.6799999999999999,0.7056439192945544,0.32,0.5465134875392818,9.72,143.56,14.769547325102879,complete,results/grid/tdmpc2/pair1_seed3,
tdmpc2-v2_pair1_L3_s3,2026-09-05,tdmpc2,decoder-free latent world model + planner,grid_150k,3,pair1,L3,procthor-10k train house 2; 1 room(s); 162 reachable cells; L2 + 2 distractor objects; variant seed 1338,target=Bed; target swappable at L2=yes,objectnav,"TD-MPC2 upstream defaults; protocol v2 (held-out start poses, pinned eval poses, static scene); 150k env steps",150000,25,10000,28f0c5f,39573423,1.0,0.32,0.6799999999999999,0.7056439192945544,0.3000000037479517,0.5748563892566843,9.72,139.68,14.37037037037037,complete,results/grid/tdmpc2/pair1_seed3,
tdmpc2-v2_pair2_L1_s3,2026-09-05,tdmpc2,decoder-free latent world model + planner,grid_150k,3,pair2,L1,procthor-10k train house 250; 1 room(s); 128 reachable cells; wall/floor materials + lighting + skybox changed; variant seed 1339,target=Bed; target swappable at L2=no,objectnav,"TD-MPC2 upstream defaults; protocol v2 (held-out start poses, pinned eval poses, static scene); 150k env steps",150000,25,10000,28f0c5f,39573423,1.0,0.88,0.12,0.7777142787503335,0.6533809450359727,0.15987019540665406,12.08,48.4,4.006622516556291,complete,results/grid/tdmpc2/pair2_seed3,
tdmpc2-v2_pair2_L2_s3,2026-09-05,tdmpc2,decoder-free latent world model + planner,grid_150k,3,pair2,L2,"procthor-10k train house 250; 1 room(s); 128 reachable cells; L1 + every object's appearance changed, target included when swappable; variant seed 1339",target=Bed; target swappable at L2=no,objectnav,"TD-MPC2 upstream defaults; protocol v2 (held-out start poses, pinned eval poses, static scene); 150k env steps",150000,25,10000,28f0c5f,39573423,1.0,0.96,0.040000000000000036,0.7777142787503335,0.768761899282442,0.011511141961128195,12.08,40.48,3.3509933774834435,complete,results/grid/tdmpc2/pair2_seed3,
tdmpc2-v2_pair2_L3_s3,2026-09-05,tdmpc2,decoder-free latent world model + planner,grid_150k,3,pair2,L3,procthor-10k train house 250; 1 room(s); 128 reachable cells; L2 + 5 distractor objects; variant seed 1339,target=Bed; target swappable at L2=no,objectnav,"TD-MPC2 upstream defaults; protocol v2 (held-out start poses, pinned eval poses, static scene); 150k env steps",150000,25,10000,28f0c5f,39573423,1.0,0.92,0.07999999999999996,0.7777142787503335,0.6970952305545408,0.10366152505947945,12.08,38.88,3.218543046357616,complete,results/grid/tdmpc2/pair2_seed3,
tdmpc2-v2_pair3_L1_s3,2026-09-05,tdmpc2,decoder-free latent world model + planner,grid_150k,3,pair3,L1,procthor-10k train house 44; 2 room(s); 460 reachable cells; wall/floor materials + lighting + skybox changed; variant seed 1340,target=Bed; target swappable at L2=yes,objectnav,"TD-MPC2 upstream defaults; protocol v2 (held-out start poses, pinned eval poses, static scene); 150k env steps",150000,25,10000,28f0c5f,39573423,0.92,0.04,0.9565217391304347,0.6760297647057821,0.0215384555592392,0.9681397821756961,48.08,195.0,4.055740432612313,complete,results/grid/tdmpc2/pair3_seed3,
tdmpc2-v2_pair3_L2_s3,2026-09-05,tdmpc2,decoder-free latent world model + planner,grid_150k,3,pair3,L2,"procthor-10k train house 44; 2 room(s); 460 reachable cells; L1 + every object's appearance changed, target included when swappable; variant seed 1340",target=Bed; target swappable at L2=yes,objectnav,"TD-MPC2 upstream defaults; protocol v2 (held-out start poses, pinned eval poses, static scene); 150k env steps",150000,25,10000,28f0c5f,39573423,0.92,0.04,0.9565217391304347,0.6760297647057821,0.04,0.9408310076148665,48.08,195.24,4.060732113144759,complete,results/grid/tdmpc2/pair3_seed3,
tdmpc2-v2_pair3_L3_s3,2026-09-05,tdmpc2,decoder-free latent world model + planner,grid_150k,3,pair3,L3,procthor-10k train house 44; 2 room(s); 460 reachable cells; L2 + 8 distractor objects; variant seed 1340,target=Bed; target swappable at L2=yes,objectnav,"TD-MPC2 upstream defaults; protocol v2 (held-out start poses, pinned eval poses, static scene); 150k env steps",150000,25,10000,28f0c5f,39573423,0.92,0.08,0.9130434782608696,0.6760297647057821,0.08,0.8816620152297331,48.08,185.32,3.8544093178036607,complete,results/grid/tdmpc2/pair3_seed3,
tdmpc2-v2_pair4_L1_s3,2026-09-05,tdmpc2,decoder-free latent world model + planner,grid_150k,3,pair4,L1,procthor-10k train house 286; 2 room(s); 681 reachable cells; wall/floor materials + lighting + skybox changed; variant seed 1341,target=Television; target swappable at L2=yes,objectnav,"TD-MPC2 upstream defaults; protocol v2 (held-out start poses, pinned eval poses, static scene); 150k env steps",150000,25,10000,28f0c5f,39573423,1.0,0.88,0.12,0.7838109059751927,0.5874464808893883,0.2505252524414596,19.96,81.32,4.074148296593186,complete,results/grid/tdmpc2/pair4_seed3,
tdmpc2-v2_pair4_L2_s3,2026-09-05,tdmpc2,decoder-free latent world model + planner,grid_150k,3,pair4,L2,"procthor-10k train house 286; 2 room(s); 681 reachable cells; L1 + every object's appearance changed, target included when swappable; variant seed 1341",target=Television; target swappable at L2=yes,objectnav,"TD-MPC2 upstream defaults; protocol v2 (held-out start poses, pinned eval poses, static scene); 150k env steps",150000,25,10000,28f0c5f,39573423,1.0,0.76,0.24,0.7838109059751927,0.4662139380510658,0.40519590312281095,19.96,94.56,4.7374749498997994,complete,results/grid/tdmpc2/pair4_seed3,
tdmpc2-v2_pair4_L3_s3,2026-09-05,tdmpc2,decoder-free latent world model + planner,grid_150k,3,pair4,L3,procthor-10k train house 286; 2 room(s); 681 reachable cells; L2 + 8 distractor objects; variant seed 1341,target=Television; target swappable at L2=yes,objectnav,"TD-MPC2 upstream defaults; protocol v2 (held-out start poses, pinned eval poses, static scene); 150k env steps",150000,25,10000,28f0c5f,39573423,1.0,0.72,0.28,0.7838109059751927,0.4249800594527614,0.4578028243635948,19.96,115.24,5.773547094188376,complete,results/grid/tdmpc2/pair4_seed3,
tdmpc2-v2_pair0_L1_s4,2026-09-05,tdmpc2,decoder-free latent world model + planner,grid_150k,4,pair0,L1,procthor-10k train house 0; 1 room(s); 380 reachable cells; wall/floor materials + lighting + skybox changed; variant seed 1337,target=Fridge; target swappable at L2=yes,objectnav,"TD-MPC2 upstream defaults; protocol v2 (held-out start poses, pinned eval poses, static scene); 150k env steps",150000,25,10000,28f0c5f,39573423,0.96,0.92,0.04166666666666659,0.7854985904845267,0.6742337899317147,0.1416486317106941,19.84,44.68,2.252016129032258,complete,results/grid/tdmpc2/pair0_seed4,
tdmpc2-v2_pair0_L2_s4,2026-09-05,tdmpc2,decoder-free latent world model + planner,grid_150k,4,pair0,L2,"procthor-10k train house 0; 1 room(s); 380 reachable cells; L1 + every object's appearance changed, target included when swappable; variant seed 1337",target=Fridge; target swappable at L2=yes,objectnav,"TD-MPC2 upstream defaults; protocol v2 (held-out start poses, pinned eval poses, static scene); 150k env steps",150000,25,10000,28f0c5f,39573423,0.96,0.56,0.4166666666666666,0.7854985904845267,0.357025346140226,0.5454793293518215,19.84,124.48,6.274193548387097,complete,results/grid/tdmpc2/pair0_seed4,
tdmpc2-v2_pair0_L3_s4,2026-09-05,tdmpc2,decoder-free latent world model + planner,grid_150k,4,pair0,L3,procthor-10k train house 0; 1 room(s); 380 reachable cells; L2 + 4 distractor objects; variant seed 1337,target=Fridge; target swappable at L2=yes,objectnav,"TD-MPC2 upstream defaults; protocol v2 (held-out start poses, pinned eval poses, static scene); 150k env steps",150000,25,10000,28f0c5f,39573423,0.96,0.68,0.2916666666666666,0.7854985904845267,0.4575747498107324,0.417472220378547,19.84,112.8,5.685483870967742,complete,results/grid/tdmpc2/pair0_seed4,
tdmpc2-v2_pair1_L1_s4,2026-09-05,tdmpc2,decoder-free latent world model + planner,grid_150k,4,pair1,L1,procthor-10k train house 2; 1 room(s); 162 reachable cells; wall/floor materials + lighting + skybox changed; variant seed 1338,target=Bed; target swappable at L2=yes,objectnav,"TD-MPC2 upstream defaults; protocol v2 (held-out start poses, pinned eval poses, static scene); 150k env steps",150000,25,10000,28f0c5f,39573423,1.0,0.4,0.6,0.7071814999321794,0.3023666118239489,0.572434216883577,8.64,142.04,16.439814814814813,complete,results/grid/tdmpc2/pair1_seed4,
tdmpc2-v2_pair1_L2_s4,2026-09-05,tdmpc2,decoder-free latent world model + planner,grid_150k,4,pair1,L2,"procthor-10k train house 2; 1 room(s); 162 reachable cells; L1 + every object's appearance changed, target included when swappable; variant seed 1338",target=Bed; target swappable at L2=yes,objectnav,"TD-MPC2 upstream defaults; protocol v2 (held-out start poses, pinned eval poses, static scene); 150k env steps",150000,25,10000,28f0c5f,39573423,1.0,0.44,0.56,0.7071814999321794,0.3528559732068078,0.501039021466699,8.64,123.96,14.347222222222221,complete,results/grid/tdmpc2/pair1_seed4,
tdmpc2-v2_pair1_L3_s4,2026-09-05,tdmpc2,decoder-free latent world model + planner,grid_150k,4,pair1,L3,procthor-10k train house 2; 1 room(s); 162 reachable cells; L2 + 2 distractor objects; variant seed 1338,target=Bed; target swappable at L2=yes,objectnav,"TD-MPC2 upstream defaults; protocol v2 (held-out start poses, pinned eval poses, static scene); 150k env steps",150000,25,10000,28f0c5f,39573423,1.0,0.28,0.72,0.7071814999321794,0.2164285688060233,0.6939561218346643,8.64,147.48,17.069444444444443,complete,results/grid/tdmpc2/pair1_seed4,
tdmpc2-v2_pair2_L1_s4,2026-09-05,tdmpc2,decoder-free latent world model + planner,grid_150k,4,pair2,L1,procthor-10k train house 250; 1 room(s); 128 reachable cells; wall/floor materials + lighting + skybox changed; variant seed 1339,target=Bed; target swappable at L2=no,objectnav,"TD-MPC2 upstream defaults; protocol v2 (held-out start poses, pinned eval poses, static scene); 150k env steps",150000,25,10000,28f0c5f,39573423,1.0,0.88,0.12,0.777714280254315,0.6450396768937695,0.17059556025788863,12.96,60.52,4.669753086419753,complete,results/grid/tdmpc2/pair2_seed4,
tdmpc2-v2_pair2_L2_s4,2026-09-05,tdmpc2,decoder-free latent world model + planner,grid_150k,4,pair2,L2,"procthor-10k train house 250; 1 room(s); 128 reachable cells; L1 + every object's appearance changed, target included when swappable; variant seed 1339",target=Bed; target swappable at L2=no,objectnav,"TD-MPC2 upstream defaults; protocol v2 (held-out start poses, pinned eval poses, static scene); 150k env steps",150000,25,10000,28f0c5f,39573423,1.0,0.92,0.07999999999999996,0.777714280254315,0.6901245426492008,0.11262457155405725,12.96,51.84,4.0,complete,results/grid/tdmpc2/pair2_seed4,
tdmpc2-v2_pair2_L3_s4,2026-09-05,tdmpc2,decoder-free latent world model + planner,grid_150k,4,pair2,L3,procthor-10k train house 250; 1 room(s); 128 reachable cells; L2 + 5 distractor objects; variant seed 1339,target=Bed; target swappable at L2=no,objectnav,"TD-MPC2 upstream defaults; protocol v2 (held-out start poses, pinned eval poses, static scene); 150k env steps",150000,25,10000,28f0c5f,39573423,1.0,1.0,0.0,0.777714280254315,0.7654603143653169,0.015756385346288086,12.96,44.16,3.407407407407407,complete,results/grid/tdmpc2/pair2_seed4,
tdmpc2-v2_pair3_L1_s4,2026-09-05,tdmpc2,decoder-free latent world model + planner,grid_150k,4,pair3,L1,procthor-10k train house 44; 2 room(s); 460 reachable cells; wall/floor materials + lighting + skybox changed; variant seed 1340,target=Bed; target swappable at L2=yes,objectnav,"TD-MPC2 upstream defaults; protocol v2 (held-out start poses, pinned eval poses, static scene); 150k env steps",150000,25,10000,28f0c5f,39573423,0.92,0.0,1.0,0.6766547078348231,0.0,1.0,42.96,200.0,4.655493482309125,complete,results/grid/tdmpc2/pair3_seed4,
tdmpc2-v2_pair3_L2_s4,2026-09-05,tdmpc2,decoder-free latent world model + planner,grid_150k,4,pair3,L2,"procthor-10k train house 44; 2 room(s); 460 reachable cells; L1 + every object's appearance changed, target included when swappable; variant seed 1340",target=Bed; target swappable at L2=yes,objectnav,"TD-MPC2 upstream defaults; protocol v2 (held-out start poses, pinned eval poses, static scene); 150k env steps",150000,25,10000,28f0c5f,39573423,0.92,0.0,1.0,0.6766547078348231,0.0,1.0,42.96,200.0,4.655493482309125,complete,results/grid/tdmpc2/pair3_seed4,
tdmpc2-v2_pair3_L3_s4,2026-09-05,tdmpc2,decoder-free latent world model + planner,grid_150k,4,pair3,L3,procthor-10k train house 44; 2 room(s); 460 reachable cells; L2 + 8 distractor objects; variant seed 1340,target=Bed; target swappable at L2=yes,objectnav,"TD-MPC2 upstream defaults; protocol v2 (held-out start poses, pinned eval poses, static scene); 150k env steps",150000,25,10000,28f0c5f,39573423,0.92,0.0,1.0,0.6766547078348231,0.0,1.0,42.96,200.0,4.655493482309125,complete,results/grid/tdmpc2/pair3_seed4,
tdmpc2-v2_pair4_L1_s4,2026-09-05,tdmpc2,decoder-free latent world model + planner,grid_150k,4,pair4,L1,procthor-10k train house 286; 2 room(s); 681 reachable cells; wall/floor materials + lighting + skybox changed; variant seed 1341,target=Television; target swappable at L2=yes,objectnav,"TD-MPC2 upstream defaults; protocol v2 (held-out start poses, pinned eval poses, static scene); 150k env steps",150000,25,10000,28f0c5f,39573423,0.96,0.12,0.875,0.7171225822104432,0.0519916975225837,0.9274995672813348,37.12,181.92,4.900862068965517,complete,results/grid/tdmpc2/pair4_seed4,
tdmpc2-v2_pair4_L2_s4,2026-09-05,tdmpc2,decoder-free latent world model + planner,grid_150k,4,pair4,L2,"procthor-10k train house 286; 2 room(s); 681 reachable cells; L1 + every object's appearance changed, target included when swappable; variant seed 1341",target=Television; target swappable at L2=yes,objectnav,"TD-MPC2 upstream defaults; protocol v2 (held-out start poses, pinned eval poses, static scene); 150k env steps",150000,25,10000,28f0c5f,39573423,0.96,0.04,0.9583333333333333,0.7171225822104432,0.0364567477245027,0.9491624603256403,37.12,193.8,5.220905172413794,complete,results/grid/tdmpc2/pair4_seed4,
tdmpc2-v2_pair4_L3_s4,2026-09-05,tdmpc2,decoder-free latent world model + planner,grid_150k,4,pair4,L3,procthor-10k train house 286; 2 room(s); 681 reachable cells; L2 + 8 distractor objects; variant seed 1341,target=Television; target swappable at L2=yes,objectnav,"TD-MPC2 upstream defaults; protocol v2 (held-out start poses, pinned eval poses, static scene); 150k env steps",150000,25,10000,28f0c5f,39573423,0.96,0.08,0.9166666666666667,0.7171225822104432,0.0180000002257237,0.974899688460178,37.12,186.2,5.016163793103448,complete,results/grid/tdmpc2/pair4_seed4,
dreamerv3-v2_pair0_L1_s0,2026-09-06,dreamerv3,reconstruction world model,grid_150k,0,pair0,L1,procthor-10k train house 0; 1 room(s); 380 reachable cells; wall/floor materials + lighting + skybox changed; variant seed 1337,target=Fridge; target swappable at L2=yes,objectnav,"DreamerV3 train_ratio=512; protocol v2 (held-out start poses, pinned eval poses, static scene); 150k env steps",150000,25,10000,28f0c5f,39573422,0.96,0.6,0.375,0.5283014106926609,0.4114283380854998,0.2212242296569448,63.44,105.32,1.6601513240857502,complete,results/grid/dreamerv3/pair0_seed0,
dreamerv3-v2_pair0_L2_s0,2026-09-06,dreamerv3,reconstruction world model,grid_150k,0,pair0,L2,"procthor-10k train house 0; 1 room(s); 380 reachable cells; L1 + every object's appearance changed, target included when swappable; variant seed 1337",target=Fridge; target swappable at L2=yes,objectnav,"DreamerV3 train_ratio=512; protocol v2 (held-out start poses, pinned eval poses, static scene); 150k env steps",150000,25,10000,28f0c5f,39573422,0.96,0.8,0.1666666666666666,0.5283014106926609,0.4195259622334363,0.20589657013523416,63.44,91.04,1.4350567465321564,complete,results/grid/dreamerv3/pair0_seed0,
dreamerv3-v2_pair0_L3_s0,2026-09-06,dreamerv3,reconstruction world model,grid_150k,0,pair0,L3,procthor-10k train house 0; 1 room(s); 380 reachable cells; L2 + 4 distractor objects; variant seed 1337,target=Fridge; target swappable at L2=yes,objectnav,"DreamerV3 train_ratio=512; protocol v2 (held-out start poses, pinned eval poses, static scene); 150k env steps",150000,25,10000,28f0c5f,39573422,0.96,0.72,0.25,0.5283014106926609,0.4656746133036847,0.11854368760224512,63.44,88.28,1.3915510718789408,complete,results/grid/dreamerv3/pair0_seed0,
dreamerv3-v2_pair1_L1_s0,2026-09-06,dreamerv3,reconstruction world model,grid_150k,0,pair1,L1,procthor-10k train house 2; 1 room(s); 162 reachable cells; wall/floor materials + lighting + skybox changed; variant seed 1338,target=Bed; target swappable at L2=yes,objectnav,"DreamerV3 train_ratio=512; protocol v2 (held-out start poses, pinned eval poses, static scene); 150k env steps",150000,25,10000,28f0c5f,39573422,0.36,0.6,-0.6666666666666666,0.2464083622592128,0.460704367412543,-0.8696782982060424,157.16,110.24,0.7014507508271824,complete,results/grid/dreamerv3/pair1_seed0,house-A success 0.36 < 0.5: left out of relative-drop comparisons (rule fixed 2026-09-05)
dreamerv3-v2_pair1_L2_s0,2026-09-06,dreamerv3,reconstruction world model,grid_150k,0,pair1,L2,"procthor-10k train house 2; 1 room(s); 162 reachable cells; L1 + every object's appearance changed, target included when swappable; variant seed 1338",target=Bed; target swappable at L2=yes,objectnav,"DreamerV3 train_ratio=512; protocol v2 (held-out start poses, pinned eval poses, static scene); 150k env steps",150000,25,10000,28f0c5f,39573422,0.36,0.56,-0.5555555555555558,0.2464083622592128,0.4334579692924666,-0.7591041363948691,157.16,108.08,0.6877067956222958,complete,results/grid/dreamerv3/pair1_seed0,house-A success 0.36 < 0.5: left out of relative-drop comparisons (rule fixed 2026-09-05)
dreamerv3-v2_pair1_L3_s0,2026-09-06,dreamerv3,reconstruction world model,grid_150k,0,pair1,L3,procthor-10k train house 2; 1 room(s); 162 reachable cells; L2 + 2 distractor objects; variant seed 1338,target=Bed; target swappable at L2=yes,objectnav,"DreamerV3 train_ratio=512; protocol v2 (held-out start poses, pinned eval poses, static scene); 150k env steps",150000,25,10000,28f0c5f,39573422,0.36,0.92,-1.5555555555555558,0.2464083622592128,0.5936241202099871,-1.4091070399044157,157.16,58.84,0.37439552048867397,complete,results/grid/dreamerv3/pair1_seed0,house-A success 0.36 < 0.5: left out of relative-drop comparisons (rule fixed 2026-09-05)
dreamerv3-v2_pair2_L1_s0,2026-09-06,dreamerv3,reconstruction world model,grid_150k,0,pair2,L1,procthor-10k train house 250; 1 room(s); 128 reachable cells; wall/floor materials + lighting + skybox changed; variant seed 1339,target=Bed; target swappable at L2=no,objectnav,"DreamerV3 train_ratio=512; protocol v2 (held-out start poses, pinned eval poses, static scene); 150k env steps",150000,25,10000,28f0c5f,39573422,0.2,0.96,-3.8,0.1639999998473681,0.7172783858842336,-3.3736486984865364,162.84,49.76,0.3055760255465487,complete,results/grid/dreamerv3/pair2_seed0,house-A success 0.20 < 0.5: left out of relative-drop comparisons (rule fixed 2026-09-05)
dreamerv3-v2_pair2_L2_s0,2026-09-06,dreamerv3,reconstruction world model,grid_150k,0,pair2,L2,"procthor-10k train house 250; 1 room(s); 128 reachable cells; L1 + every object's appearance changed, target included when swappable; variant seed 1339",target=Bed; target swappable at L2=no,objectnav,"DreamerV3 train_ratio=512; protocol v2 (held-out start poses, pinned eval poses, static scene); 150k env steps",150000,25,10000,28f0c5f,39573422,0.2,0.84,-3.1999999999999993,0.1639999998473681,0.5863626364289041,-2.5753819327720815,162.84,79.84,0.49029722426922134,complete,results/grid/dreamerv3/pair2_seed0,house-A success 0.20 < 0.5: left out of relative-drop comparisons (rule fixed 2026-09-05)
dreamerv3-v2_pair2_L3_s0,2026-09-06,dreamerv3,reconstruction world model,grid_150k,0,pair2,L3,procthor-10k train house 250; 1 room(s); 128 reachable cells; L2 + 5 distractor objects; variant seed 1339,target=Bed; target swappable at L2=no,objectnav,"DreamerV3 train_ratio=512; protocol v2 (held-out start poses, pinned eval poses, static scene); 150k env steps",150000,25,10000,28f0c5f,39573422,0.2,0.72,-2.6,0.1639999998473681,0.5386666669354453,-2.2845528502242245,162.84,78.84,0.48415622697126015,complete,results/grid/dreamerv3/pair2_seed0,house-A success 0.20 < 0.5: left out of relative-drop comparisons (rule fixed 2026-09-05)
dreamerv3-v2_pair3_L1_s0,2026-09-06,dreamerv3,reconstruction world model,grid_150k,0,pair3,L1,procthor-10k train house 44; 2 room(s); 460 reachable cells; wall/floor materials + lighting + skybox changed; variant seed 1340,target=Bed; target swappable at L2=yes,objectnav,"DreamerV3 train_ratio=512; protocol v2 (held-out start poses, pinned eval poses, static scene); 150k env steps",150000,25,10000,28f0c5f,39573422,0.44,0.0,1.0,0.2672644232513,0.0,1.0,133.96,200.0,1.492982979994028,complete,results/grid/dreamerv3/pair3_seed0,house-A success 0.44 < 0.5: left out of relative-drop comparisons (rule fixed 2026-09-05)
dreamerv3-v2_pair3_L2_s0,2026-09-06,dreamerv3,reconstruction world model,grid_150k,0,pair3,L2,"procthor-10k train house 44; 2 room(s); 460 reachable cells; L1 + every object's appearance changed, target included when swappable; variant seed 1340",target=Bed; target swappable at L2=yes,objectnav,"DreamerV3 train_ratio=512; protocol v2 (held-out start poses, pinned eval poses, static scene); 150k env steps",150000,25,10000,28f0c5f,39573422,0.44,0.24,0.4545454545454546,0.2672644232513,0.1933333306861544,0.2766215258498158,133.96,162.44,1.2126007763511495,complete,results/grid/dreamerv3/pair3_seed0,house-A success 0.44 < 0.5: left out of relative-drop comparisons (rule fixed 2026-09-05)
dreamerv3-v2_pair3_L3_s0,2026-09-06,dreamerv3,reconstruction world model,grid_150k,0,pair3,L3,procthor-10k train house 44; 2 room(s); 460 reachable cells; L2 + 8 distractor objects; variant seed 1340,target=Bed; target swappable at L2=yes,objectnav,"DreamerV3 train_ratio=512; protocol v2 (held-out start poses, pinned eval poses, static scene); 150k env steps",150000,25,10000,28f0c5f,39573422,0.44,0.2,0.5454545454545454,0.2672644232513,0.1504761848287079,0.4369763734426409,133.96,171.12,1.2773962376828905,complete,results/grid/dreamerv3/pair3_seed0,house-A success 0.44 < 0.5: left out of relative-drop comparisons (rule fixed 2026-09-05)
dreamerv3-v2_pair4_L1_s0,2026-09-06,dreamerv3,reconstruction world model,grid_150k,0,pair4,L1,procthor-10k train house 286; 2 room(s); 681 reachable cells; wall/floor materials + lighting + skybox changed; variant seed 1341,target=Television; target swappable at L2=yes,objectnav,"DreamerV3 train_ratio=512; protocol v2 (held-out start poses, pinned eval poses, static scene); 150k env steps",150000,25,10000,28f0c5f,39573422,0.88,0.84,0.0454545454545455,0.3948569268849533,0.3206952973044468,0.18781899095850088,66.08,92.48,1.3995157384987895,complete,results/grid/dreamerv3/pair4_seed0,
dreamerv3-v2_pair4_L2_s0,2026-09-06,dreamerv3,reconstruction world model,grid_150k,0,pair4,L2,"procthor-10k train house 286; 2 room(s); 681 reachable cells; L1 + every object's appearance changed, target included when swappable; variant seed 1341",target=Television; target swappable at L2=yes,objectnav,"DreamerV3 train_ratio=512; protocol v2 (held-out start poses, pinned eval poses, static scene); 150k env steps",150000,25,10000,28f0c5f,39573422,0.88,0.76,0.13636363636363635,0.3948569268849533,0.3791637672247953,0.039743913786601505,66.08,96.08,1.4539951573849879,complete,results/grid/dreamerv3/pair4_seed0,
dreamerv3-v2_pair4_L3_s0,2026-09-06,dreamerv3,reconstruction world model,grid_150k,0,pair4,L3,procthor-10k train house 286; 2 room(s); 681 reachable cells; L2 + 8 distractor objects; variant seed 1341,target=Television; target swappable at L2=yes,objectnav,"DreamerV3 train_ratio=512; protocol v2 (held-out start poses, pinned eval poses, static scene); 150k env steps",150000,25,10000,28f0c5f,39573422,0.88,0.76,0.13636363636363635,0.3948569268849533,0.2938737422487527,0.25574626595223277,66.08,102.36,1.5490314769975788,complete,results/grid/dreamerv3/pair4_seed0,
dreamerv3-v2_pair0_L1_s1,2026-09-06,dreamerv3,reconstruction world model,grid_150k,1,pair0,L1,procthor-10k train house 0; 1 room(s); 380 reachable cells; wall/floor materials + lighting + skybox changed; variant seed 1337,target=Fridge; target swappable at L2=yes,objectnav,"DreamerV3 train_ratio=512; protocol v2 (held-out start poses, pinned eval poses, static scene); 150k env steps",150000,25,10000,28f0c5f,39573422,0.92,0.88,0.04347826086956525,0.6652720012738382,0.5605336160828469,0.15743693555484395,36.52,74.08,2.0284775465498357,complete,results/grid/dreamerv3/pair0_seed1,
dreamerv3-v2_pair0_L2_s1,2026-09-06,dreamerv3,reconstruction world model,grid_150k,1,pair0,L2,"procthor-10k train house 0; 1 room(s); 380 reachable cells; L1 + every object's appearance changed, target included when swappable; variant seed 1337",target=Fridge; target swappable at L2=yes,objectnav,"DreamerV3 train_ratio=512; protocol v2 (held-out start poses, pinned eval poses, static scene); 150k env steps",150000,25,10000,28f0c5f,39573422,0.92,0.44,0.5217391304347826,0.6652720012738382,0.2967552742710813,0.5539339192046783,36.52,126.72,3.469879518072289,complete,results/grid/dreamerv3/pair0_seed1,
dreamerv3-v2_pair0_L3_s1,2026-09-06,dreamerv3,reconstruction world model,grid_150k,1,pair0,L3,procthor-10k train house 0; 1 room(s); 380 reachable cells; L2 + 4 distractor objects; variant seed 1337,target=Fridge; target swappable at L2=yes,objectnav,"DreamerV3 train_ratio=512; protocol v2 (held-out start poses, pinned eval poses, static scene); 150k env steps",150000,25,10000,28f0c5f,39573422,0.92,0.44,0.5217391304347826,0.6652720012738382,0.3267274299238367,0.5088814360168005,36.52,129.16,3.536692223439211,complete,results/grid/dreamerv3/pair0_seed1,
dreamerv3-v2_pair1_L1_s1,2026-09-06,dreamerv3,reconstruction world model,grid_150k,1,pair1,L1,procthor-10k train house 2; 1 room(s); 162 reachable cells; wall/floor materials + lighting + skybox changed; variant seed 1338,target=Bed; target swappable at L2=yes,objectnav,"DreamerV3 train_ratio=512; protocol v2 (held-out start poses, pinned eval poses, static scene); 150k env steps",150000,25,10000,28f0c5f,39573422,0.36,0.32,0.11111111111111106,0.2391783742507444,0.2504727276152168,-0.047221465568755214,140.08,147.8,1.0551113649343233,complete,results/grid/dreamerv3/pair1_seed1,house-A success 0.36 < 0.5: left out of relative-drop comparisons (rule fixed 2026-09-05)
dreamerv3-v2_pair1_L2_s1,2026-09-06,dreamerv3,reconstruction world model,grid_150k,1,pair1,L2,"procthor-10k train house 2; 1 room(s); 162 reachable cells; L1 + every object's appearance changed, target included when swappable; variant seed 1338",target=Bed; target swappable at L2=yes,objectnav,"DreamerV3 train_ratio=512; protocol v2 (held-out start poses, pinned eval poses, static scene); 150k env steps",150000,25,10000,28f0c5f,39573422,0.36,0.2,0.4444444444444444,0.2391783742507444,0.2,0.16380399931003567,140.08,161.0,1.1493432324386064,complete,results/grid/dreamerv3/pair1_seed1,house-A success 0.36 < 0.5: left out of relative-drop comparisons (rule fixed 2026-09-05)
dreamerv3-v2_pair1_L3_s1,2026-09-06,dreamerv3,reconstruction world model,grid_150k,1,pair1,L3,procthor-10k train house 2; 1 room(s); 162 reachable cells; L2 + 2 distractor objects; variant seed 1338,target=Bed; target swappable at L2=yes,objectnav,"DreamerV3 train_ratio=512; protocol v2 (held-out start poses, pinned eval poses, static scene); 150k env steps",150000,25,10000,28f0c5f,39573422,0.36,0.44,-0.22222222222222227,0.2391783742507444,0.317574671840392,-0.3277733525668181,140.08,124.72,0.8903483723586522,complete,results/grid/dreamerv3/pair1_seed1,house-A success 0.36 < 0.5: left out of relative-drop comparisons (rule fixed 2026-09-05)
dreamerv3-v2_pair2_L1_s1,2026-09-06,dreamerv3,reconstruction world model,grid_150k,1,pair2,L1,procthor-10k train house 250; 1 room(s); 128 reachable cells; wall/floor materials + lighting + skybox changed; variant seed 1339,target=Bed; target swappable at L2=no,objectnav,"DreamerV3 train_ratio=512; protocol v2 (held-out start poses, pinned eval poses, static scene); 150k env steps",150000,25,10000,28f0c5f,39573422,1.0,1.0,0.0,0.7564285690069354,0.7589743569659413,-0.0033655365004894456,24.6,28.8,1.170731707317073,complete,results/grid/dreamerv3/pair2_seed1,
dreamerv3-v2_pair2_L2_s1,2026-09-06,dreamerv3,reconstruction world model,grid_150k,1,pair2,L2,"procthor-10k train house 250; 1 room(s); 128 reachable cells; L1 + every object's appearance changed, target included when swappable; variant seed 1339",target=Bed; target swappable at L2=no,objectnav,"DreamerV3 train_ratio=512; protocol v2 (held-out start poses, pinned eval poses, static scene); 150k env steps",150000,25,10000,28f0c5f,39573422,1.0,1.0,0.0,0.7564285690069354,0.7620512802508841,-0.007433234907203893,24.6,25.88,1.0520325203252032,complete,results/grid/dreamerv3/pair2_seed1,
dreamerv3-v2_pair2_L3_s1,2026-09-06,dreamerv3,reconstruction world model,grid_150k,1,pair2,L3,procthor-10k train house 250; 1 room(s); 128 reachable cells; L2 + 5 distractor objects; variant seed 1339,target=Bed; target swappable at L2=no,objectnav,"DreamerV3 train_ratio=512; protocol v2 (held-out start poses, pinned eval poses, static scene); 150k env steps",150000,25,10000,28f0c5f,39573422,1.0,0.96,0.040000000000000036,0.7564285690069354,0.7235457860038008,0.043471101370885876,24.6,29.56,1.2016260162601624,complete,results/grid/dreamerv3/pair2_seed1,
dreamerv3-v2_pair3_L1_s1,2026-09-06,dreamerv3,reconstruction world model,grid_150k,1,pair3,L1,procthor-10k train house 44; 2 room(s); 460 reachable cells; wall/floor materials + lighting + skybox changed; variant seed 1340,target=Bed; target swappable at L2=yes,objectnav,"DreamerV3 train_ratio=512; protocol v2 (held-out start poses, pinned eval poses, static scene); 150k env steps",150000,25,10000,28f0c5f,39573422,0.2,0.08,0.6,0.1528603361058955,0.0547368418462427,0.6419159918088678,168.96,189.2,1.1197916666666665,complete,results/grid/dreamerv3/pair3_seed1,house-A success 0.20 < 0.5: left out of relative-drop comparisons (rule fixed 2026-09-05)
dreamerv3-v2_pair3_L2_s1,2026-09-06,dreamerv3,reconstruction world model,grid_150k,1,pair3,L2,"procthor-10k train house 44; 2 room(s); 460 reachable cells; L1 + every object's appearance changed, target included when swappable; variant seed 1340",target=Bed; target swappable at L2=yes,objectnav,"DreamerV3 train_ratio=512; protocol v2 (held-out start poses, pinned eval poses, static scene); 150k env steps",150000,25,10000,28f0c5f,39573422,0.2,0.0,1.0,0.1528603361058955,0.0,1.0,168.96,200.0,1.183712121212121,complete,results/grid/dreamerv3/pair3_seed1,house-A success 0.20 < 0.5: left out of relative-drop comparisons (rule fixed 2026-09-05)
dreamerv3-v2_pair3_L3_s1,2026-09-06,dreamerv3,reconstruction world model,grid_150k,1,pair3,L3,procthor-10k train house 44; 2 room(s); 460 reachable cells; L2 + 8 distractor objects; variant seed 1340,target=Bed; target swappable at L2=yes,objectnav,"DreamerV3 train_ratio=512; protocol v2 (held-out start poses, pinned eval poses, static scene); 150k env steps",150000,25,10000,28f0c5f,39573422,0.2,0.0,1.0,0.1528603361058955,0.0,1.0,168.96,200.0,1.183712121212121,complete,results/grid/dreamerv3/pair3_seed1,house-A success 0.20 < 0.5: left out of relative-drop comparisons (rule fixed 2026-09-05)
dreamerv3-v2_pair4_L1_s1,2026-09-06,dreamerv3,reconstruction world model,grid_150k,1,pair4,L1,procthor-10k train house 286; 2 room(s); 681 reachable cells; wall/floor materials + lighting + skybox changed; variant seed 1341,target=Television; target swappable at L2=yes,objectnav,"DreamerV3 train_ratio=512; protocol v2 (held-out start poses, pinned eval poses, static scene); 150k env steps",150000,25,10000,28f0c5f,39573422,0.92,0.92,0.0,0.5952630459415683,0.5719361990636426,0.03918746012702346,46.28,78.88,1.7044079515989627,complete,results/grid/dreamerv3/pair4_seed1,
dreamerv3-v2_pair4_L2_s1,2026-09-06,dreamerv3,reconstruction world model,grid_150k,1,pair4,L2,"procthor-10k train house 286; 2 room(s); 681 reachable cells; L1 + every object's appearance changed, target included when swappable; variant seed 1341",target=Television; target swappable at L2=yes,objectnav,"DreamerV3 train_ratio=512; protocol v2 (held-out start poses, pinned eval poses, static scene); 150k env steps",150000,25,10000,28f0c5f,39573422,0.92,1.0,-0.08695652173913039,0.5952630459415683,0.6138518142459986,-0.031227821769159395,46.28,59.56,1.2869490060501296,complete,results/grid/dreamerv3/pair4_seed1,
dreamerv3-v2_pair4_L3_s1,2026-09-06,dreamerv3,reconstruction world model,grid_150k,1,pair4,L3,procthor-10k train house 286; 2 room(s); 681 reachable cells; L2 + 8 distractor objects; variant seed 1341,target=Television; target swappable at L2=yes,objectnav,"DreamerV3 train_ratio=512; protocol v2 (held-out start poses, pinned eval poses, static scene); 150k env steps",150000,25,10000,28f0c5f,39573422,0.92,0.88,0.04347826086956525,0.5952630459415683,0.5250179980770084,0.11800673390273786,46.28,85.68,1.8513396715643908,complete,results/grid/dreamerv3/pair4_seed1,
dreamerv3-v2_pair0_L1_s2,2026-09-06,dreamerv3,reconstruction world model,grid_150k,2,pair0,L1,procthor-10k train house 0; 1 room(s); 380 reachable cells; wall/floor materials + lighting + skybox changed; variant seed 1337,target=Fridge; target swappable at L2=yes,objectnav,"DreamerV3 train_ratio=512; protocol v2 (held-out start poses, pinned eval poses, static scene); 150k env steps",150000,25,10000,28f0c5f,39573422,1.0,1.0,0.0,0.7023747526309814,0.6517985039381395,0.07200749813883749,20.4,35.24,1.7274509803921572,complete,results/grid/dreamerv3/pair0_seed2,
dreamerv3-v2_pair0_L2_s2,2026-09-06,dreamerv3,reconstruction world model,grid_150k,2,pair0,L2,"procthor-10k train house 0; 1 room(s); 380 reachable cells; L1 + every object's appearance changed, target included when swappable; variant seed 1337",target=Fridge; target swappable at L2=yes,objectnav,"DreamerV3 train_ratio=512; protocol v2 (held-out start poses, pinned eval poses, static scene); 150k env steps",150000,25,10000,28f0c5f,39573422,1.0,1.0,0.0,0.7023747526309814,0.6282071363238786,0.1055955044358912,20.4,44.08,2.16078431372549,complete,results/grid/dreamerv3/pair0_seed2,
dreamerv3-v2_pair0_L3_s2,2026-09-06,dreamerv3,reconstruction world model,grid_150k,2,pair0,L3,procthor-10k train house 0; 1 room(s); 380 reachable cells; L2 + 4 distractor objects; variant seed 1337,target=Fridge; target swappable at L2=yes,objectnav,"DreamerV3 train_ratio=512; protocol v2 (held-out start poses, pinned eval poses, static scene); 150k env steps",150000,25,10000,28f0c5f,39573422,1.0,1.0,0.0,0.7023747526309814,0.6595505777796518,0.060970549825313664,20.4,36.6,1.7941176470588238,complete,results/grid/dreamerv3/pair0_seed2,
dreamerv3-v2_pair1_L1_s2,2026-09-06,dreamerv3,reconstruction world model,grid_150k,2,pair1,L1,procthor-10k train house 2; 1 room(s); 162 reachable cells; wall/floor materials + lighting + skybox changed; variant seed 1338,target=Bed; target swappable at L2=yes,objectnav,"DreamerV3 train_ratio=512; protocol v2 (held-out start poses, pinned eval poses, static scene); 150k env steps",150000,25,10000,28f0c5f,39573422,0.92,1.0,-0.08695652173913039,0.6280019804565949,0.6575116290183708,-0.0469897380583427,46.2,43.12,0.9333333333333332,complete,results/grid/dreamerv3/pair1_seed2,
dreamerv3-v2_pair1_L2_s2,2026-09-06,dreamerv3,reconstruction world model,grid_150k,2,pair1,L2,"procthor-10k train house 2; 1 room(s); 162 reachable cells; L1 + every object's appearance changed, target included when swappable; variant seed 1338",target=Bed; target swappable at L2=yes,objectnav,"DreamerV3 train_ratio=512; protocol v2 (held-out start poses, pinned eval poses, static scene); 150k env steps",150000,25,10000,28f0c5f,39573422,0.92,1.0,-0.08695652173913039,0.6280019804565949,0.6509175975230559,-0.03648972101935081,46.2,34.44,0.7454545454545454,complete,results/grid/dreamerv3/pair1_seed2,
dreamerv3-v2_pair1_L3_s2,2026-09-06,dreamerv3,reconstruction world model,grid_150k,2,pair1,L3,procthor-10k train house 2; 1 room(s); 162 reachable cells; L2 + 2 distractor objects; variant seed 1338,target=Bed; target swappable at L2=yes,objectnav,"DreamerV3 train_ratio=512; protocol v2 (held-out start poses, pinned eval poses, static scene); 150k env steps",150000,25,10000,28f0c5f,39573422,0.92,0.96,-0.04347826086956513,0.6280019804565949,0.6300386613166532,-0.0032431121611710065,46.2,40.56,0.8779220779220779,complete,results/grid/dreamerv3/pair1_seed2,
dreamerv3-v2_pair2_L1_s2,2026-09-06,dreamerv3,reconstruction world model,grid_150k,2,pair2,L1,procthor-10k train house 250; 1 room(s); 128 reachable cells; wall/floor materials + lighting + skybox changed; variant seed 1339,target=Bed; target swappable at L2=no,objectnav,"DreamerV3 train_ratio=512; protocol v2 (held-out start poses, pinned eval poses, static scene); 150k env steps",150000,25,10000,28f0c5f,39573422,1.0,1.0,0.0,0.7511409637227752,0.7767618979014861,-0.03410935552193753,13.96,26.2,1.8767908309455585,complete,results/grid/dreamerv3/pair2_seed2,
dreamerv3-v2_pair2_L2_s2,2026-09-06,dreamerv3,reconstruction world model,grid_150k,2,pair2,L2,"procthor-10k train house 250; 1 room(s); 128 reachable cells; L1 + every object's appearance changed, target included when swappable; variant seed 1339",target=Bed; target swappable at L2=no,objectnav,"DreamerV3 train_ratio=512; protocol v2 (held-out start poses, pinned eval poses, static scene); 150k env steps",150000,25,10000,28f0c5f,39573422,1.0,1.0,0.0,0.7511409637227752,0.776047612414777,-0.033158421514598975,13.96,30.4,2.1776504297994266,complete,results/grid/dreamerv3/pair2_seed2,
dreamerv3-v2_pair2_L3_s2,2026-09-06,dreamerv3,reconstruction world model,grid_150k,2,pair2,L3,procthor-10k train house 250; 1 room(s); 128 reachable cells; L2 + 5 distractor objects; variant seed 1339,target=Bed; target swappable at L2=no,objectnav,"DreamerV3 train_ratio=512; protocol v2 (held-out start poses, pinned eval poses, static scene); 150k env steps",150000,25,10000,28f0c5f,39573422,1.0,1.0,0.0,0.7511409637227752,0.7777142788209058,-0.035377267891806945,13.96,25.64,1.8366762177650429,complete,results/grid/dreamerv3/pair2_seed2,
dreamerv3-v2_pair3_L1_s2,2026-09-06,dreamerv3,reconstruction world model,grid_150k,2,pair3,L1,procthor-10k train house 44; 2 room(s); 460 reachable cells; wall/floor materials + lighting + skybox changed; variant seed 1340,target=Bed; target swappable at L2=yes,objectnav,"DreamerV3 train_ratio=512; protocol v2 (held-out start poses, pinned eval poses, static scene); 150k env steps",150000,25,10000,28f0c5f,39573422,0.36,0.04,0.888888888888889,0.2225290206869461,0.04,0.8202481641427254,167.0,192.16,1.1506586826347305,complete,results/grid/dreamerv3/pair3_seed2,house-A success 0.36 < 0.5: left out of relative-drop comparisons (rule fixed 2026-09-05)
dreamerv3-v2_pair3_L2_s2,2026-09-06,dreamerv3,reconstruction world model,grid_150k,2,pair3,L2,"procthor-10k train house 44; 2 room(s); 460 reachable cells; L1 + every object's appearance changed, target included when swappable; variant seed 1340",target=Bed; target swappable at L2=yes,objectnav,"DreamerV3 train_ratio=512; protocol v2 (held-out start poses, pinned eval poses, static scene); 150k env steps",150000,25,10000,28f0c5f,39573422,0.36,0.04,0.888888888888889,0.2225290206869461,0.04,0.8202481641427254,167.0,192.2,1.1508982035928144,complete,results/grid/dreamerv3/pair3_seed2,house-A success 0.36 < 0.5: left out of relative-drop comparisons (rule fixed 2026-09-05)
dreamerv3-v2_pair3_L3_s2,2026-09-06,dreamerv3,reconstruction world model,grid_150k,2,pair3,L3,procthor-10k train house 44; 2 room(s); 460 reachable cells; L2 + 8 distractor objects; variant seed 1340,target=Bed; target swappable at L2=yes,objectnav,"DreamerV3 train_ratio=512; protocol v2 (held-out start poses, pinned eval poses, static scene); 150k env steps",150000,25,10000,28f0c5f,39573422,0.36,0.08,0.7777777777777777,0.2225290206869461,0.0438095232711916,0.8031289440992828,167.0,199.04,1.1918562874251497,complete,results/grid/dreamerv3/pair3_seed2,house-A success 0.36 < 0.5: left out of relative-drop comparisons (rule fixed 2026-09-05)
dreamerv3-v2_pair4_L1_s2,2026-09-06,dreamerv3,reconstruction world model,grid_150k,2,pair4,L1,procthor-10k train house 286; 2 room(s); 681 reachable cells; wall/floor materials + lighting + skybox changed; variant seed 1341,target=Television; target swappable at L2=yes,objectnav,"DreamerV3 train_ratio=512; protocol v2 (held-out start poses, pinned eval poses, static scene); 150k env steps",150000,25,10000,28f0c5f,39573422,0.32,0.88,-1.7500000000000002,0.1619727047436479,0.4110177911921002,-1.5375744131865474,163.24,81.88,0.5015927468757657,complete,results/grid/dreamerv3/pair4_seed2,house-A success 0.32 < 0.5: left out of relative-drop comparisons (rule fixed 2026-09-05)
dreamerv3-v2_pair4_L2_s2,2026-09-06,dreamerv3,reconstruction world model,grid_150k,2,pair4,L2,"procthor-10k train house 286; 2 room(s); 681 reachable cells; L1 + every object's appearance changed, target included when swappable; variant seed 1341",target=Television; target swappable at L2=yes,objectnav,"DreamerV3 train_ratio=512; protocol v2 (held-out start poses, pinned eval poses, static scene); 150k env steps",150000,25,10000,28f0c5f,39573422,0.32,0.92,-1.8750000000000002,0.1619727047436479,0.4233769153014509,-1.6138781591103517,163.24,80.76,0.4947316834109287,complete,results/grid/dreamerv3/pair4_seed2,house-A success 0.32 < 0.5: left out of relative-drop comparisons (rule fixed 2026-09-05)
dreamerv3-v2_pair4_L3_s2,2026-09-06,dreamerv3,reconstruction world model,grid_150k,2,pair4,L3,procthor-10k train house 286; 2 room(s); 681 reachable cells; L2 + 8 distractor objects; variant seed 1341,target=Television; target swappable at L2=yes,objectnav,"DreamerV3 train_ratio=512; protocol v2 (held-out start poses, pinned eval poses, static scene); 150k env steps",150000,25,10000,28f0c5f,39573422,0.32,0.88,-1.7500000000000002,0.1619727047436479,0.3979072780415039,-1.4566316816852976,163.24,81.28,0.49791717716246015,complete,results/grid/dreamerv3/pair4_seed2,house-A success 0.32 < 0.5: left out of relative-drop comparisons (rule fixed 2026-09-05)
dreamerv3-v2_pair0_L1_s3,2026-09-06,dreamerv3,reconstruction world model,grid_150k,3,pair0,L1,procthor-10k train house 0; 1 room(s); 380 reachable cells; wall/floor materials + lighting + skybox changed; variant seed 1337,target=Fridge; target swappable at L2=yes,objectnav,"DreamerV3 train_ratio=512; protocol v2 (held-out start poses, pinned eval poses, static scene); 150k env steps",150000,25,10000,28f0c5f,39573422,1.0,0.96,0.040000000000000036,0.7298327114063311,0.5921529697279055,0.18864561635381807,20.6,50.08,2.431067961165048,complete,results/grid/dreamerv3/pair0_seed3,
dreamerv3-v2_pair0_L2_s3,2026-09-06,dreamerv3,reconstruction world model,grid_150k,3,pair0,L2,"procthor-10k train house 0; 1 room(s); 380 reachable cells; L1 + every object's appearance changed, target included when swappable; variant seed 1337",target=Fridge; target swappable at L2=yes,objectnav,"DreamerV3 train_ratio=512; protocol v2 (held-out start poses, pinned eval poses, static scene); 150k env steps",150000,25,10000,28f0c5f,39573422,1.0,0.88,0.12,0.7298327114063311,0.4838666147501997,0.33701709009750164,20.6,82.52,4.005825242718446,complete,results/grid/dreamerv3/pair0_seed3,
dreamerv3-v2_pair0_L3_s3,2026-09-06,dreamerv3,reconstruction world model,grid_150k,3,pair0,L3,procthor-10k train house 0; 1 room(s); 380 reachable cells; L2 + 4 distractor objects; variant seed 1337,target=Fridge; target swappable at L2=yes,objectnav,"DreamerV3 train_ratio=512; protocol v2 (held-out start poses, pinned eval poses, static scene); 150k env steps",150000,25,10000,28f0c5f,39573422,1.0,0.92,0.07999999999999996,0.7298327114063311,0.4985418815263371,0.3169093769917691,20.6,83.44,4.0504854368932035,complete,results/grid/dreamerv3/pair0_seed3,
dreamerv3-v2_pair1_L1_s3,2026-09-06,dreamerv3,reconstruction world model,grid_150k,3,pair1,L1,procthor-10k train house 2; 1 room(s); 162 reachable cells; wall/floor materials + lighting + skybox changed; variant seed 1338,target=Bed; target swappable at L2=yes,objectnav,"DreamerV3 train_ratio=512; protocol v2 (held-out start poses, pinned eval poses, static scene); 150k env steps",150000,25,10000,28f0c5f,39573422,1.0,0.64,0.36,0.6801202730648712,0.5119960174685214,0.24719782993487358,14.72,107.4,7.296195652173913,complete,results/grid/dreamerv3/pair1_seed3,
dreamerv3-v2_pair1_L2_s3,2026-09-06,dreamerv3,reconstruction world model,grid_150k,3,pair1,L2,"procthor-10k train house 2; 1 room(s); 162 reachable cells; L1 + every object's appearance changed, target included when swappable; variant seed 1338",target=Bed; target swappable at L2=yes,objectnav,"DreamerV3 train_ratio=512; protocol v2 (held-out start poses, pinned eval poses, static scene); 150k env steps",150000,25,10000,28f0c5f,39573422,1.0,0.28,0.72,0.6801202730648712,0.28,0.5883081109489393,14.72,156.84,10.654891304347826,complete,results/grid/dreamerv3/pair1_seed3,
dreamerv3-v2_pair1_L3_s3,2026-09-06,dreamerv3,reconstruction world model,grid_150k,3,pair1,L3,procthor-10k train house 2; 1 room(s); 162 reachable cells; L2 + 2 distractor objects; variant seed 1338,target=Bed; target swappable at L2=yes,objectnav,"DreamerV3 train_ratio=512; protocol v2 (held-out start poses, pinned eval poses, static scene); 150k env steps",150000,25,10000,28f0c5f,39573422,1.0,0.6,0.4,0.6801202730648712,0.4582795155504612,0.3261787161772347,14.72,107.2,7.282608695652174,complete,results/grid/dreamerv3/pair1_seed3,
dreamerv3-v2_pair2_L1_s3,2026-09-06,dreamerv3,reconstruction world model,grid_150k,3,pair2,L1,procthor-10k train house 250; 1 room(s); 128 reachable cells; wall/floor materials + lighting + skybox changed; variant seed 1339,target=Bed; target swappable at L2=no,objectnav,"DreamerV3 train_ratio=512; protocol v2 (held-out start poses, pinned eval poses, static scene); 150k env steps",150000,25,10000,28f0c5f,39573422,0.48,1.0,-1.0833333333333335,0.3765714265554877,0.7688253895927245,-1.0416455826858608,119.4,21.08,0.17654941373534336,complete,results/grid/dreamerv3/pair2_seed3,house-A success 0.48 < 0.5: left out of relative-drop comparisons (rule fixed 2026-09-05)
dreamerv3-v2_pair2_L2_s3,2026-09-06,dreamerv3,reconstruction world model,grid_150k,3,pair2,L2,"procthor-10k train house 250; 1 room(s); 128 reachable cells; L1 + every object's appearance changed, target included when swappable; variant seed 1339",target=Bed; target swappable at L2=no,objectnav,"DreamerV3 train_ratio=512; protocol v2 (held-out start poses, pinned eval poses, static scene); 150k env steps",150000,25,10000,28f0c5f,39573422,0.48,1.0,-1.0833333333333335,0.3765714265554877,0.7653799468705131,-1.0324960761666675,119.4,28.88,0.2418760469011725,complete,results/grid/dreamerv3/pair2_seed3,house-A success 0.48 < 0.5: left out of relative-drop comparisons (rule fixed 2026-09-05)
dreamerv3-v2_pair2_L3_s3,2026-09-06,dreamerv3,reconstruction world model,grid_150k,3,pair2,L3,procthor-10k train house 250; 1 room(s); 128 reachable cells; L2 + 5 distractor objects; variant seed 1339,target=Bed; target swappable at L2=no,objectnav,"DreamerV3 train_ratio=512; protocol v2 (held-out start poses, pinned eval poses, static scene); 150k env steps",150000,25,10000,28f0c5f,39573422,0.48,1.0,-1.0833333333333335,0.3765714265554877,0.7664285656367187,-1.035280723891529,119.4,28.2,0.23618090452261306,complete,results/grid/dreamerv3/pair2_seed3,house-A success 0.48 < 0.5: left out of relative-drop comparisons (rule fixed 2026-09-05)
dreamerv3-v2_pair3_L1_s3,2026-09-06,dreamerv3,reconstruction world model,grid_150k,3,pair3,L1,procthor-10k train house 44; 2 room(s); 460 reachable cells; wall/floor materials + lighting + skybox changed; variant seed 1340,target=Bed; target swappable at L2=yes,objectnav,"DreamerV3 train_ratio=512; protocol v2 (held-out start poses, pinned eval poses, static scene); 150k env steps",150000,25,10000,28f0c5f,39573422,0.84,0.28,0.6666666666666666,0.5273568805339853,0.1721761240931367,0.673511182941623,83.2,168.56,2.0259615384615386,complete,results/grid/dreamerv3/pair3_seed3,
dreamerv3-v2_pair3_L2_s3,2026-09-06,dreamerv3,reconstruction world model,grid_150k,3,pair3,L2,"procthor-10k train house 44; 2 room(s); 460 reachable cells; L1 + every object's appearance changed, target included when swappable; variant seed 1340",target=Bed; target swappable at L2=yes,objectnav,"DreamerV3 train_ratio=512; protocol v2 (held-out start poses, pinned eval poses, static scene); 150k env steps",150000,25,10000,28f0c5f,39573422,0.84,0.08,0.9047619047619048,0.5273568805339853,0.0471999985314401,0.9104970461679635,83.2,191.56,2.302403846153846,complete,results/grid/dreamerv3/pair3_seed3,
dreamerv3-v2_pair3_L3_s3,2026-09-06,dreamerv3,reconstruction world model,grid_150k,3,pair3,L3,procthor-10k train house 44; 2 room(s); 460 reachable cells; L2 + 8 distractor objects; variant seed 1340,target=Bed; target swappable at L2=yes,objectnav,"DreamerV3 train_ratio=512; protocol v2 (held-out start poses, pinned eval poses, static scene); 150k env steps",150000,25,10000,28f0c5f,39573422,0.84,0.12,0.8571428571428571,0.5273568805339853,0.12,0.7724501102962917,83.2,186.04,2.2360576923076922,complete,results/grid/dreamerv3/pair3_seed3,
dreamerv3-v2_pair4_L1_s3,2026-09-06,dreamerv3,reconstruction world model,grid_150k,3,pair4,L1,procthor-10k train house 286; 2 room(s); 681 reachable cells; wall/floor materials + lighting + skybox changed; variant seed 1341,target=Television; target swappable at L2=yes,objectnav,"DreamerV3 train_ratio=512; protocol v2 (held-out start poses, pinned eval poses, static scene); 150k env steps",150000,25,10000,28f0c5f,39573422,0.0,0.2,,0.0,0.0959453867482498,,200.0,185.28,0.9264,complete,results/grid/dreamerv3/pair4_seed3,house-A success 0.00 < 0.5: left out of relative-drop comparisons (rule fixed 2026-09-05)
dreamerv3-v2_pair4_L2_s3,2026-09-06,dreamerv3,reconstruction world model,grid_150k,3,pair4,L2,"procthor-10k train house 286; 2 room(s); 681 reachable cells; L1 + every object's appearance changed, target included when swappable; variant seed 1341",target=Television; target swappable at L2=yes,objectnav,"DreamerV3 train_ratio=512; protocol v2 (held-out start poses, pinned eval poses, static scene); 150k env steps",150000,25,10000,28f0c5f,39573422,0.0,0.48,,0.0,0.3292976521373548,,200.0,136.12,0.6806,complete,results/grid/dreamerv3/pair4_seed3,house-A success 0.00 < 0.5: left out of relative-drop comparisons (rule fixed 2026-09-05)
dreamerv3-v2_pair4_L3_s3,2026-09-06,dreamerv3,reconstruction world model,grid_150k,3,pair4,L3,procthor-10k train house 286; 2 room(s); 681 reachable cells; L2 + 8 distractor objects; variant seed 1341,target=Television; target swappable at L2=yes,objectnav,"DreamerV3 train_ratio=512; protocol v2 (held-out start poses, pinned eval poses, static scene); 150k env steps",150000,25,10000,28f0c5f,39573422,0.0,0.28,,0.0,0.177189112608878,,200.0,158.0,0.79,complete,results/grid/dreamerv3/pair4_seed3,house-A success 0.00 < 0.5: left out of relative-drop comparisons (rule fixed 2026-09-05)
dreamerv3-v2_pair0_L1_s4,2026-09-06,dreamerv3,reconstruction world model,grid_150k,4,pair0,L1,procthor-10k train house 0; 1 room(s); 380 reachable cells; wall/floor materials + lighting + skybox changed; variant seed 1337,target=Fridge; target swappable at L2=yes,objectnav,"DreamerV3 train_ratio=512; protocol v2 (held-out start poses, pinned eval poses, static scene); 150k env steps",150000,25,10000,28f0c5f,39573422,0.96,1.0,-0.041666666666666706,0.6995122340732377,0.6746286480174304,0.035572767485296114,26.32,45.6,1.7325227963525835,complete,results/grid/dreamerv3/pair0_seed4,
dreamerv3-v2_pair0_L2_s4,2026-09-06,dreamerv3,reconstruction world model,grid_150k,4,pair0,L2,"procthor-10k train house 0; 1 room(s); 380 reachable cells; L1 + every object's appearance changed, target included when swappable; variant seed 1337",target=Fridge; target swappable at L2=yes,objectnav,"DreamerV3 train_ratio=512; protocol v2 (held-out start poses, pinned eval poses, static scene); 150k env steps",150000,25,10000,28f0c5f,39573422,0.96,0.88,0.0833333333333333,0.6995122340732377,0.5928106858031669,0.15253707236648467,26.32,59.84,2.2735562310030395,complete,results/grid/dreamerv3/pair0_seed4,
dreamerv3-v2_pair0_L3_s4,2026-09-06,dreamerv3,reconstruction world model,grid_150k,4,pair0,L3,procthor-10k train house 0; 1 room(s); 380 reachable cells; L2 + 4 distractor objects; variant seed 1337,target=Fridge; target swappable at L2=yes,objectnav,"DreamerV3 train_ratio=512; protocol v2 (held-out start poses, pinned eval poses, static scene); 150k env steps",150000,25,10000,28f0c5f,39573422,0.96,0.92,0.04166666666666659,0.6995122340732377,0.5900727550759766,0.15645112932478464,26.32,56.04,2.129179331306991,complete,results/grid/dreamerv3/pair0_seed4,
dreamerv3-v2_pair1_L1_s4,2026-09-06,dreamerv3,reconstruction world model,grid_150k,4,pair1,L1,procthor-10k train house 2; 1 room(s); 162 reachable cells; wall/floor materials + lighting + skybox changed; variant seed 1338,target=Bed; target swappable at L2=yes,objectnav,"DreamerV3 train_ratio=512; protocol v2 (held-out start poses, pinned eval poses, static scene); 150k env steps",150000,25,10000,28f0c5f,39573422,1.0,1.0,0.0,0.6788689590950295,0.63942611872611,0.05810081583564973,16.6,41.8,2.5180722891566263,complete,results/grid/dreamerv3/pair1_seed4,
dreamerv3-v2_pair1_L2_s4,2026-09-06,dreamerv3,reconstruction world model,grid_150k,4,pair1,L2,"procthor-10k train house 2; 1 room(s); 162 reachable cells; L1 + every object's appearance changed, target included when swappable; variant seed 1338",target=Bed; target swappable at L2=yes,objectnav,"DreamerV3 train_ratio=512; protocol v2 (held-out start poses, pinned eval poses, static scene); 150k env steps",150000,25,10000,28f0c5f,39573422,1.0,0.56,0.43999999999999995,0.6788689590950295,0.4331536179271926,0.361948116607643,16.6,113.04,6.809638554216868,complete,results/grid/dreamerv3/pair1_seed4,
dreamerv3-v2_pair1_L3_s4,2026-09-06,dreamerv3,reconstruction world model,grid_150k,4,pair1,L3,procthor-10k train house 2; 1 room(s); 162 reachable cells; L2 + 2 distractor objects; variant seed 1338,target=Bed; target swappable at L2=yes,objectnav,"DreamerV3 train_ratio=512; protocol v2 (held-out start poses, pinned eval poses, static scene); 150k env steps",150000,25,10000,28f0c5f,39573422,1.0,0.88,0.12,0.6788689590950295,0.5854477245604042,0.13761305960897244,16.6,61.76,3.7204819277108427,complete,results/grid/dreamerv3/pair1_seed4,
dreamerv3-v2_pair2_L1_s4,2026-09-06,dreamerv3,reconstruction world model,grid_150k,4,pair2,L1,procthor-10k train house 250; 1 room(s); 128 reachable cells; wall/floor materials + lighting + skybox changed; variant seed 1339,target=Bed; target swappable at L2=no,objectnav,"DreamerV3 train_ratio=512; protocol v2 (held-out start poses, pinned eval poses, static scene); 150k env steps",150000,25,10000,28f0c5f,39573422,1.0,0.96,0.040000000000000036,0.7743333276881418,0.7328888854975563,0.05352274105819842,17.96,34.8,1.9376391982182626,complete,results/grid/dreamerv3/pair2_seed4,
dreamerv3-v2_pair2_L2_s4,2026-09-06,dreamerv3,reconstruction world model,grid_150k,4,pair2,L2,"procthor-10k train house 250; 1 room(s); 128 reachable cells; L1 + every object's appearance changed, target included when swappable; variant seed 1339",target=Bed; target swappable at L2=no,objectnav,"DreamerV3 train_ratio=512; protocol v2 (held-out start poses, pinned eval poses, static scene); 150k env steps",150000,25,10000,28f0c5f,39573422,1.0,0.96,0.040000000000000036,0.7743333276881418,0.7340952332811993,0.051964823117039,17.96,37.92,2.111358574610245,complete,results/grid/dreamerv3/pair2_seed4,
dreamerv3-v2_pair2_L3_s4,2026-09-06,dreamerv3,reconstruction world model,grid_150k,4,pair2,L3,procthor-10k train house 250; 1 room(s); 128 reachable cells; L2 + 5 distractor objects; variant seed 1339,target=Bed; target swappable at L2=no,objectnav,"DreamerV3 train_ratio=512; protocol v2 (held-out start poses, pinned eval poses, static scene); 150k env steps",150000,25,10000,28f0c5f,39573422,1.0,0.96,0.040000000000000036,0.7743333276881418,0.7619999993985874,0.01592767332690804,17.96,33.44,1.861915367483296,complete,results/grid/dreamerv3/pair2_seed4,
dreamerv3-v2_pair3_L1_s4,2026-09-06,dreamerv3,reconstruction world model,grid_150k,4,pair3,L1,procthor-10k train house 44; 2 room(s); 460 reachable cells; wall/floor materials + lighting + skybox changed; variant seed 1340,target=Bed; target swappable at L2=yes,objectnav,"DreamerV3 train_ratio=512; protocol v2 (held-out start poses, pinned eval poses, static scene); 150k env steps",150000,25,10000,28f0c5f,39573422,0.84,0.04,0.9523809523809523,0.5355268142025581,0.0048979584938968,0.9908539435113248,81.88,198.6,2.425500732779678,complete,results/grid/dreamerv3/pair3_seed4,
dreamerv3-v2_pair3_L2_s4,2026-09-06,dreamerv3,reconstruction world model,grid_150k,4,pair3,L2,"procthor-10k train house 44; 2 room(s); 460 reachable cells; L1 + every object's appearance changed, target included when swappable; variant seed 1340",target=Bed; target swappable at L2=yes,objectnav,"DreamerV3 train_ratio=512; protocol v2 (held-out start poses, pinned eval poses, static scene); 150k env steps",150000,25,10000,28f0c5f,39573422,0.84,0.0,1.0,0.5355268142025581,0.0,1.0,81.88,200.0,2.442598925256473,complete,results/grid/dreamerv3/pair3_seed4,
dreamerv3-v2_pair3_L3_s4,2026-09-06,dreamerv3,reconstruction world model,grid_150k,4,pair3,L3,procthor-10k train house 44; 2 room(s); 460 reachable cells; L2 + 8 distractor objects; variant seed 1340,target=Bed; target swappable at L2=yes,objectnav,"DreamerV3 train_ratio=512; protocol v2 (held-out start poses, pinned eval poses, static scene); 150k env steps",150000,25,10000,28f0c5f,39573422,0.84,0.0,1.0,0.5355268142025581,0.0,1.0,81.88,200.0,2.442598925256473,complete,results/grid/dreamerv3/pair3_seed4,
dreamerv3-v2_pair4_L1_s4,2026-09-06,dreamerv3,reconstruction world model,grid_150k,4,pair4,L1,procthor-10k train house 286; 2 room(s); 681 reachable cells; wall/floor materials + lighting + skybox changed; variant seed 1341,target=Television; target swappable at L2=yes,objectnav,"DreamerV3 train_ratio=512; protocol v2 (held-out start poses, pinned eval poses, static scene); 150k env steps",150000,25,10000,28f0c5f,39573422,0.84,0.8,0.04761904761904753,0.3731542769220844,0.5013108034593576,-0.34344113001827564,68.08,66.52,0.9770857814336075,complete,results/grid/dreamerv3/pair4_seed4,
dreamerv3-v2_pair4_L2_s4,2026-09-06,dreamerv3,reconstruction world model,grid_150k,4,pair4,L2,"procthor-10k train house 286; 2 room(s); 681 reachable cells; L1 + every object's appearance changed, target included when swappable; variant seed 1341",target=Television; target swappable at L2=yes,objectnav,"DreamerV3 train_ratio=512; protocol v2 (held-out start poses, pinned eval poses, static scene); 150k env steps",150000,25,10000,28f0c5f,39573422,0.84,0.88,-0.047619047619047665,0.3731542769220844,0.6168978107050536,-0.6531977491815361,68.08,58.88,0.8648648648648649,complete,results/grid/dreamerv3/pair4_seed4,
dreamerv3-v2_pair4_L3_s4,2026-09-06,dreamerv3,reconstruction world model,grid_150k,4,pair4,L3,procthor-10k train house 286; 2 room(s); 681 reachable cells; L2 + 8 distractor objects; variant seed 1341,target=Television; target swappable at L2=yes,objectnav,"DreamerV3 train_ratio=512; protocol v2 (held-out start poses, pinned eval poses, static scene); 150k env steps",150000,25,10000,28f0c5f,39573422,0.84,0.88,-0.047619047619047665,0.3731542769220844,0.5562812987368982,-0.4907541816894443,68.08,69.88,1.026439482961222,complete,results/grid/dreamerv3/pair4_seed4,
dreamerv3-v2-300k_pair1_L1_s0,2026-09-08,dreamerv3,reconstruction world model,grid_300k,0,pair1,L1,procthor-10k train house 2; 1 room(s); 162 reachable cells; wall/floor materials + lighting + skybox changed; variant seed 1338,target=Bed; target swappable at L2=yes,objectnav,"DreamerV3 train_ratio=512; protocol v2 (held-out start poses, pinned eval poses, static scene); 300k env steps",300000,25,10000,b95a196,39666403,0.64,0.44,0.3125,0.4014461052339217,0.3556018115624029,0.1141978788031969,91.76,127.0,1.3840453356582387,complete,results/grid_300000/dreamerv3/pair1_seed0,"diagnostic run at 300k (job 39666403), folded into the grid; saved model later deleted by mistake"
dreamerv3-v2-300k_pair1_L2_s0,2026-09-08,dreamerv3,reconstruction world model,grid_300k,0,pair1,L2,"procthor-10k train house 2; 1 room(s); 162 reachable cells; L1 + every object's appearance changed, target included when swappable; variant seed 1338",target=Bed; target swappable at L2=yes,objectnav,"DreamerV3 train_ratio=512; protocol v2 (held-out start poses, pinned eval poses, static scene); 300k env steps",300000,25,10000,b95a196,39666403,0.64,0.4,0.375,0.4014461052339217,0.3002614382948421,0.25205043870115407,91.76,143.68,1.5658238884045335,complete,results/grid_300000/dreamerv3/pair1_seed0,"diagnostic run at 300k (job 39666403), folded into the grid; saved model later deleted by mistake"
dreamerv3-v2-300k_pair1_L3_s0,2026-09-08,dreamerv3,reconstruction world model,grid_300k,0,pair1,L3,procthor-10k train house 2; 1 room(s); 162 reachable cells; L2 + 2 distractor objects; variant seed 1338,target=Bed; target swappable at L2=yes,objectnav,"DreamerV3 train_ratio=512; protocol v2 (held-out start poses, pinned eval poses, static scene); 300k env steps",300000,25,10000,b95a196,39666403,0.64,0.6,0.06250000000000006,0.4014461052339217,0.4071842815563687,-0.014293765084863323,91.76,108.08,1.1778552746294682,complete,results/grid_300000/dreamerv3/pair1_seed0,"diagnostic run at 300k (job 39666403), folded into the grid; saved model later deleted by mistake"
dreamerv3-v2-300k_pair2_L1_s0,2026-09-08,dreamerv3,reconstruction world model,grid_300k,0,pair2,L1,procthor-10k train house 250; 1 room(s); 128 reachable cells; wall/floor materials + lighting + skybox changed; variant seed 1339,target=Bed; target swappable at L2=no,objectnav,"DreamerV3 train_ratio=512; protocol v2 (held-out start poses, pinned eval poses, static scene); 300k env steps",300000,25,10000,b95a196,39666403,0.84,1.0,-0.19047619047619052,0.6355555523417682,0.7718095198227946,-0.2143856142535219,45.92,24.12,0.5252613240418118,complete,results/grid_300000/dreamerv3/pair2_seed0,"diagnostic run at 300k (job 39666403), folded into the grid; saved model later deleted by mistake"
dreamerv3-v2-300k_pair2_L2_s0,2026-09-08,dreamerv3,reconstruction world model,grid_300k,0,pair2,L2,"procthor-10k train house 250; 1 room(s); 128 reachable cells; L1 + every object's appearance changed, target included when swappable; variant seed 1339",target=Bed; target swappable at L2=no,objectnav,"DreamerV3 train_ratio=512; protocol v2 (held-out start poses, pinned eval poses, static scene); 300k env steps",300000,25,10000,b95a196,39666403,0.84,1.0,-0.19047619047619052,0.6355555523417682,0.762920633286922,-0.2003996038990838,45.92,32.72,0.7125435540069686,complete,results/grid_300000/dreamerv3/pair2_seed0,"diagnostic run at 300k (job 39666403), folded into the grid; saved model later deleted by mistake"
dreamerv3-v2-300k_pair2_L3_s0,2026-09-08,dreamerv3,reconstruction world model,grid_300k,0,pair2,L3,procthor-10k train house 250; 1 room(s); 128 reachable cells; L2 + 5 distractor objects; variant seed 1339,target=Bed; target swappable at L2=no,objectnav,"DreamerV3 train_ratio=512; protocol v2 (held-out start poses, pinned eval poses, static scene); 300k env steps",300000,25,10000,b95a196,39666403,0.84,1.0,-0.19047619047619052,0.6355555523417682,0.77242856827004,-0.2153596415355817,45.92,22.0,0.47909407665505227,complete,results/grid_300000/dreamerv3/pair2_seed0,"diagnostic run at 300k (job 39666403), folded into the grid; saved model later deleted by mistake"
dreamerv3-v2-300k_pair3_L1_s1,2026-09-08,dreamerv3,reconstruction world model,grid_300k,1,pair3,L1,procthor-10k train house 44; 2 room(s); 460 reachable cells; wall/floor materials + lighting + skybox changed; variant seed 1340,target=Bed; target swappable at L2=yes,objectnav,"DreamerV3 train_ratio=512; protocol v2 (held-out start poses, pinned eval poses, static scene); 300k env steps",300000,25,10000,b95a196,39666403,1.0,0.0,1.0,0.703289001383252,0.0,1.0,29.08,200.0,6.87757909215956,complete,results/grid_300000/dreamerv3/pair3_seed1,"diagnostic run at 300k (job 39666403), folded into the grid; saved model later deleted by mistake"
dreamerv3-v2-300k_pair3_L2_s1,2026-09-08,dreamerv3,reconstruction world model,grid_300k,1,pair3,L2,"procthor-10k train house 44; 2 room(s); 460 reachable cells; L1 + every object's appearance changed, target included when swappable; variant seed 1340",target=Bed; target swappable at L2=yes,objectnav,"DreamerV3 train_ratio=512; protocol v2 (held-out start poses, pinned eval poses, static scene); 300k env steps",300000,25,10000,b95a196,39666403,1.0,0.0,1.0,0.703289001383252,0.0,1.0,29.08,200.0,6.87757909215956,complete,results/grid_300000/dreamerv3/pair3_seed1,"diagnostic run at 300k (job 39666403), folded into the grid; saved model later deleted by mistake"
dreamerv3-v2-300k_pair3_L3_s1,2026-09-08,dreamerv3,reconstruction world model,grid_300k,1,pair3,L3,procthor-10k train house 44; 2 room(s); 460 reachable cells; L2 + 8 distractor objects; variant seed 1340,target=Bed; target swappable at L2=yes,objectnav,"DreamerV3 train_ratio=512; protocol v2 (held-out start poses, pinned eval poses, static scene); 300k env steps",300000,25,10000,b95a196,39666403,1.0,0.04,0.96,0.703289001383252,0.04,0.943124377146057,29.08,192.2,6.609353507565337,complete,results/grid_300000/dreamerv3/pair3_seed1,"diagnostic run at 300k (job 39666403), folded into the grid; saved model later deleted by mistake"
dreamerv3-v2-300k_pair2_L1_s3,2026-09-08,dreamerv3,reconstruction world model,grid_300k,3,pair2,L1,procthor-10k train house 250; 1 room(s); 128 reachable cells; wall/floor materials + lighting + skybox changed; variant seed 1339,target=Bed; target swappable at L2=no,objectnav,"DreamerV3 train_ratio=512; protocol v2 (held-out start poses, pinned eval poses, static scene); 300k env steps",300000,25,10000,b95a196,39666403,0.88,0.08,0.9090909090909092,0.679909087830564,0.08,0.882337210324307,39.0,188.6,4.835897435897436,complete,results/grid_300000/dreamerv3/pair2_seed3,"diagnostic run at 300k (job 39666403), folded into the grid; saved model later deleted by mistake"
dreamerv3-v2-300k_pair2_L2_s3,2026-09-08,dreamerv3,reconstruction world model,grid_300k,3,pair2,L2,"procthor-10k train house 250; 1 room(s); 128 reachable cells; L1 + every object's appearance changed, target included when swappable; variant seed 1339",target=Bed; target swappable at L2=no,objectnav,"DreamerV3 train_ratio=512; protocol v2 (held-out start poses, pinned eval poses, static scene); 300k env steps",300000,25,10000,b95a196,39666403,0.88,0.04,0.9545454545454545,0.679909087830564,0.04,0.9411686051621534,39.0,192.04,4.924102564102564,complete,results/grid_300000/dreamerv3/pair2_seed3,"diagnostic run at 300k (job 39666403), folded into the grid; saved model later deleted by mistake"
dreamerv3-v2-300k_pair2_L3_s3,2026-09-08,dreamerv3,reconstruction world model,grid_300k,3,pair2,L3,procthor-10k train house 250; 1 room(s); 128 reachable cells; L2 + 5 distractor objects; variant seed 1339,target=Bed; target swappable at L2=no,objectnav,"DreamerV3 train_ratio=512; protocol v2 (held-out start poses, pinned eval poses, static scene); 300k env steps",300000,25,10000,b95a196,39666403,0.88,0.04,0.9545454545454545,0.679909087830564,0.04,0.9411686051621534,39.0,192.04,4.924102564102564,complete,results/grid_300000/dreamerv3/pair2_seed3,"diagnostic run at 300k (job 39666403), folded into the grid; saved model later deleted by mistake"
dreamerv3-v2-300k_pair4_L1_s3,2026-09-08,dreamerv3,reconstruction world model,grid_300k,3,pair4,L1,procthor-10k train house 286; 2 room(s); 681 reachable cells; wall/floor materials + lighting + skybox changed; variant seed 1341,target=Television; target swappable at L2=yes,objectnav,"DreamerV3 train_ratio=512; protocol v2 (held-out start poses, pinned eval poses, static scene); 300k env steps",300000,25,10000,b95a196,39666403,0.04,0.28,-6.0,0.04,0.1520734738712164,-2.8018368467804096,192.16,152.36,0.7928809325562033,complete,results/grid_300000/dreamerv3/pair4_seed3,"diagnostic run at 300k (job 39666403), folded into the grid; saved model later deleted by mistake; house-A success 0.04 < 0.5: left out of relative-drop comparisons (rule fixed 2026-09-05)"
dreamerv3-v2-300k_pair4_L2_s3,2026-09-08,dreamerv3,reconstruction world model,grid_300k,3,pair4,L2,"procthor-10k train house 286; 2 room(s); 681 reachable cells; L1 + every object's appearance changed, target included when swappable; variant seed 1341",target=Television; target swappable at L2=yes,objectnav,"DreamerV3 train_ratio=512; protocol v2 (held-out start poses, pinned eval poses, static scene); 300k env steps",300000,25,10000,b95a196,39666403,0.04,0.8,-19.0,0.04,0.402083996116919,-9.052099902922974,192.16,79.2,0.41215653621981685,complete,results/grid_300000/dreamerv3/pair4_seed3,"diagnostic run at 300k (job 39666403), folded into the grid; saved model later deleted by mistake; house-A success 0.04 < 0.5: left out of relative-drop comparisons (rule fixed 2026-09-05)"
dreamerv3-v2-300k_pair4_L3_s3,2026-09-08,dreamerv3,reconstruction world model,grid_300k,3,pair4,L3,procthor-10k train house 286; 2 room(s); 681 reachable cells; L2 + 8 distractor objects; variant seed 1341,target=Television; target swappable at L2=yes,objectnav,"DreamerV3 train_ratio=512; protocol v2 (held-out start poses, pinned eval poses, static scene); 300k env steps",300000,25,10000,b95a196,39666403,0.04,0.84,-19.999999999999996,0.04,0.3820270103207929,-8.550675258019822,192.16,77.64,0.4040383014154871,complete,results/grid_300000/dreamerv3/pair4_seed3,"diagnostic run at 300k (job 39666403), folded into the grid; saved model later deleted by mistake; house-A success 0.04 < 0.5: left out of relative-drop comparisons (rule fixed 2026-09-05)"
ppo-v2-300k_pair0_L1_s0,2026-09-08,ppo,model-free on-policy,grid_300k,0,pair0,L1,procthor-10k train house 0; 1 room(s); 380 reachable cells; wall/floor materials + lighting + skybox changed; variant seed 1337,target=Fridge; target swappable at L2=yes,objectnav,"SB3 PPO defaults; protocol v2 (held-out start poses, pinned eval poses, static scene); 300k env steps",300000,25,10000,ad21a37,39720495,0.92,0.72,0.21739130434782614,0.7337026390612452,0.5894415030228001,0.1966207130221363,25.48,63.2,2.480376766091052,complete,results/grid_300000/ppo/pair0_seed0,
ppo-v2-300k_pair0_L2_s0,2026-09-08,ppo,model-free on-policy,grid_300k,0,pair0,L2,"procthor-10k train house 0; 1 room(s); 380 reachable cells; L1 + every object's appearance changed, target included when swappable; variant seed 1337",target=Fridge; target swappable at L2=yes,objectnav,"SB3 PPO defaults; protocol v2 (held-out start poses, pinned eval poses, static scene); 300k env steps",300000,25,10000,ad21a37,39720495,0.92,0.12,0.8695652173913043,0.7337026390612452,0.0977777798480384,0.8667337765431201,25.48,176.6,6.930926216640502,complete,results/grid_300000/ppo/pair0_seed0,
ppo-v2-300k_pair0_L3_s0,2026-09-08,ppo,model-free on-policy,grid_300k,0,pair0,L3,procthor-10k train house 0; 1 room(s); 380 reachable cells; L2 + 4 distractor objects; variant seed 1337,target=Fridge; target swappable at L2=yes,objectnav,"SB3 PPO defaults; protocol v2 (held-out start poses, pinned eval poses, static scene); 300k env steps",300000,25,10000,ad21a37,39720495,0.92,0.12,0.8695652173913043,0.7337026390612452,0.0977777798480384,0.8667337765431201,25.48,176.6,6.930926216640502,complete,results/grid_300000/ppo/pair0_seed0,
ppo-v2-300k_pair1_L1_s0,2026-09-08,ppo,model-free on-policy,grid_300k,0,pair1,L1,procthor-10k train house 2; 1 room(s); 162 reachable cells; wall/floor materials + lighting + skybox changed; variant seed 1338,target=Bed; target swappable at L2=yes,objectnav,"SB3 PPO defaults; protocol v2 (held-out start poses, pinned eval poses, static scene); 300k env steps",300000,25,10000,ad21a37,39720495,0.96,0.64,0.3333333333333333,0.6752518899565928,0.4250461699145315,0.3705368674468209,14.24,76.92,5.401685393258427,complete,results/grid_300000/ppo/pair1_seed0,
ppo-v2-300k_pair1_L2_s0,2026-09-08,ppo,model-free on-policy,grid_300k,0,pair1,L2,"procthor-10k train house 2; 1 room(s); 162 reachable cells; L1 + every object's appearance changed, target included when swappable; variant seed 1338",target=Bed; target swappable at L2=yes,objectnav,"SB3 PPO defaults; protocol v2 (held-out start poses, pinned eval poses, static scene); 300k env steps",300000,25,10000,ad21a37,39720495,0.96,0.36,0.625,0.6752518899565928,0.3039993566880496,0.5497985844843891,14.24,130.36,9.154494382022472,complete,results/grid_300000/ppo/pair1_seed0,
ppo-v2-300k_pair1_L3_s0,2026-09-08,ppo,model-free on-policy,grid_300k,0,pair1,L3,procthor-10k train house 2; 1 room(s); 162 reachable cells; L2 + 2 distractor objects; variant seed 1338,target=Bed; target swappable at L2=yes,objectnav,"SB3 PPO defaults; protocol v2 (held-out start poses, pinned eval poses, static scene); 300k env steps",300000,25,10000,ad21a37,39720495,0.96,0.36,0.625,0.6752518899565928,0.3055707080439797,0.5474715249392006,14.24,129.72,9.109550561797752,complete,results/grid_300000/ppo/pair1_seed0,
ppo-v2-300k_pair2_L1_s0,2026-09-08,ppo,model-free on-policy,grid_300k,0,pair2,L1,procthor-10k train house 250; 1 room(s); 128 reachable cells; wall/floor materials + lighting + skybox changed; variant seed 1339,target=Bed; target swappable at L2=no,objectnav,"SB3 PPO defaults; protocol v2 (held-out start poses, pinned eval poses, static scene); 300k env steps",300000,25,10000,ad21a37,39720495,0.92,0.92,0.0,0.7003333250964957,0.7003333255435301,-6.383166321953813e-10,23.72,24.32,1.0252951096121417,complete,results/grid_300000/ppo/pair2_seed0,
ppo-v2-300k_pair2_L2_s0,2026-09-08,ppo,model-free on-policy,grid_300k,0,pair2,L2,"procthor-10k train house 250; 1 room(s); 128 reachable cells; L1 + every object's appearance changed, target included when swappable; variant seed 1339",target=Bed; target swappable at L2=no,objectnav,"SB3 PPO defaults; protocol v2 (held-out start poses, pinned eval poses, static scene); 300k env steps",300000,25,10000,ad21a37,39720495,0.92,0.8,0.13043478260869565,0.7003333250964957,0.6469999967775175,0.076154206015585,23.72,47.12,1.9865092748735245,complete,results/grid_300000/ppo/pair2_seed0,
ppo-v2-300k_pair2_L3_s0,2026-09-08,ppo,model-free on-policy,grid_300k,0,pair2,L3,procthor-10k train house 250; 1 room(s); 128 reachable cells; L2 + 5 distractor objects; variant seed 1339,target=Bed; target swappable at L2=no,objectnav,"SB3 PPO defaults; protocol v2 (held-out start poses, pinned eval poses, static scene); 300k env steps",300000,25,10000,ad21a37,39720495,0.92,0.8,0.13043478260869565,0.7003333250964957,0.6469999967775175,0.076154206015585,23.72,47.12,1.9865092748735245,complete,results/grid_300000/ppo/pair2_seed0,
ppo-v2-300k_pair3_L1_s0,2026-09-08,ppo,model-free on-policy,grid_300k,0,pair3,L1,procthor-10k train house 44; 2 room(s); 460 reachable cells; wall/floor materials + lighting + skybox changed; variant seed 1340,target=Bed; target swappable at L2=yes,objectnav,"SB3 PPO defaults; protocol v2 (held-out start poses, pinned eval poses, static scene); 300k env steps",300000,25,10000,ad21a37,39720495,1.0,0.04,0.96,0.7607804553921962,0.04,0.9474224137640611,18.8,192.16,10.22127659574468,complete,results/grid_300000/ppo/pair3_seed0,
ppo-v2-300k_pair3_L2_s0,2026-09-08,ppo,model-free on-policy,grid_300k,0,pair3,L2,"procthor-10k train house 44; 2 room(s); 460 reachable cells; L1 + every object's appearance changed, target included when swappable; variant seed 1340",target=Bed; target swappable at L2=yes,objectnav,"SB3 PPO defaults; protocol v2 (held-out start poses, pinned eval poses, static scene); 300k env steps",300000,25,10000,ad21a37,39720495,1.0,0.04,0.96,0.7607804553921962,0.04,0.9474224137640611,18.8,192.2,10.223404255319148,complete,results/grid_300000/ppo/pair3_seed0,
ppo-v2-300k_pair3_L3_s0,2026-09-08,ppo,model-free on-policy,grid_300k,0,pair3,L3,procthor-10k train house 44; 2 room(s); 460 reachable cells; L2 + 8 distractor objects; variant seed 1340,target=Bed; target swappable at L2=yes,objectnav,"SB3 PPO defaults; protocol v2 (held-out start poses, pinned eval poses, static scene); 300k env steps",300000,25,10000,ad21a37,39720495,1.0,0.04,0.96,0.7607804553921962,0.04,0.9474224137640611,18.8,192.2,10.223404255319148,complete,results/grid_300000/ppo/pair3_seed0,
ppo-v2-300k_pair4_L1_s0,2026-09-08,ppo,model-free on-policy,grid_300k,0,pair4,L1,procthor-10k train house 286; 2 room(s); 681 reachable cells; wall/floor materials + lighting + skybox changed; variant seed 1341,target=Television; target swappable at L2=yes,objectnav,"SB3 PPO defaults; protocol v2 (held-out start poses, pinned eval poses, static scene); 300k env steps",300000,25,10000,ad21a37,39720495,1.0,0.44,0.56,0.6208775689241677,0.2451189757946832,0.605205618525701,23.32,123.96,5.315608919382504,complete,results/grid_300000/ppo/pair4_seed0,
ppo-v2-300k_pair4_L2_s0,2026-09-08,ppo,model-free on-policy,grid_300k,0,pair4,L2,"procthor-10k train house 286; 2 room(s); 681 reachable cells; L1 + every object's appearance changed, target included when swappable; variant seed 1341",target=Television; target swappable at L2=yes,objectnav,"SB3 PPO defaults; protocol v2 (held-out start poses, pinned eval poses, static scene); 300k env steps",300000,25,10000,ad21a37,39720495,1.0,0.32,0.6799999999999999,0.6208775689241677,0.2198137091009708,0.6459628756087044,23.32,143.28,6.144082332761578,complete,results/grid_300000/ppo/pair4_seed0,
ppo-v2-300k_pair4_L3_s0,2026-09-08,ppo,model-free on-policy,grid_300k,0,pair4,L3,procthor-10k train house 286; 2 room(s); 681 reachable cells; L2 + 8 distractor objects; variant seed 1341,target=Television; target swappable at L2=yes,objectnav,"SB3 PPO defaults; protocol v2 (held-out start poses, pinned eval poses, static scene); 300k env steps",300000,25,10000,ad21a37,39720495,1.0,0.32,0.6799999999999999,0.6208775689241677,0.2105209648016234,0.6609299879098453,23.32,144.28,6.186963979416809,complete,results/grid_300000/ppo/pair4_seed0,
ppo-v2-300k_pair0_L1_s1,2026-09-08,ppo,model-free on-policy,grid_300k,1,pair0,L1,procthor-10k train house 0; 1 room(s); 380 reachable cells; wall/floor materials + lighting + skybox changed; variant seed 1337,target=Fridge; target swappable at L2=yes,objectnav,"SB3 PPO defaults; protocol v2 (held-out start poses, pinned eval poses, static scene); 300k env steps",300000,25,10000,ad21a37,39720495,0.84,0.48,0.42857142857142855,0.6743909754028405,0.4085274787145543,0.39422754216050326,41.92,108.84,2.5963740458015265,complete,results/grid_300000/ppo/pair0_seed1,
ppo-v2-300k_pair0_L2_s1,2026-09-08,ppo,model-free on-policy,grid_300k,1,pair0,L2,"procthor-10k train house 0; 1 room(s); 380 reachable cells; L1 + every object's appearance changed, target included when swappable; variant seed 1337",target=Fridge; target swappable at L2=yes,objectnav,"SB3 PPO defaults; protocol v2 (held-out start poses, pinned eval poses, static scene); 300k env steps",300000,25,10000,ad21a37,39720495,0.84,0.2,0.7619047619047619,0.6743909754028405,0.1538113107183903,0.7719256094337373,41.92,162.48,3.875954198473282,complete,results/grid_300000/ppo/pair0_seed1,
ppo-v2-300k_pair0_L3_s1,2026-09-08,ppo,model-free on-policy,grid_300k,1,pair0,L3,procthor-10k train house 0; 1 room(s); 380 reachable cells; L2 + 4 distractor objects; variant seed 1337,target=Fridge; target swappable at L2=yes,objectnav,"SB3 PPO defaults; protocol v2 (held-out start poses, pinned eval poses, static scene); 300k env steps",300000,25,10000,ad21a37,39720495,0.84,0.24,0.7142857142857143,0.6743909754028405,0.1938113107183902,0.712612834709689,41.92,154.76,3.6917938931297707,complete,results/grid_300000/ppo/pair0_seed1,
ppo-v2-300k_pair1_L1_s1,2026-09-08,ppo,model-free on-policy,grid_300k,1,pair1,L1,procthor-10k train house 2; 1 room(s); 162 reachable cells; wall/floor materials + lighting + skybox changed; variant seed 1338,target=Bed; target swappable at L2=yes,objectnav,"SB3 PPO defaults; protocol v2 (held-out start poses, pinned eval poses, static scene); 300k env steps",300000,25,10000,ad21a37,39720495,0.92,0.6,0.3478260869565218,0.6983947588457056,0.5299999965212732,0.24111687579493332,21.8,84.6,3.880733944954128,complete,results/grid_300000/ppo/pair1_seed1,
ppo-v2-300k_pair1_L2_s1,2026-09-08,ppo,model-free on-policy,grid_300k,1,pair1,L2,"procthor-10k train house 2; 1 room(s); 162 reachable cells; L1 + every object's appearance changed, target included when swappable; variant seed 1338",target=Bed; target swappable at L2=yes,objectnav,"SB3 PPO defaults; protocol v2 (held-out start poses, pinned eval poses, static scene); 300k env steps",300000,25,10000,ad21a37,39720495,0.92,0.2,0.7826086956521738,0.6983947588457056,0.2,0.7136290078543023,21.8,160.52,7.363302752293579,complete,results/grid_300000/ppo/pair1_seed1,
ppo-v2-300k_pair1_L3_s1,2026-09-08,ppo,model-free on-policy,grid_300k,1,pair1,L3,procthor-10k train house 2; 1 room(s); 162 reachable cells; L2 + 2 distractor objects; variant seed 1338,target=Bed; target swappable at L2=yes,objectnav,"SB3 PPO defaults; protocol v2 (held-out start poses, pinned eval poses, static scene); 300k env steps",300000,25,10000,ad21a37,39720495,0.92,0.2,0.7826086956521738,0.6983947588457056,0.2,0.7136290078543023,21.8,160.52,7.363302752293579,complete,results/grid_300000/ppo/pair1_seed1,
ppo-v2-300k_pair2_L1_s1,2026-09-08,ppo,model-free on-policy,grid_300k,1,pair2,L1,procthor-10k train house 250; 1 room(s); 128 reachable cells; wall/floor materials + lighting + skybox changed; variant seed 1339,target=Bed; target swappable at L2=no,objectnav,"SB3 PPO defaults; protocol v2 (held-out start poses, pinned eval poses, static scene); 300k env steps",300000,25,10000,ad21a37,39720495,0.92,0.92,0.0,0.6986666576562256,0.6977142777170999,0.0013631392434277029,21.96,22.0,1.0018214936247722,complete,results/grid_300000/ppo/pair2_seed1,
ppo-v2-300k_pair2_L2_s1,2026-09-08,ppo,model-free on-policy,grid_300k,1,pair2,L2,"procthor-10k train house 250; 1 room(s); 128 reachable cells; L1 + every object's appearance changed, target included when swappable; variant seed 1339",target=Bed; target swappable at L2=no,objectnav,"SB3 PPO defaults; protocol v2 (held-out start poses, pinned eval poses, static scene); 300k env steps",300000,25,10000,ad21a37,39720495,0.92,0.76,0.1739130434782609,0.6986666576562256,0.5377142781263997,0.2303707751988094,21.96,52.64,2.397085610200364,complete,results/grid_300000/ppo/pair2_seed1,
ppo-v2-300k_pair2_L3_s1,2026-09-08,ppo,model-free on-policy,grid_300k,1,pair2,L3,procthor-10k train house 250; 1 room(s); 128 reachable cells; L2 + 5 distractor objects; variant seed 1339,target=Bed; target swappable at L2=no,objectnav,"SB3 PPO defaults; protocol v2 (held-out start poses, pinned eval poses, static scene); 300k env steps",300000,25,10000,ad21a37,39720495,0.92,0.76,0.1739130434782609,0.6986666576562256,0.5377142781263997,0.2303707751988094,21.96,52.64,2.397085610200364,complete,results/grid_300000/ppo/pair2_seed1,
ppo-v2-300k_pair3_L1_s1,2026-09-08,ppo,model-free on-policy,grid_300k,1,pair3,L1,procthor-10k train house 44; 2 room(s); 460 reachable cells; wall/floor materials + lighting + skybox changed; variant seed 1340,target=Bed; target swappable at L2=yes,objectnav,"SB3 PPO defaults; protocol v2 (held-out start poses, pinned eval poses, static scene); 300k env steps",300000,25,10000,ad21a37,39720495,0.84,0.0,1.0,0.6477290834565546,0.0,1.0,49.36,200.0,4.051863857374392,complete,results/grid_300000/ppo/pair3_seed1,
ppo-v2-300k_pair3_L2_s1,2026-09-08,ppo,model-free on-policy,grid_300k,1,pair3,L2,"procthor-10k train house 44; 2 room(s); 460 reachable cells; L1 + every object's appearance changed, target included when swappable; variant seed 1340",target=Bed; target swappable at L2=yes,objectnav,"SB3 PPO defaults; protocol v2 (held-out start poses, pinned eval poses, static scene); 300k env steps",300000,25,10000,ad21a37,39720495,0.84,0.0,1.0,0.6477290834565546,0.0,1.0,49.36,200.0,4.051863857374392,complete,results/grid_300000/ppo/pair3_seed1,
ppo-v2-300k_pair3_L3_s1,2026-09-08,ppo,model-free on-policy,grid_300k,1,pair3,L3,procthor-10k train house 44; 2 room(s); 460 reachable cells; L2 + 8 distractor objects; variant seed 1340,target=Bed; target swappable at L2=yes,objectnav,"SB3 PPO defaults; protocol v2 (held-out start poses, pinned eval poses, static scene); 300k env steps",300000,25,10000,ad21a37,39720495,0.84,0.0,1.0,0.6477290834565546,0.0,1.0,49.36,200.0,4.051863857374392,complete,results/grid_300000/ppo/pair3_seed1,
ppo-v2-300k_pair4_L1_s1,2026-09-08,ppo,model-free on-policy,grid_300k,1,pair4,L1,procthor-10k train house 286; 2 room(s); 681 reachable cells; wall/floor materials + lighting + skybox changed; variant seed 1341,target=Television; target swappable at L2=yes,objectnav,"SB3 PPO defaults; protocol v2 (held-out start poses, pinned eval poses, static scene); 300k env steps",300000,25,10000,ad21a37,39720495,1.0,0.6,0.4,0.6609305606635997,0.3833711125893904,0.4199525102841801,22.88,95.76,4.185314685314686,complete,results/grid_300000/ppo/pair4_seed1,
ppo-v2-300k_pair4_L2_s1,2026-09-08,ppo,model-free on-policy,grid_300k,1,pair4,L2,"procthor-10k train house 286; 2 room(s); 681 reachable cells; L1 + every object's appearance changed, target included when swappable; variant seed 1341",target=Television; target swappable at L2=yes,objectnav,"SB3 PPO defaults; protocol v2 (held-out start poses, pinned eval poses, static scene); 300k env steps",300000,25,10000,ad21a37,39720495,1.0,0.36,0.64,0.6609305606635997,0.2511562704567266,0.6199959792984061,22.88,136.16,5.951048951048951,complete,results/grid_300000/ppo/pair4_seed1,
ppo-v2-300k_pair4_L3_s1,2026-09-08,ppo,model-free on-policy,grid_300k,1,pair4,L3,procthor-10k train house 286; 2 room(s); 681 reachable cells; L2 + 8 distractor objects; variant seed 1341,target=Television; target swappable at L2=yes,objectnav,"SB3 PPO defaults; protocol v2 (held-out start poses, pinned eval poses, static scene); 300k env steps",300000,25,10000,ad21a37,39720495,1.0,0.28,0.72,0.6609305606635997,0.1952684146908244,0.704555325003027,22.88,149.92,6.5524475524475525,complete,results/grid_300000/ppo/pair4_seed1,
ppo-v2-300k_pair0_L1_s2,2026-09-08,ppo,model-free on-policy,grid_300k,2,pair0,L1,procthor-10k train house 0; 1 room(s); 380 reachable cells; wall/floor materials + lighting + skybox changed; variant seed 1337,target=Fridge; target swappable at L2=yes,objectnav,"SB3 PPO defaults; protocol v2 (held-out start poses, pinned eval poses, static scene); 300k env steps",300000,25,10000,ad21a37,39720495,1.0,0.48,0.52,0.8080871061839936,0.3950946602878377,0.511074168534155,11.28,109.96,9.74822695035461,complete,results/grid_300000/ppo/pair0_seed2,
ppo-v2-300k_pair0_L2_s2,2026-09-08,ppo,model-free on-policy,grid_300k,2,pair0,L2,"procthor-10k train house 0; 1 room(s); 380 reachable cells; L1 + every object's appearance changed, target included when swappable; variant seed 1337",target=Fridge; target swappable at L2=yes,objectnav,"SB3 PPO defaults; protocol v2 (held-out start poses, pinned eval poses, static scene); 300k env steps",300000,25,10000,ad21a37,39720495,1.0,0.24,0.76,0.8080871061839936,0.2107991521151927,0.7391380823898509,11.28,155.8,13.812056737588655,complete,results/grid_300000/ppo/pair0_seed2,
ppo-v2-300k_pair0_L3_s2,2026-09-08,ppo,model-free on-policy,grid_300k,2,pair0,L3,procthor-10k train house 0; 1 room(s); 380 reachable cells; L2 + 4 distractor objects; variant seed 1337,target=Fridge; target swappable at L2=yes,objectnav,"SB3 PPO defaults; protocol v2 (held-out start poses, pinned eval poses, static scene); 300k env steps",300000,25,10000,ad21a37,39720495,1.0,0.24,0.76,0.8080871061839936,0.2107991521151927,0.7391380823898509,11.28,155.8,13.812056737588655,complete,results/grid_300000/ppo/pair0_seed2,
ppo-v2-300k_pair1_L1_s2,2026-09-08,ppo,model-free on-policy,grid_300k,2,pair1,L1,procthor-10k train house 2; 1 room(s); 162 reachable cells; wall/floor materials + lighting + skybox changed; variant seed 1338,target=Bed; target swappable at L2=yes,objectnav,"SB3 PPO defaults; protocol v2 (held-out start poses, pinned eval poses, static scene); 300k env steps",300000,25,10000,ad21a37,39720495,1.0,0.76,0.24,0.7172519066276101,0.634904045205761,0.11481023704633134,6.72,53.68,7.988095238095238,complete,results/grid_300000/ppo/pair1_seed2,
ppo-v2-300k_pair1_L2_s2,2026-09-08,ppo,model-free on-policy,grid_300k,2,pair1,L2,"procthor-10k train house 2; 1 room(s); 162 reachable cells; L1 + every object's appearance changed, target included when swappable; variant seed 1338",target=Bed; target swappable at L2=yes,objectnav,"SB3 PPO defaults; protocol v2 (held-out start poses, pinned eval poses, static scene); 300k env steps",300000,25,10000,ad21a37,39720495,1.0,0.2,0.8,0.7172519066276101,0.2,0.7211579388608889,6.72,160.72,23.916666666666668,complete,results/grid_300000/ppo/pair1_seed2,
ppo-v2-300k_pair1_L3_s2,2026-09-08,ppo,model-free on-policy,grid_300k,2,pair1,L3,procthor-10k train house 2; 1 room(s); 162 reachable cells; L2 + 2 distractor objects; variant seed 1338,target=Bed; target swappable at L2=yes,objectnav,"SB3 PPO defaults; protocol v2 (held-out start poses, pinned eval poses, static scene); 300k env steps",300000,25,10000,ad21a37,39720495,1.0,0.2,0.8,0.7172519066276101,0.2,0.7211579388608889,6.72,160.72,23.916666666666668,complete,results/grid_300000/ppo/pair1_seed2,
ppo-v2-300k_pair2_L1_s2,2026-09-08,ppo,model-free on-policy,grid_300k,2,pair2,L1,procthor-10k train house 250; 1 room(s); 128 reachable cells; wall/floor materials + lighting + skybox changed; variant seed 1339,target=Bed; target swappable at L2=no,objectnav,"SB3 PPO defaults; protocol v2 (held-out start poses, pinned eval poses, static scene); 300k env steps",300000,25,10000,ad21a37,39720495,0.88,0.84,0.0454545454545455,0.6936666604485802,0.6536666604485801,0.057664584851364845,30.56,38.12,1.2473821989528795,complete,results/grid_300000/ppo/pair2_seed2,
ppo-v2-300k_pair2_L2_s2,2026-09-08,ppo,model-free on-policy,grid_300k,2,pair2,L2,"procthor-10k train house 250; 1 room(s); 128 reachable cells; L1 + every object's appearance changed, target included when swappable; variant seed 1339",target=Bed; target swappable at L2=no,objectnav,"SB3 PPO defaults; protocol v2 (held-out start poses, pinned eval poses, static scene); 300k env steps",300000,25,10000,ad21a37,39720495,0.88,0.84,0.0454545454545455,0.6936666604485802,0.6519999938837466,0.06006727574003419,30.56,38.24,1.2513089005235603,complete,results/grid_300000/ppo/pair2_seed2,
ppo-v2-300k_pair2_L3_s2,2026-09-08,ppo,model-free on-policy,grid_300k,2,pair2,L3,procthor-10k train house 250; 1 room(s); 128 reachable cells; L2 + 5 distractor objects; variant seed 1339,target=Bed; target swappable at L2=no,objectnav,"SB3 PPO defaults; protocol v2 (held-out start poses, pinned eval poses, static scene); 300k env steps",300000,25,10000,ad21a37,39720495,0.88,0.84,0.0454545454545455,0.6936666604485802,0.6519999938837466,0.06006727574003419,30.56,38.24,1.2513089005235603,complete,results/grid_300000/ppo/pair2_seed2,
ppo-v2-300k_pair3_L1_s2,2026-09-08,ppo,model-free on-policy,grid_300k,2,pair3,L1,procthor-10k train house 44; 2 room(s); 460 reachable cells; wall/floor materials + lighting + skybox changed; variant seed 1340,target=Bed; target swappable at L2=yes,objectnav,"SB3 PPO defaults; protocol v2 (held-out start poses, pinned eval poses, static scene); 300k env steps",300000,25,10000,ad21a37,39720495,0.92,0.0,1.0,0.6939695956239152,0.0,1.0,36.56,200.0,5.470459518599562,complete,results/grid_300000/ppo/pair3_seed2,
ppo-v2-300k_pair3_L2_s2,2026-09-08,ppo,model-free on-policy,grid_300k,2,pair3,L2,"procthor-10k train house 44; 2 room(s); 460 reachable cells; L1 + every object's appearance changed, target included when swappable; variant seed 1340",target=Bed; target swappable at L2=yes,objectnav,"SB3 PPO defaults; protocol v2 (held-out start poses, pinned eval poses, static scene); 300k env steps",300000,25,10000,ad21a37,39720495,0.92,0.04,0.9565217391304347,0.6939695956239152,0.04,0.9423605871896478,36.56,192.24,5.258205689277899,complete,results/grid_300000/ppo/pair3_seed2,
ppo-v2-300k_pair3_L3_s2,2026-09-08,ppo,model-free on-policy,grid_300k,2,pair3,L3,procthor-10k train house 44; 2 room(s); 460 reachable cells; L2 + 8 distractor objects; variant seed 1340,target=Bed; target swappable at L2=yes,objectnav,"SB3 PPO defaults; protocol v2 (held-out start poses, pinned eval poses, static scene); 300k env steps",300000,25,10000,ad21a37,39720495,0.92,0.04,0.9565217391304347,0.6939695956239152,0.04,0.9423605871896478,36.56,192.24,5.258205689277899,complete,results/grid_300000/ppo/pair3_seed2,
ppo-v2-300k_pair4_L1_s2,2026-09-08,ppo,model-free on-policy,grid_300k,2,pair4,L1,procthor-10k train house 286; 2 room(s); 681 reachable cells; wall/floor materials + lighting + skybox changed; variant seed 1341,target=Television; target swappable at L2=yes,objectnav,"SB3 PPO defaults; protocol v2 (held-out start poses, pinned eval poses, static scene); 300k env steps",300000,25,10000,ad21a37,39720495,0.92,0.2,0.7826086956521738,0.5614237273770973,0.143766456019533,0.743925222592226,36.92,164.36,4.451787648970748,complete,results/grid_300000/ppo/pair4_seed2,
ppo-v2-300k_pair4_L2_s2,2026-09-08,ppo,model-free on-policy,grid_300k,2,pair4,L2,"procthor-10k train house 286; 2 room(s); 681 reachable cells; L1 + every object's appearance changed, target included when swappable; variant seed 1341",target=Television; target swappable at L2=yes,objectnav,"SB3 PPO defaults; protocol v2 (held-out start poses, pinned eval poses, static scene); 300k env steps",300000,25,10000,ad21a37,39720495,0.92,0.12,0.8695652173913043,0.5614237273770973,0.0975095004606269,0.8263174573754136,36.92,178.4,4.832069339111593,complete,results/grid_300000/ppo/pair4_seed2,
ppo-v2-300k_pair4_L3_s2,2026-09-08,ppo,model-free on-policy,grid_300k,2,pair4,L3,procthor-10k train house 286; 2 room(s); 681 reachable cells; L2 + 8 distractor objects; variant seed 1341,target=Television; target swappable at L2=yes,objectnav,"SB3 PPO defaults; protocol v2 (held-out start poses, pinned eval poses, static scene); 300k env steps",300000,25,10000,ad21a37,39720495,0.92,0.12,0.8695652173913043,0.5614237273770973,0.0975095004606269,0.8263174573754136,36.92,178.4,4.832069339111593,complete,results/grid_300000/ppo/pair4_seed2,
ppo-v2-300k_pair0_L1_s3,2026-09-08,ppo,model-free on-policy,grid_300k,3,pair0,L1,procthor-10k train house 0; 1 room(s); 380 reachable cells; wall/floor materials + lighting + skybox changed; variant seed 1337,target=Fridge; target swappable at L2=yes,objectnav,"SB3 PPO defaults; protocol v2 (held-out start poses, pinned eval poses, static scene); 300k env steps",300000,25,10000,ad21a37,39720495,1.0,0.96,0.040000000000000036,0.8167516746380917,0.7778584098016339,0.047619449147369916,14.72,24.12,1.638586956521739,complete,results/grid_300000/ppo/pair0_seed3,
ppo-v2-300k_pair0_L2_s3,2026-09-08,ppo,model-free on-policy,grid_300k,3,pair0,L2,"procthor-10k train house 0; 1 room(s); 380 reachable cells; L1 + every object's appearance changed, target included when swappable; variant seed 1337",target=Fridge; target swappable at L2=yes,objectnav,"SB3 PPO defaults; protocol v2 (held-out start poses, pinned eval poses, static scene); 300k env steps",300000,25,10000,ad21a37,39720495,1.0,0.12,0.88,0.8167516746380917,0.12,0.8530765179597913,14.72,177.6,12.065217391304348,complete,results/grid_300000/ppo/pair0_seed3,
ppo-v2-300k_pair0_L3_s3,2026-09-08,ppo,model-free on-policy,grid_300k,3,pair0,L3,procthor-10k train house 0; 1 room(s); 380 reachable cells; L2 + 4 distractor objects; variant seed 1337,target=Fridge; target swappable at L2=yes,objectnav,"SB3 PPO defaults; protocol v2 (held-out start poses, pinned eval poses, static scene); 300k env steps",300000,25,10000,ad21a37,39720495,1.0,0.12,0.88,0.8167516746380917,0.12,0.8530765179597913,14.72,177.6,12.065217391304348,complete,results/grid_300000/ppo/pair0_seed3,
ppo-v2-300k_pair1_L1_s3,2026-09-08,ppo,model-free on-policy,grid_300k,3,pair1,L1,procthor-10k train house 2; 1 room(s); 162 reachable cells; wall/floor materials + lighting + skybox changed; variant seed 1338,target=Bed; target swappable at L2=yes,objectnav,"SB3 PPO defaults; protocol v2 (held-out start poses, pinned eval poses, static scene); 300k env steps",300000,25,10000,ad21a37,39720495,0.88,0.76,0.13636363636363635,0.6779023445852178,0.6307619042816249,0.06953868898688688,29.16,53.84,1.8463648834019206,complete,results/grid_300000/ppo/pair1_seed3,
ppo-v2-300k_pair1_L2_s3,2026-09-08,ppo,model-free on-policy,grid_300k,3,pair1,L2,"procthor-10k train house 2; 1 room(s); 162 reachable cells; L1 + every object's appearance changed, target included when swappable; variant seed 1338",target=Bed; target swappable at L2=yes,objectnav,"SB3 PPO defaults; protocol v2 (held-out start poses, pinned eval poses, static scene); 300k env steps",300000,25,10000,ad21a37,39720495,0.88,0.12,0.8636363636363636,0.6779023445852178,0.12,0.8229833530470774,29.16,176.16,6.041152263374485,complete,results/grid_300000/ppo/pair1_seed3,
ppo-v2-300k_pair1_L3_s3,2026-09-08,ppo,model-free on-policy,grid_300k,3,pair1,L3,procthor-10k train house 2; 1 room(s); 162 reachable cells; L2 + 2 distractor objects; variant seed 1338,target=Bed; target swappable at L2=yes,objectnav,"SB3 PPO defaults; protocol v2 (held-out start poses, pinned eval poses, static scene); 300k env steps",300000,25,10000,ad21a37,39720495,0.88,0.12,0.8636363636363636,0.6779023445852178,0.12,0.8229833530470774,29.16,176.16,6.041152263374485,complete,results/grid_300000/ppo/pair1_seed3,
ppo-v2-300k_pair2_L1_s3,2026-09-08,ppo,model-free on-policy,grid_300k,3,pair2,L1,procthor-10k train house 250; 1 room(s); 128 reachable cells; wall/floor materials + lighting + skybox changed; variant seed 1339,target=Bed; target swappable at L2=no,objectnav,"SB3 PPO defaults; protocol v2 (held-out start poses, pinned eval poses, static scene); 300k env steps",300000,25,10000,ad21a37,39720495,0.96,0.76,0.2083333333333333,0.7403333256058733,0.6026666582667529,0.18595227659980976,13.84,52.32,3.7803468208092488,complete,results/grid_300000/ppo/pair2_seed3,
ppo-v2-300k_pair2_L2_s3,2026-09-08,ppo,model-free on-policy,grid_300k,3,pair2,L2,"procthor-10k train house 250; 1 room(s); 128 reachable cells; L1 + every object's appearance changed, target included when swappable; variant seed 1339",target=Bed; target swappable at L2=no,objectnav,"SB3 PPO defaults; protocol v2 (held-out start poses, pinned eval poses, static scene); 300k env steps",300000,25,10000,ad21a37,39720495,0.96,0.76,0.2083333333333333,0.7403333256058733,0.6026666583385748,0.18595227650279686,13.84,52.4,3.786127167630058,complete,results/grid_300000/ppo/pair2_seed3,
ppo-v2-300k_pair2_L3_s3,2026-09-08,ppo,model-free on-policy,grid_300k,3,pair2,L3,procthor-10k train house 250; 1 room(s); 128 reachable cells; L2 + 5 distractor objects; variant seed 1339,target=Bed; target swappable at L2=no,objectnav,"SB3 PPO defaults; protocol v2 (held-out start poses, pinned eval poses, static scene); 300k env steps",300000,25,10000,ad21a37,39720495,0.96,0.76,0.2083333333333333,0.7403333256058733,0.6026666583385748,0.18595227650279686,13.84,52.4,3.786127167630058,complete,results/grid_300000/ppo/pair2_seed3,
ppo-v2-300k_pair3_L1_s3,2026-09-08,ppo,model-free on-policy,grid_300k,3,pair3,L1,procthor-10k train house 44; 2 room(s); 460 reachable cells; wall/floor materials + lighting + skybox changed; variant seed 1340,target=Bed; target swappable at L2=yes,objectnav,"SB3 PPO defaults; protocol v2 (held-out start poses, pinned eval poses, static scene); 300k env steps",300000,25,10000,ad21a37,39720495,0.92,0.2,0.7826086956521738,0.6983103848337872,0.1554285847076351,0.7774219199895896,34.76,162.24,4.667433831990794,complete,results/grid_300000/ppo/pair3_seed3,
ppo-v2-300k_pair3_L2_s3,2026-09-08,ppo,model-free on-policy,grid_300k,3,pair3,L2,"procthor-10k train house 44; 2 room(s); 460 reachable cells; L1 + every object's appearance changed, target included when swappable; variant seed 1340",target=Bed; target swappable at L2=yes,objectnav,"SB3 PPO defaults; protocol v2 (held-out start poses, pinned eval poses, static scene); 300k env steps",300000,25,10000,ad21a37,39720495,0.92,0.12,0.8695652173913043,0.6983103848337872,0.1022222257354683,0.8536149140044662,34.76,176.96,5.090909090909092,complete,results/grid_300000/ppo/pair3_seed3,
ppo-v2-300k_pair3_L3_s3,2026-09-08,ppo,model-free on-policy,grid_300k,3,pair3,L3,procthor-10k train house 44; 2 room(s); 460 reachable cells; L2 + 8 distractor objects; variant seed 1340,target=Bed; target swappable at L2=yes,objectnav,"SB3 PPO defaults; protocol v2 (held-out start poses, pinned eval poses, static scene); 300k env steps",300000,25,10000,ad21a37,39720495,0.92,0.12,0.8695652173913043,0.6983103848337872,0.1022222257354683,0.8536149140044662,34.76,176.96,5.090909090909092,complete,results/grid_300000/ppo/pair3_seed3,
ppo-v2-300k_pair4_L1_s3,2026-09-08,ppo,model-free on-policy,grid_300k,3,pair4,L1,procthor-10k train house 286; 2 room(s); 681 reachable cells; wall/floor materials + lighting + skybox changed; variant seed 1341,target=Television; target swappable at L2=yes,objectnav,"SB3 PPO defaults; protocol v2 (held-out start poses, pinned eval poses, static scene); 300k env steps",300000,25,10000,ad21a37,39720495,1.0,0.04,0.96,0.8056611208972774,0.04,0.9503513338766411,19.56,192.12,9.822085889570554,complete,results/grid_300000/ppo/pair4_seed3,
ppo-v2-300k_pair4_L2_s3,2026-09-08,ppo,model-free on-policy,grid_300k,3,pair4,L2,"procthor-10k train house 286; 2 room(s); 681 reachable cells; L1 + every object's appearance changed, target included when swappable; variant seed 1341",target=Television; target swappable at L2=yes,objectnav,"SB3 PPO defaults; protocol v2 (held-out start poses, pinned eval poses, static scene); 300k env steps",300000,25,10000,ad21a37,39720495,1.0,0.04,0.96,0.8056611208972774,0.04,0.9503513338766411,19.56,192.12,9.822085889570554,complete,results/grid_300000/ppo/pair4_seed3,
ppo-v2-300k_pair4_L3_s3,2026-09-08,ppo,model-free on-policy,grid_300k,3,pair4,L3,procthor-10k train house 286; 2 room(s); 681 reachable cells; L2 + 8 distractor objects; variant seed 1341,target=Television; target swappable at L2=yes,objectnav,"SB3 PPO defaults; protocol v2 (held-out start poses, pinned eval poses, static scene); 300k env steps",300000,25,10000,ad21a37,39720495,1.0,0.04,0.96,0.8056611208972774,0.04,0.9503513338766411,19.56,192.12,9.822085889570554,complete,results/grid_300000/ppo/pair4_seed3,
ppo-v2-300k_pair0_L1_s4,2026-09-08,ppo,model-free on-policy,grid_300k,4,pair0,L1,procthor-10k train house 0; 1 room(s); 380 reachable cells; wall/floor materials + lighting + skybox changed; variant seed 1337,target=Fridge; target swappable at L2=yes,objectnav,"SB3 PPO defaults; protocol v2 (held-out start poses, pinned eval poses, static scene); 300k env steps",300000,25,10000,ad21a37,39720495,0.92,0.6,0.3478260869565218,0.7420703856574502,0.511029027257479,0.31134695962199876,25.16,84.68,3.3656597774244834,complete,results/grid_300000/ppo/pair0_seed4,
ppo-v2-300k_pair0_L2_s4,2026-09-08,ppo,model-free on-policy,grid_300k,4,pair0,L2,"procthor-10k train house 0; 1 room(s); 380 reachable cells; L1 + every object's appearance changed, target included when swappable; variant seed 1337",target=Fridge; target swappable at L2=yes,objectnav,"SB3 PPO defaults; protocol v2 (held-out start poses, pinned eval poses, static scene); 300k env steps",300000,25,10000,ad21a37,39720495,0.92,0.0,1.0,0.7420703856574502,0.0,1.0,25.16,200.0,7.94912559618442,complete,results/grid_300000/ppo/pair0_seed4,
ppo-v2-300k_pair0_L3_s4,2026-09-08,ppo,model-free on-policy,grid_300k,4,pair0,L3,procthor-10k train house 0; 1 room(s); 380 reachable cells; L2 + 4 distractor objects; variant seed 1337,target=Fridge; target swappable at L2=yes,objectnav,"SB3 PPO defaults; protocol v2 (held-out start poses, pinned eval poses, static scene); 300k env steps",300000,25,10000,ad21a37,39720495,0.92,0.0,1.0,0.7420703856574502,0.0,1.0,25.16,200.0,7.94912559618442,complete,results/grid_300000/ppo/pair0_seed4,
ppo-v2-300k_pair1_L1_s4,2026-09-08,ppo,model-free on-policy,grid_300k,4,pair1,L1,procthor-10k train house 2; 1 room(s); 162 reachable cells; wall/floor materials + lighting + skybox changed; variant seed 1338,target=Bed; target swappable at L2=yes,objectnav,"SB3 PPO defaults; protocol v2 (held-out start poses, pinned eval poses, static scene); 300k env steps",300000,25,10000,ad21a37,39720495,0.88,0.36,0.5909090909090909,0.6583947673180001,0.36,0.45321558148696145,29.64,129.96,4.384615384615385,complete,results/grid_300000/ppo/pair1_seed4,
ppo-v2-300k_pair1_L2_s4,2026-09-08,ppo,model-free on-policy,grid_300k,4,pair1,L2,"procthor-10k train house 2; 1 room(s); 162 reachable cells; L1 + every object's appearance changed, target included when swappable; variant seed 1338",target=Bed; target swappable at L2=yes,objectnav,"SB3 PPO defaults; protocol v2 (held-out start poses, pinned eval poses, static scene); 300k env steps",300000,25,10000,ad21a37,39720495,0.88,0.2,0.7727272727272727,0.6583947673180001,0.2,0.6962308786038675,29.64,160.32,5.408906882591093,complete,results/grid_300000/ppo/pair1_seed4,
ppo-v2-300k_pair1_L3_s4,2026-09-08,ppo,model-free on-policy,grid_300k,4,pair1,L3,procthor-10k train house 2; 1 room(s); 162 reachable cells; L2 + 2 distractor objects; variant seed 1338,target=Bed; target swappable at L2=yes,objectnav,"SB3 PPO defaults; protocol v2 (held-out start poses, pinned eval poses, static scene); 300k env steps",300000,25,10000,ad21a37,39720495,0.88,0.2,0.7727272727272727,0.6583947673180001,0.2,0.6962308786038675,29.64,160.72,5.422402159244264,complete,results/grid_300000/ppo/pair1_seed4,
ppo-v2-300k_pair2_L1_s4,2026-09-08,ppo,model-free on-policy,grid_300k,4,pair2,L1,procthor-10k train house 250; 1 room(s); 128 reachable cells; wall/floor materials + lighting + skybox changed; variant seed 1339,target=Bed; target swappable at L2=no,objectnav,"SB3 PPO defaults; protocol v2 (held-out start poses, pinned eval poses, static scene); 300k env steps",300000,25,10000,ad21a37,39720495,0.88,0.84,0.0454545454545455,0.6567618996616728,0.6107618999383179,0.07004060337095001,30.64,39.16,1.2780678851174934,complete,results/grid_300000/ppo/pair2_seed4,
ppo-v2-300k_pair2_L2_s4,2026-09-08,ppo,model-free on-policy,grid_300k,4,pair2,L2,"procthor-10k train house 250; 1 room(s); 128 reachable cells; L1 + every object's appearance changed, target included when swappable; variant seed 1339",target=Bed; target swappable at L2=no,objectnav,"SB3 PPO defaults; protocol v2 (held-out start poses, pinned eval poses, static scene); 300k env steps",300000,25,10000,ad21a37,39720495,0.88,0.8,0.09090909090909087,0.6567618996616728,0.570761899971414,0.13094547618331873,30.64,46.68,1.5234986945169713,complete,results/grid_300000/ppo/pair2_seed4,
ppo-v2-300k_pair2_L3_s4,2026-09-08,ppo,model-free on-policy,grid_300k,4,pair2,L3,procthor-10k train house 250; 1 room(s); 128 reachable cells; L2 + 5 distractor objects; variant seed 1339,target=Bed; target swappable at L2=no,objectnav,"SB3 PPO defaults; protocol v2 (held-out start poses, pinned eval poses, static scene); 300k env steps",300000,25,10000,ad21a37,39720495,0.88,0.8,0.09090909090909087,0.6567618996616728,0.570761899971414,0.13094547618331873,30.64,46.68,1.5234986945169713,complete,results/grid_300000/ppo/pair2_seed4,
ppo-v2-300k_pair3_L1_s4,2026-09-08,ppo,model-free on-policy,grid_300k,4,pair3,L1,procthor-10k train house 44; 2 room(s); 460 reachable cells; wall/floor materials + lighting + skybox changed; variant seed 1340,target=Bed; target swappable at L2=yes,objectnav,"SB3 PPO defaults; protocol v2 (held-out start poses, pinned eval poses, static scene); 300k env steps",300000,25,10000,ad21a37,39720495,0.96,0.0,1.0,0.7303676117784961,0.0,1.0,27.96,200.0,7.15307582260372,complete,results/grid_300000/ppo/pair3_seed4,
ppo-v2-300k_pair3_L2_s4,2026-09-08,ppo,model-free on-policy,grid_300k,4,pair3,L2,"procthor-10k train house 44; 2 room(s); 460 reachable cells; L1 + every object's appearance changed, target included when swappable; variant seed 1340",target=Bed; target swappable at L2=yes,objectnav,"SB3 PPO defaults; protocol v2 (held-out start poses, pinned eval poses, static scene); 300k env steps",300000,25,10000,ad21a37,39720495,0.96,0.0,1.0,0.7303676117784961,0.0,1.0,27.96,200.0,7.15307582260372,complete,results/grid_300000/ppo/pair3_seed4,
ppo-v2-300k_pair3_L3_s4,2026-09-08,ppo,model-free on-policy,grid_300k,4,pair3,L3,procthor-10k train house 44; 2 room(s); 460 reachable cells; L2 + 8 distractor objects; variant seed 1340,target=Bed; target swappable at L2=yes,objectnav,"SB3 PPO defaults; protocol v2 (held-out start poses, pinned eval poses, static scene); 300k env steps",300000,25,10000,ad21a37,39720495,0.96,0.0,1.0,0.7303676117784961,0.0,1.0,27.96,200.0,7.15307582260372,complete,results/grid_300000/ppo/pair3_seed4,
ppo-v2-300k_pair4_L1_s4,2026-09-08,ppo,model-free on-policy,grid_300k,4,pair4,L1,procthor-10k train house 286; 2 room(s); 681 reachable cells; wall/floor materials + lighting + skybox changed; variant seed 1341,target=Television; target swappable at L2=yes,objectnav,"SB3 PPO defaults; protocol v2 (held-out start poses, pinned eval poses, static scene); 300k env steps",300000,25,10000,ad21a37,39720495,0.92,0.72,0.21739130434782614,0.5988393245001982,0.415791004253354,0.3056718434441818,37.56,73.36,1.9531416400425983,complete,results/grid_300000/ppo/pair4_seed4,
ppo-v2-300k_pair4_L2_s4,2026-09-08,ppo,model-free on-policy,grid_300k,4,pair4,L2,"procthor-10k train house 286; 2 room(s); 681 reachable cells; L1 + every object's appearance changed, target included when swappable; variant seed 1341",target=Television; target swappable at L2=yes,objectnav,"SB3 PPO defaults; protocol v2 (held-out start poses, pinned eval poses, static scene); 300k env steps",300000,25,10000,ad21a37,39720495,0.92,0.52,0.43478260869565216,0.5988393245001982,0.3411617752807,0.4302949700815997,37.56,107.24,2.855165069222577,complete,results/grid_300000/ppo/pair4_seed4,
ppo-v2-300k_pair4_L3_s4,2026-09-08,ppo,model-free on-policy,grid_300k,4,pair4,L3,procthor-10k train house 286; 2 room(s); 681 reachable cells; L2 + 8 distractor objects; variant seed 1341,target=Television; target swappable at L2=yes,objectnav,"SB3 PPO defaults; protocol v2 (held-out start poses, pinned eval poses, static scene); 300k env steps",300000,25,10000,ad21a37,39720495,0.92,0.56,0.3913043478260869,0.5988393245001982,0.3637166646203287,0.39263062771655316,37.56,100.64,2.6794462193823216,complete,results/grid_300000/ppo/pair4_seed4,
ppo_aug-v2-300k_pair0_L1_s0,2026-09-08,ppo_aug,model-free on-policy + photometric augmentation,grid_300k,0,pair0,L1,procthor-10k train house 0; 1 room(s); 380 reachable cells; wall/floor materials + lighting + skybox changed; variant seed 1337,target=Fridge; target swappable at L2=yes,objectnav,"SB3 PPO defaults + photometric jitter (training only); protocol v2 (held-out start poses, pinned eval poses, static scene); 300k env steps",300000,25,10000,ad21a37,39720496,0.96,0.72,0.25,0.7854497515861977,0.5862183912878902,0.2536525855358211,20.92,66.44,3.175908221797323,complete,results/grid_300000/ppo_aug/pair0_seed0,
ppo_aug-v2-300k_pair0_L2_s0,2026-09-08,ppo_aug,model-free on-policy + photometric augmentation,grid_300k,0,pair0,L2,"procthor-10k train house 0; 1 room(s); 380 reachable cells; L1 + every object's appearance changed, target included when swappable; variant seed 1337",target=Fridge; target swappable at L2=yes,objectnav,"SB3 PPO defaults + photometric jitter (training only); protocol v2 (held-out start poses, pinned eval poses, static scene); 300k env steps",300000,25,10000,ad21a37,39720496,0.96,0.16,0.8333333333333333,0.7854497515861977,0.139876152826168,0.8219158481574521,20.92,169.6,8.107074569789674,complete,results/grid_300000/ppo_aug/pair0_seed0,
ppo_aug-v2-300k_pair0_L3_s0,2026-09-08,ppo_aug,model-free on-policy + photometric augmentation,grid_300k,0,pair0,L3,procthor-10k train house 0; 1 room(s); 380 reachable cells; L2 + 4 distractor objects; variant seed 1337,target=Fridge; target swappable at L2=yes,objectnav,"SB3 PPO defaults + photometric jitter (training only); protocol v2 (held-out start poses, pinned eval poses, static scene); 300k env steps",300000,25,10000,ad21a37,39720496,0.96,0.16,0.8333333333333333,0.7854497515861977,0.139876152826168,0.8219158481574521,20.92,169.6,8.107074569789674,complete,results/grid_300000/ppo_aug/pair0_seed0,
ppo_aug-v2-300k_pair1_L1_s0,2026-09-08,ppo_aug,model-free on-policy + photometric augmentation,grid_300k,0,pair1,L1,procthor-10k train house 2; 1 room(s); 162 reachable cells; wall/floor materials + lighting + skybox changed; variant seed 1338,target=Bed; target swappable at L2=yes,objectnav,"SB3 PPO defaults + photometric jitter (training only); protocol v2 (held-out start poses, pinned eval poses, static scene); 300k env steps",300000,25,10000,ad21a37,39720496,0.92,0.48,0.4782608695652174,0.6943947618377928,0.3628882338379304,0.4774035551801883,25.0,109.04,4.3616,complete,results/grid_300000/ppo_aug/pair1_seed0,
ppo_aug-v2-300k_pair1_L2_s0,2026-09-08,ppo_aug,model-free on-policy + photometric augmentation,grid_300k,0,pair1,L2,"procthor-10k train house 2; 1 room(s); 162 reachable cells; L1 + every object's appearance changed, target included when swappable; variant seed 1338",target=Bed; target swappable at L2=yes,objectnav,"SB3 PPO defaults + photometric jitter (training only); protocol v2 (held-out start poses, pinned eval poses, static scene); 300k env steps",300000,25,10000,ad21a37,39720496,0.92,0.44,0.5217391304347826,0.6943947618377928,0.3759999952168671,0.45852126789991704,25.0,116.72,4.6688,complete,results/grid_300000/ppo_aug/pair1_seed0,
ppo_aug-v2-300k_pair1_L3_s0,2026-09-08,ppo_aug,model-free on-policy + photometric augmentation,grid_300k,0,pair1,L3,procthor-10k train house 2; 1 room(s); 162 reachable cells; L2 + 2 distractor objects; variant seed 1338,target=Bed; target swappable at L2=yes,objectnav,"SB3 PPO defaults + photometric jitter (training only); protocol v2 (held-out start poses, pinned eval poses, static scene); 300k env steps",300000,25,10000,ad21a37,39720496,0.92,0.4,0.5652173913043478,0.6943947618377928,0.3688888865104329,0.46876199708919536,25.0,124.04,4.961600000000001,complete,results/grid_300000/ppo_aug/pair1_seed0,
ppo_aug-v2-300k_pair2_L1_s0,2026-09-08,ppo_aug,model-free on-policy + photometric augmentation,grid_300k,0,pair2,L1,procthor-10k train house 250; 1 room(s); 128 reachable cells; wall/floor materials + lighting + skybox changed; variant seed 1339,target=Bed; target swappable at L2=no,objectnav,"SB3 PPO defaults + photometric jitter (training only); protocol v2 (held-out start poses, pinned eval poses, static scene); 300k env steps",300000,25,10000,ad21a37,39720496,0.88,0.88,0.0,0.6553333283061074,0.6553333283061074,0.0,31.04,31.12,1.0025773195876289,complete,results/grid_300000/ppo_aug/pair2_seed0,
ppo_aug-v2-300k_pair2_L2_s0,2026-09-08,ppo_aug,model-free on-policy + photometric augmentation,grid_300k,0,pair2,L2,"procthor-10k train house 250; 1 room(s); 128 reachable cells; L1 + every object's appearance changed, target included when swappable; variant seed 1339",target=Bed; target swappable at L2=no,objectnav,"SB3 PPO defaults + photometric jitter (training only); protocol v2 (held-out start poses, pinned eval poses, static scene); 300k env steps",300000,25,10000,ad21a37,39720496,0.88,0.8,0.09090909090909087,0.6553333283061074,0.5753333283061074,0.1220752806923194,31.04,46.44,1.4961340206185567,complete,results/grid_300000/ppo_aug/pair2_seed0,
ppo_aug-v2-300k_pair2_L3_s0,2026-09-08,ppo_aug,model-free on-policy + photometric augmentation,grid_300k,0,pair2,L3,procthor-10k train house 250; 1 room(s); 128 reachable cells; L2 + 5 distractor objects; variant seed 1339,target=Bed; target swappable at L2=no,objectnav,"SB3 PPO defaults + photometric jitter (training only); protocol v2 (held-out start poses, pinned eval poses, static scene); 300k env steps",300000,25,10000,ad21a37,39720496,0.88,0.8,0.09090909090909087,0.6553333283061074,0.5753333283061074,0.1220752806923194,31.04,46.44,1.4961340206185567,complete,results/grid_300000/ppo_aug/pair2_seed0,
ppo_aug-v2-300k_pair3_L1_s0,2026-09-08,ppo_aug,model-free on-policy + photometric augmentation,grid_300k,0,pair3,L1,procthor-10k train house 44; 2 room(s); 460 reachable cells; wall/floor materials + lighting + skybox changed; variant seed 1340,target=Bed; target swappable at L2=yes,objectnav,"SB3 PPO defaults + photometric jitter (training only); protocol v2 (held-out start poses, pinned eval poses, static scene); 300k env steps",300000,25,10000,ad21a37,39720496,1.0,0.0,1.0,0.7361581341257489,0.0,1.0,22.28,200.0,8.976660682226212,complete,results/grid_300000/ppo_aug/pair3_seed0,
ppo_aug-v2-300k_pair3_L2_s0,2026-09-08,ppo_aug,model-free on-policy + photometric augmentation,grid_300k,0,pair3,L2,"procthor-10k train house 44; 2 room(s); 460 reachable cells; L1 + every object's appearance changed, target included when swappable; variant seed 1340",target=Bed; target swappable at L2=yes,objectnav,"SB3 PPO defaults + photometric jitter (training only); protocol v2 (held-out start poses, pinned eval poses, static scene); 300k env steps",300000,25,10000,ad21a37,39720496,1.0,0.0,1.0,0.7361581341257489,0.0,1.0,22.28,200.0,8.976660682226212,complete,results/grid_300000/ppo_aug/pair3_seed0,
ppo_aug-v2-300k_pair3_L3_s0,2026-09-08,ppo_aug,model-free on-policy + photometric augmentation,grid_300k,0,pair3,L3,procthor-10k train house 44; 2 room(s); 460 reachable cells; L2 + 8 distractor objects; variant seed 1340,target=Bed; target swappable at L2=yes,objectnav,"SB3 PPO defaults + photometric jitter (training only); protocol v2 (held-out start poses, pinned eval poses, static scene); 300k env steps",300000,25,10000,ad21a37,39720496,1.0,0.0,1.0,0.7361581341257489,0.0,1.0,22.28,200.0,8.976660682226212,complete,results/grid_300000/ppo_aug/pair3_seed0,
ppo_aug-v2-300k_pair4_L1_s0,2026-09-08,ppo_aug,model-free on-policy + photometric augmentation,grid_300k,0,pair4,L1,procthor-10k train house 286; 2 room(s); 681 reachable cells; wall/floor materials + lighting + skybox changed; variant seed 1341,target=Television; target swappable at L2=yes,objectnav,"SB3 PPO defaults + photometric jitter (training only); protocol v2 (held-out start poses, pinned eval poses, static scene); 300k env steps",300000,25,10000,ad21a37,39720496,0.96,0.64,0.3333333333333333,0.7397717161051824,0.4323099109275427,0.4156171403745911,25.32,82.36,3.2527646129541865,complete,results/grid_300000/ppo_aug/pair4_seed0,
ppo_aug-v2-300k_pair4_L2_s0,2026-09-08,ppo_aug,model-free on-policy + photometric augmentation,grid_300k,0,pair4,L2,"procthor-10k train house 286; 2 room(s); 681 reachable cells; L1 + every object's appearance changed, target included when swappable; variant seed 1341",target=Television; target swappable at L2=yes,objectnav,"SB3 PPO defaults + photometric jitter (training only); protocol v2 (held-out start poses, pinned eval poses, static scene); 300k env steps",300000,25,10000,ad21a37,39720496,0.96,0.4,0.5833333333333333,0.7397717161051824,0.3186403457255973,0.5692720621934506,25.32,125.24,4.946287519747235,complete,results/grid_300000/ppo_aug/pair4_seed0,
ppo_aug-v2-300k_pair4_L3_s0,2026-09-08,ppo_aug,model-free on-policy + photometric augmentation,grid_300k,0,pair4,L3,procthor-10k train house 286; 2 room(s); 681 reachable cells; L2 + 8 distractor objects; variant seed 1341,target=Television; target swappable at L2=yes,objectnav,"SB3 PPO defaults + photometric jitter (training only); protocol v2 (held-out start poses, pinned eval poses, static scene); 300k env steps",300000,25,10000,ad21a37,39720496,0.96,0.4,0.5833333333333333,0.7397717161051824,0.3186403457255973,0.5692720621934506,25.32,125.24,4.946287519747235,complete,results/grid_300000/ppo_aug/pair4_seed0,
ppo_aug-v2-300k_pair0_L1_s1,2026-09-08,ppo_aug,model-free on-policy + photometric augmentation,grid_300k,1,pair0,L1,procthor-10k train house 0; 1 room(s); 380 reachable cells; wall/floor materials + lighting + skybox changed; variant seed 1337,target=Fridge; target swappable at L2=yes,objectnav,"SB3 PPO defaults + photometric jitter (training only); protocol v2 (held-out start poses, pinned eval poses, static scene); 300k env steps",300000,25,10000,ad21a37,39720496,0.96,0.44,0.5416666666666667,0.7714919738542144,0.3481331112165979,0.5487534245140661,19.92,116.84,5.865461847389558,complete,results/grid_300000/ppo_aug/pair0_seed1,
ppo_aug-v2-300k_pair0_L2_s1,2026-09-08,ppo_aug,model-free on-policy + photometric augmentation,grid_300k,1,pair0,L2,"procthor-10k train house 0; 1 room(s); 380 reachable cells; L1 + every object's appearance changed, target included when swappable; variant seed 1337",target=Fridge; target swappable at L2=yes,objectnav,"SB3 PPO defaults + photometric jitter (training only); protocol v2 (held-out start poses, pinned eval poses, static scene); 300k env steps",300000,25,10000,ad21a37,39720496,0.96,0.28,0.7083333333333333,0.7714919738542144,0.1909711500531244,0.7524651499625175,19.92,149.36,7.497991967871486,complete,results/grid_300000/ppo_aug/pair0_seed1,
ppo_aug-v2-300k_pair0_L3_s1,2026-09-08,ppo_aug,model-free on-policy + photometric augmentation,grid_300k,1,pair0,L3,procthor-10k train house 0; 1 room(s); 380 reachable cells; L2 + 4 distractor objects; variant seed 1337,target=Fridge; target swappable at L2=yes,objectnav,"SB3 PPO defaults + photometric jitter (training only); protocol v2 (held-out start poses, pinned eval poses, static scene); 300k env steps",300000,25,10000,ad21a37,39720496,0.96,0.28,0.7083333333333333,0.7714919738542144,0.1909711500531244,0.7524651499625175,19.92,149.36,7.497991967871486,complete,results/grid_300000/ppo_aug/pair0_seed1,
ppo_aug-v2-300k_pair1_L1_s1,2026-09-08,ppo_aug,model-free on-policy + photometric augmentation,grid_300k,1,pair1,L1,procthor-10k train house 2; 1 room(s); 162 reachable cells; wall/floor materials + lighting + skybox changed; variant seed 1338,target=Bed; target swappable at L2=yes,objectnav,"SB3 PPO defaults + photometric jitter (training only); protocol v2 (held-out start poses, pinned eval poses, static scene); 300k env steps",300000,25,10000,ad21a37,39720496,0.88,0.2,0.7727272727272727,0.6191881279971421,0.1455707115818414,0.7649006739636434,30.76,161.0,5.23407022106632,complete,results/grid_300000/ppo_aug/pair1_seed1,
ppo_aug-v2-300k_pair1_L2_s1,2026-09-08,ppo_aug,model-free on-policy + photometric augmentation,grid_300k,1,pair1,L2,"procthor-10k train house 2; 1 room(s); 162 reachable cells; L1 + every object's appearance changed, target included when swappable; variant seed 1338",target=Bed; target swappable at L2=yes,objectnav,"SB3 PPO defaults + photometric jitter (training only); protocol v2 (held-out start poses, pinned eval poses, static scene); 300k env steps",300000,25,10000,ad21a37,39720496,0.88,0.2,0.7727272727272727,0.6191881279971421,0.1741421372741102,0.7187573058976447,30.76,160.64,5.222366710013003,complete,results/grid_300000/ppo_aug/pair1_seed1,
ppo_aug-v2-300k_pair1_L3_s1,2026-09-08,ppo_aug,model-free on-policy + photometric augmentation,grid_300k,1,pair1,L3,procthor-10k train house 2; 1 room(s); 162 reachable cells; L2 + 2 distractor objects; variant seed 1338,target=Bed; target swappable at L2=yes,objectnav,"SB3 PPO defaults + photometric jitter (training only); protocol v2 (held-out start poses, pinned eval poses, static scene); 300k env steps",300000,25,10000,ad21a37,39720496,0.88,0.2,0.7727272727272727,0.6191881279971421,0.1511126960652713,0.7559502690174822,30.76,161.12,5.2379713914174255,complete,results/grid_300000/ppo_aug/pair1_seed1,
ppo_aug-v2-300k_pair2_L1_s1,2026-09-08,ppo_aug,model-free on-policy + photometric augmentation,grid_300k,1,pair2,L1,procthor-10k train house 250; 1 room(s); 128 reachable cells; wall/floor materials + lighting + skybox changed; variant seed 1339,target=Bed; target swappable at L2=no,objectnav,"SB3 PPO defaults + photometric jitter (training only); protocol v2 (held-out start poses, pinned eval poses, static scene); 300k env steps",300000,25,10000,ad21a37,39720496,0.96,0.8,0.1666666666666666,0.7386666576562255,0.642666658266753,0.12996389967577343,14.2,45.08,3.174647887323944,complete,results/grid_300000/ppo_aug/pair2_seed1,
ppo_aug-v2-300k_pair2_L2_s1,2026-09-08,ppo_aug,model-free on-policy + photometric augmentation,grid_300k,1,pair2,L2,"procthor-10k train house 250; 1 room(s); 128 reachable cells; L1 + every object's appearance changed, target included when swappable; variant seed 1339",target=Bed; target swappable at L2=no,objectnav,"SB3 PPO defaults + photometric jitter (training only); protocol v2 (held-out start poses, pinned eval poses, static scene); 300k env steps",300000,25,10000,ad21a37,39720496,0.96,0.8,0.1666666666666666,0.7386666576562255,0.642666658266753,0.12996389967577343,14.2,45.04,3.171830985915493,complete,results/grid_300000/ppo_aug/pair2_seed1,
ppo_aug-v2-300k_pair2_L3_s1,2026-09-08,ppo_aug,model-free on-policy + photometric augmentation,grid_300k,1,pair2,L3,procthor-10k train house 250; 1 room(s); 128 reachable cells; L2 + 5 distractor objects; variant seed 1339,target=Bed; target swappable at L2=no,objectnav,"SB3 PPO defaults + photometric jitter (training only); protocol v2 (held-out start poses, pinned eval poses, static scene); 300k env steps",300000,25,10000,ad21a37,39720496,0.96,0.8,0.1666666666666666,0.7386666576562255,0.642666658266753,0.12996389967577343,14.2,45.04,3.171830985915493,complete,results/grid_300000/ppo_aug/pair2_seed1,
ppo_aug-v2-300k_pair3_L1_s1,2026-09-08,ppo_aug,model-free on-policy + photometric augmentation,grid_300k,1,pair3,L1,procthor-10k train house 44; 2 room(s); 460 reachable cells; wall/floor materials + lighting + skybox changed; variant seed 1340,target=Bed; target swappable at L2=yes,objectnav,"SB3 PPO defaults + photometric jitter (training only); protocol v2 (held-out start poses, pinned eval poses, static scene); 300k env steps",300000,25,10000,ad21a37,39720496,0.8,0.36,0.55,0.6311196183499267,0.2579569028072777,0.5912709804811479,57.92,132.52,2.2879834254143647,complete,results/grid_300000/ppo_aug/pair3_seed1,
ppo_aug-v2-300k_pair3_L2_s1,2026-09-08,ppo_aug,model-free on-policy + photometric augmentation,grid_300k,1,pair3,L2,"procthor-10k train house 44; 2 room(s); 460 reachable cells; L1 + every object's appearance changed, target included when swappable; variant seed 1340",target=Bed; target swappable at L2=yes,objectnav,"SB3 PPO defaults + photometric jitter (training only); protocol v2 (held-out start poses, pinned eval poses, static scene); 300k env steps",300000,25,10000,ad21a37,39720496,0.8,0.32,0.6,0.6311196183499267,0.2179569042508333,0.6546504055432701,57.92,140.0,2.4171270718232045,complete,results/grid_300000/ppo_aug/pair3_seed1,
ppo_aug-v2-300k_pair3_L3_s1,2026-09-08,ppo_aug,model-free on-policy + photometric augmentation,grid_300k,1,pair3,L3,procthor-10k train house 44; 2 room(s); 460 reachable cells; L2 + 8 distractor objects; variant seed 1340,target=Bed; target swappable at L2=yes,objectnav,"SB3 PPO defaults + photometric jitter (training only); protocol v2 (held-out start poses, pinned eval poses, static scene); 300k env steps",300000,25,10000,ad21a37,39720496,0.8,0.32,0.6,0.6311196183499267,0.2179569042508333,0.6546504055432701,57.92,140.0,2.4171270718232045,complete,results/grid_300000/ppo_aug/pair3_seed1,
ppo_aug-v2-300k_pair4_L1_s1,2026-09-08,ppo_aug,model-free on-policy + photometric augmentation,grid_300k,1,pair4,L1,procthor-10k train house 286; 2 room(s); 681 reachable cells; wall/floor materials + lighting + skybox changed; variant seed 1341,target=Television; target swappable at L2=yes,objectnav,"SB3 PPO defaults + photometric jitter (training only); protocol v2 (held-out start poses, pinned eval poses, static scene); 300k env steps",300000,25,10000,ad21a37,39720496,0.84,0.76,0.09523809523809519,0.5595532391195487,0.42345117576457,0.2432334474001686,50.64,68.0,1.3428120063191153,complete,results/grid_300000/ppo_aug/pair4_seed1,
ppo_aug-v2-300k_pair4_L2_s1,2026-09-08,ppo_aug,model-free on-policy + photometric augmentation,grid_300k,1,pair4,L2,"procthor-10k train house 286; 2 room(s); 681 reachable cells; L1 + every object's appearance changed, target included when swappable; variant seed 1341",target=Television; target swappable at L2=yes,objectnav,"SB3 PPO defaults + photometric jitter (training only); protocol v2 (held-out start poses, pinned eval poses, static scene); 300k env steps",300000,25,10000,ad21a37,39720496,0.84,0.52,0.38095238095238093,0.5595532391195487,0.3434672963411023,0.3861758411379325,50.64,108.8,2.1484992101105846,complete,results/grid_300000/ppo_aug/pair4_seed1,
ppo_aug-v2-300k_pair4_L3_s1,2026-09-08,ppo_aug,model-free on-policy + photometric augmentation,grid_300k,1,pair4,L3,procthor-10k train house 286; 2 room(s); 681 reachable cells; L2 + 8 distractor objects; variant seed 1341,target=Television; target swappable at L2=yes,objectnav,"SB3 PPO defaults + photometric jitter (training only); protocol v2 (held-out start poses, pinned eval poses, static scene); 300k env steps",300000,25,10000,ad21a37,39720496,0.84,0.52,0.38095238095238093,0.5595532391195487,0.3512614556028245,0.3722465870172947,50.64,108.52,2.1429699842022116,complete,results/grid_300000/ppo_aug/pair4_seed1,
ppo_aug-v2-300k_pair0_L1_s2,2026-09-08,ppo_aug,model-free on-policy + photometric augmentation,grid_300k,2,pair0,L1,procthor-10k train house 0; 1 room(s); 380 reachable cells; wall/floor materials + lighting + skybox changed; variant seed 1337,target=Fridge; target swappable at L2=yes,objectnav,"SB3 PPO defaults + photometric jitter (training only); protocol v2 (held-out start poses, pinned eval poses, static scene); 300k env steps",300000,25,10000,ad21a37,39720496,0.96,0.76,0.2083333333333333,0.7854497346909836,0.6098721321107984,0.22353766870805805,17.72,55.8,3.148984198645598,complete,results/grid_300000/ppo_aug/pair0_seed2,
ppo_aug-v2-300k_pair0_L2_s2,2026-09-08,ppo_aug,model-free on-policy + photometric augmentation,grid_300k,2,pair0,L2,"procthor-10k train house 0; 1 room(s); 380 reachable cells; L1 + every object's appearance changed, target included when swappable; variant seed 1337",target=Fridge; target swappable at L2=yes,objectnav,"SB3 PPO defaults + photometric jitter (training only); protocol v2 (held-out start poses, pinned eval poses, static scene); 300k env steps",300000,25,10000,ad21a37,39720496,0.96,0.12,0.875,0.7854497346909836,0.0933333333333333,0.8811721117073735,17.72,176.92,9.984198645598195,complete,results/grid_300000/ppo_aug/pair0_seed2,
ppo_aug-v2-300k_pair0_L3_s2,2026-09-08,ppo_aug,model-free on-policy + photometric augmentation,grid_300k,2,pair0,L3,procthor-10k train house 0; 1 room(s); 380 reachable cells; L2 + 4 distractor objects; variant seed 1337,target=Fridge; target swappable at L2=yes,objectnav,"SB3 PPO defaults + photometric jitter (training only); protocol v2 (held-out start poses, pinned eval poses, static scene); 300k env steps",300000,25,10000,ad21a37,39720496,0.96,0.12,0.875,0.7854497346909836,0.0933333333333333,0.8811721117073735,17.72,176.92,9.984198645598195,complete,results/grid_300000/ppo_aug/pair0_seed2,
ppo_aug-v2-300k_pair1_L1_s2,2026-09-08,ppo_aug,model-free on-policy + photometric augmentation,grid_300k,2,pair1,L1,procthor-10k train house 2; 1 room(s); 162 reachable cells; wall/floor materials + lighting + skybox changed; variant seed 1338,target=Bed; target swappable at L2=yes,objectnav,"SB3 PPO defaults + photometric jitter (training only); protocol v2 (held-out start poses, pinned eval poses, static scene); 300k env steps",300000,25,10000,ad21a37,39720496,1.0,0.16,0.84,0.7192518991474828,0.1288888848790143,0.8208014674249952,9.84,168.52,17.126016260162604,complete,results/grid_300000/ppo_aug/pair1_seed2,
ppo_aug-v2-300k_pair1_L2_s2,2026-09-08,ppo_aug,model-free on-policy + photometric augmentation,grid_300k,2,pair1,L2,"procthor-10k train house 2; 1 room(s); 162 reachable cells; L1 + every object's appearance changed, target included when swappable; variant seed 1338",target=Bed; target swappable at L2=yes,objectnav,"SB3 PPO defaults + photometric jitter (training only); protocol v2 (held-out start poses, pinned eval poses, static scene); 300k env steps",300000,25,10000,ad21a37,39720496,1.0,0.16,0.84,0.7192518991474828,0.16,0.7775466422964675,9.84,169.12,17.1869918699187,complete,results/grid_300000/ppo_aug/pair1_seed2,
ppo_aug-v2-300k_pair1_L3_s2,2026-09-08,ppo_aug,model-free on-policy + photometric augmentation,grid_300k,2,pair1,L3,procthor-10k train house 2; 1 room(s); 162 reachable cells; L2 + 2 distractor objects; variant seed 1338,target=Bed; target swappable at L2=yes,objectnav,"SB3 PPO defaults + photometric jitter (training only); protocol v2 (held-out start poses, pinned eval poses, static scene); 300k env steps",300000,25,10000,ad21a37,39720496,1.0,0.16,0.84,0.7192518991474828,0.16,0.7775466422964675,9.84,169.12,17.1869918699187,complete,results/grid_300000/ppo_aug/pair1_seed2,
ppo_aug-v2-300k_pair2_L1_s2,2026-09-08,ppo_aug,model-free on-policy + photometric augmentation,grid_300k,2,pair2,L1,procthor-10k train house 250; 1 room(s); 128 reachable cells; wall/floor materials + lighting + skybox changed; variant seed 1339,target=Bed; target swappable at L2=no,objectnav,"SB3 PPO defaults + photometric jitter (training only); protocol v2 (held-out start poses, pinned eval poses, static scene); 300k env steps",300000,25,10000,ad21a37,39720496,1.0,0.92,0.07999999999999996,0.7786666613691564,0.6986666613691564,0.10273972672636736,9.68,24.92,2.5743801652892566,complete,results/grid_300000/ppo_aug/pair2_seed2,
ppo_aug-v2-300k_pair2_L2_s2,2026-09-08,ppo_aug,model-free on-policy + photometric augmentation,grid_300k,2,pair2,L2,"procthor-10k train house 250; 1 room(s); 128 reachable cells; L1 + every object's appearance changed, target included when swappable; variant seed 1339",target=Bed; target swappable at L2=no,objectnav,"SB3 PPO defaults + photometric jitter (training only); protocol v2 (held-out start poses, pinned eval poses, static scene); 300k env steps",300000,25,10000,ad21a37,39720496,1.0,0.92,0.07999999999999996,0.7786666613691564,0.7319999926626918,0.059931509876651225,9.68,24.68,2.549586776859504,complete,results/grid_300000/ppo_aug/pair2_seed2,
ppo_aug-v2-300k_pair2_L3_s2,2026-09-08,ppo_aug,model-free on-policy + photometric augmentation,grid_300k,2,pair2,L3,procthor-10k train house 250; 1 room(s); 128 reachable cells; L2 + 5 distractor objects; variant seed 1339,target=Bed; target swappable at L2=no,objectnav,"SB3 PPO defaults + photometric jitter (training only); protocol v2 (held-out start poses, pinned eval poses, static scene); 300k env steps",300000,25,10000,ad21a37,39720496,1.0,0.92,0.07999999999999996,0.7786666613691564,0.7319999926626918,0.059931509876651225,9.68,24.68,2.549586776859504,complete,results/grid_300000/ppo_aug/pair2_seed2,
ppo_aug-v2-300k_pair3_L1_s2,2026-09-08,ppo_aug,model-free on-policy + photometric augmentation,grid_300k,2,pair3,L1,procthor-10k train house 44; 2 room(s); 460 reachable cells; wall/floor materials + lighting + skybox changed; variant seed 1340,target=Bed; target swappable at L2=yes,objectnav,"SB3 PPO defaults + photometric jitter (training only); protocol v2 (held-out start poses, pinned eval poses, static scene); 300k env steps",300000,25,10000,ad21a37,39720496,0.96,0.0,1.0,0.7302765525699886,0.0,1.0,26.8,200.0,7.462686567164179,complete,results/grid_300000/ppo_aug/pair3_seed2,
ppo_aug-v2-300k_pair3_L2_s2,2026-09-08,ppo_aug,model-free on-policy + photometric augmentation,grid_300k,2,pair3,L2,"procthor-10k train house 44; 2 room(s); 460 reachable cells; L1 + every object's appearance changed, target included when swappable; variant seed 1340",target=Bed; target swappable at L2=yes,objectnav,"SB3 PPO defaults + photometric jitter (training only); protocol v2 (held-out start poses, pinned eval poses, static scene); 300k env steps",300000,25,10000,ad21a37,39720496,0.96,0.0,1.0,0.7302765525699886,0.0,1.0,26.8,200.0,7.462686567164179,complete,results/grid_300000/ppo_aug/pair3_seed2,
ppo_aug-v2-300k_pair3_L3_s2,2026-09-08,ppo_aug,model-free on-policy + photometric augmentation,grid_300k,2,pair3,L3,procthor-10k train house 44; 2 room(s); 460 reachable cells; L2 + 8 distractor objects; variant seed 1340,target=Bed; target swappable at L2=yes,objectnav,"SB3 PPO defaults + photometric jitter (training only); protocol v2 (held-out start poses, pinned eval poses, static scene); 300k env steps",300000,25,10000,ad21a37,39720496,0.96,0.0,1.0,0.7302765525699886,0.0,1.0,26.8,200.0,7.462686567164179,complete,results/grid_300000/ppo_aug/pair3_seed2,
ppo_aug-v2-300k_pair4_L1_s2,2026-09-08,ppo_aug,model-free on-policy + photometric augmentation,grid_300k,2,pair4,L1,procthor-10k train house 286; 2 room(s); 681 reachable cells; wall/floor materials + lighting + skybox changed; variant seed 1341,target=Television; target swappable at L2=yes,objectnav,"SB3 PPO defaults + photometric jitter (training only); protocol v2 (held-out start poses, pinned eval poses, static scene); 300k env steps",300000,25,10000,ad21a37,39720496,1.0,0.04,0.96,0.7449029704844543,0.0199999992368407,0.9731508665835585,23.28,192.2,8.256013745704466,complete,results/grid_300000/ppo_aug/pair4_seed2,
ppo_aug-v2-300k_pair4_L2_s2,2026-09-08,ppo_aug,model-free on-policy + photometric augmentation,grid_300k,2,pair4,L2,"procthor-10k train house 286; 2 room(s); 681 reachable cells; L1 + every object's appearance changed, target included when swappable; variant seed 1341",target=Television; target swappable at L2=yes,objectnav,"SB3 PPO defaults + photometric jitter (training only); protocol v2 (held-out start poses, pinned eval poses, static scene); 300k env steps",300000,25,10000,ad21a37,39720496,1.0,0.0,1.0,0.7449029704844543,0.0,1.0,23.28,200.0,8.59106529209622,complete,results/grid_300000/ppo_aug/pair4_seed2,
ppo_aug-v2-300k_pair4_L3_s2,2026-09-08,ppo_aug,model-free on-policy + photometric augmentation,grid_300k,2,pair4,L3,procthor-10k train house 286; 2 room(s); 681 reachable cells; L2 + 8 distractor objects; variant seed 1341,target=Television; target swappable at L2=yes,objectnav,"SB3 PPO defaults + photometric jitter (training only); protocol v2 (held-out start poses, pinned eval poses, static scene); 300k env steps",300000,25,10000,ad21a37,39720496,1.0,0.0,1.0,0.7449029704844543,0.0,1.0,23.28,200.0,8.59106529209622,complete,results/grid_300000/ppo_aug/pair4_seed2,
ppo_aug-v2-300k_pair0_L1_s3,2026-09-08,ppo_aug,model-free on-policy + photometric augmentation,grid_300k,3,pair0,L1,procthor-10k train house 0; 1 room(s); 380 reachable cells; wall/floor materials + lighting + skybox changed; variant seed 1337,target=Fridge; target swappable at L2=yes,objectnav,"SB3 PPO defaults + photometric jitter (training only); protocol v2 (held-out start poses, pinned eval poses, static scene); 300k env steps",300000,25,10000,ad21a37,39720496,0.92,0.28,0.6956521739130435,0.7367516635088626,0.2527616899988676,0.6569241679142445,27.44,146.44,5.336734693877551,complete,results/grid_300000/ppo_aug/pair0_seed3,
ppo_aug-v2-300k_pair0_L2_s3,2026-09-08,ppo_aug,model-free on-policy + photometric augmentation,grid_300k,3,pair0,L2,"procthor-10k train house 0; 1 room(s); 380 reachable cells; L1 + every object's appearance changed, target included when swappable; variant seed 1337",target=Fridge; target swappable at L2=yes,objectnav,"SB3 PPO defaults + photometric jitter (training only); protocol v2 (held-out start poses, pinned eval poses, static scene); 300k env steps",300000,25,10000,ad21a37,39720496,0.92,0.2,0.7826086956521738,0.7367516635088626,0.1798761527418977,0.755852396877915,27.44,161.56,5.887755102040816,complete,results/grid_300000/ppo_aug/pair0_seed3,
ppo_aug-v2-300k_pair0_L3_s3,2026-09-08,ppo_aug,model-free on-policy + photometric augmentation,grid_300k,3,pair0,L3,procthor-10k train house 0; 1 room(s); 380 reachable cells; L2 + 4 distractor objects; variant seed 1337,target=Fridge; target swappable at L2=yes,objectnav,"SB3 PPO defaults + photometric jitter (training only); protocol v2 (held-out start poses, pinned eval poses, static scene); 300k env steps",300000,25,10000,ad21a37,39720496,0.92,0.2,0.7826086956521738,0.7367516635088626,0.1798761527418977,0.755852396877915,27.44,161.56,5.887755102040816,complete,results/grid_300000/ppo_aug/pair0_seed3,
ppo_aug-v2-300k_pair1_L1_s3,2026-09-08,ppo_aug,model-free on-policy + photometric augmentation,grid_300k,3,pair1,L1,procthor-10k train house 2; 1 room(s); 162 reachable cells; wall/floor materials + lighting + skybox changed; variant seed 1338,target=Bed; target swappable at L2=yes,objectnav,"SB3 PPO defaults + photometric jitter (training only); protocol v2 (held-out start poses, pinned eval poses, static scene); 300k env steps",300000,25,10000,ad21a37,39720496,1.0,0.72,0.28,0.7172519009027328,0.6174285698710523,0.13917471798407632,9.28,61.6,6.637931034482759,complete,results/grid_300000/ppo_aug/pair1_seed3,
ppo_aug-v2-300k_pair1_L2_s3,2026-09-08,ppo_aug,model-free on-policy + photometric augmentation,grid_300k,3,pair1,L2,"procthor-10k train house 2; 1 room(s); 162 reachable cells; L1 + every object's appearance changed, target included when swappable; variant seed 1338",target=Bed; target swappable at L2=yes,objectnav,"SB3 PPO defaults + photometric jitter (training only); protocol v2 (held-out start poses, pinned eval poses, static scene); 300k env steps",300000,25,10000,ad21a37,39720496,1.0,0.24,0.76,0.7172519009027328,0.24,0.6653895239623121,9.28,152.96,16.48275862068966,complete,results/grid_300000/ppo_aug/pair1_seed3,
ppo_aug-v2-300k_pair1_L3_s3,2026-09-08,ppo_aug,model-free on-policy + photometric augmentation,grid_300k,3,pair1,L3,procthor-10k train house 2; 1 room(s); 162 reachable cells; L2 + 2 distractor objects; variant seed 1338,target=Bed; target swappable at L2=yes,objectnav,"SB3 PPO defaults + photometric jitter (training only); protocol v2 (held-out start poses, pinned eval poses, static scene); 300k env steps",300000,25,10000,ad21a37,39720496,1.0,0.2,0.8,0.7172519009027328,0.2,0.72115793663526,9.28,160.64,17.310344827586206,complete,results/grid_300000/ppo_aug/pair1_seed3,
ppo_aug-v2-300k_pair2_L1_s3,2026-09-08,ppo_aug,model-free on-policy + photometric augmentation,grid_300k,3,pair2,L1,procthor-10k train house 250; 1 room(s); 128 reachable cells; wall/floor materials + lighting + skybox changed; variant seed 1339,target=Bed; target swappable at L2=no,objectnav,"SB3 PPO defaults + photometric jitter (training only); protocol v2 (held-out start poses, pinned eval poses, static scene); 300k env steps",300000,25,10000,ad21a37,39720496,1.0,0.88,0.12,0.7767618995993741,0.6567618995993741,0.15448749489630179,7.68,30.52,3.9739583333333335,complete,results/grid_300000/ppo_aug/pair2_seed3,
ppo_aug-v2-300k_pair2_L2_s3,2026-09-08,ppo_aug,model-free on-policy + photometric augmentation,grid_300k,3,pair2,L2,"procthor-10k train house 250; 1 room(s); 128 reachable cells; L1 + every object's appearance changed, target included when swappable; variant seed 1339",target=Bed; target swappable at L2=no,objectnav,"SB3 PPO defaults + photometric jitter (training only); protocol v2 (held-out start poses, pinned eval poses, static scene); 300k env steps",300000,25,10000,ad21a37,39720496,1.0,0.88,0.12,0.7767618995993741,0.6567618995993741,0.15448749489630179,7.68,30.52,3.9739583333333335,complete,results/grid_300000/ppo_aug/pair2_seed3,
ppo_aug-v2-300k_pair2_L3_s3,2026-09-08,ppo_aug,model-free on-policy + photometric augmentation,grid_300k,3,pair2,L3,procthor-10k train house 250; 1 room(s); 128 reachable cells; L2 + 5 distractor objects; variant seed 1339,target=Bed; target swappable at L2=no,objectnav,"SB3 PPO defaults + photometric jitter (training only); protocol v2 (held-out start poses, pinned eval poses, static scene); 300k env steps",300000,25,10000,ad21a37,39720496,1.0,0.88,0.12,0.7767618995993741,0.6567618995993741,0.15448749489630179,7.68,30.52,3.9739583333333335,complete,results/grid_300000/ppo_aug/pair2_seed3,
ppo_aug-v2-300k_pair3_L1_s3,2026-09-08,ppo_aug,model-free on-policy + photometric augmentation,grid_300k,3,pair3,L1,procthor-10k train house 44; 2 room(s); 460 reachable cells; wall/floor materials + lighting + skybox changed; variant seed 1340,target=Bed; target swappable at L2=yes,objectnav,"SB3 PPO defaults + photometric jitter (training only); protocol v2 (held-out start poses, pinned eval poses, static scene); 300k env steps",300000,25,10000,ad21a37,39720496,0.96,0.44,0.5416666666666667,0.7325983129377324,0.282725252858047,0.6140787552126435,28.68,120.32,4.195258019525801,complete,results/grid_300000/ppo_aug/pair3_seed3,
ppo_aug-v2-300k_pair3_L2_s3,2026-09-08,ppo_aug,model-free on-policy + photometric augmentation,grid_300k,3,pair3,L2,"procthor-10k train house 44; 2 room(s); 460 reachable cells; L1 + every object's appearance changed, target included when swappable; variant seed 1340",target=Bed; target swappable at L2=yes,objectnav,"SB3 PPO defaults + photometric jitter (training only); protocol v2 (held-out start poses, pinned eval poses, static scene); 300k env steps",300000,25,10000,ad21a37,39720496,0.96,0.36,0.625,0.7325983129377324,0.2377871507688059,0.6754194671630144,28.68,134.48,4.688981868898186,complete,results/grid_300000/ppo_aug/pair3_seed3,
ppo_aug-v2-300k_pair3_L3_s3,2026-09-08,ppo_aug,model-free on-policy + photometric augmentation,grid_300k,3,pair3,L3,procthor-10k train house 44; 2 room(s); 460 reachable cells; L2 + 8 distractor objects; variant seed 1340,target=Bed; target swappable at L2=yes,objectnav,"SB3 PPO defaults + photometric jitter (training only); protocol v2 (held-out start poses, pinned eval poses, static scene); 300k env steps",300000,25,10000,ad21a37,39720496,0.96,0.36,0.625,0.7325983129377324,0.2377871507688059,0.6754194671630144,28.68,134.48,4.688981868898186,complete,results/grid_300000/ppo_aug/pair3_seed3,
ppo_aug-v2-300k_pair4_L1_s3,2026-09-08,ppo_aug,model-free on-policy + photometric augmentation,grid_300k,3,pair4,L1,procthor-10k train house 286; 2 room(s); 681 reachable cells; wall/floor materials + lighting + skybox changed; variant seed 1341,target=Television; target swappable at L2=yes,objectnav,"SB3 PPO defaults + photometric jitter (training only); protocol v2 (held-out start poses, pinned eval poses, static scene); 300k env steps",300000,25,10000,ad21a37,39720496,0.84,0.6,0.2857142857142857,0.5137866718134686,0.3579168779368588,0.3033745373862067,50.88,92.76,1.8231132075471699,complete,results/grid_300000/ppo_aug/pair4_seed3,
ppo_aug-v2-300k_pair4_L2_s3,2026-09-08,ppo_aug,model-free on-policy + photometric augmentation,grid_300k,3,pair4,L2,"procthor-10k train house 286; 2 room(s); 681 reachable cells; L1 + every object's appearance changed, target included when swappable; variant seed 1341",target=Television; target swappable at L2=yes,objectnav,"SB3 PPO defaults + photometric jitter (training only); protocol v2 (held-out start poses, pinned eval poses, static scene); 300k env steps",300000,25,10000,ad21a37,39720496,0.84,0.36,0.5714285714285714,0.5137866718134686,0.2478581126445035,0.5175855540011186,50.88,135.8,2.6690251572327046,complete,results/grid_300000/ppo_aug/pair4_seed3,
ppo_aug-v2-300k_pair4_L3_s3,2026-09-08,ppo_aug,model-free on-policy + photometric augmentation,grid_300k,3,pair4,L3,procthor-10k train house 286; 2 room(s); 681 reachable cells; L2 + 8 distractor objects; variant seed 1341,target=Television; target swappable at L2=yes,objectnav,"SB3 PPO defaults + photometric jitter (training only); protocol v2 (held-out start poses, pinned eval poses, static scene); 300k env steps",300000,25,10000,ad21a37,39720496,0.84,0.4,0.5238095238095237,0.5137866718134686,0.2757338791384578,0.4633300272947454,50.88,128.48,2.525157232704402,complete,results/grid_300000/ppo_aug/pair4_seed3,
ppo_aug-v2-300k_pair0_L1_s4,2026-09-08,ppo_aug,model-free on-policy + photometric augmentation,grid_300k,4,pair0,L1,procthor-10k train house 0; 1 room(s); 380 reachable cells; wall/floor materials + lighting + skybox changed; variant seed 1337,target=Fridge; target swappable at L2=yes,objectnav,"SB3 PPO defaults + photometric jitter (training only); protocol v2 (held-out start poses, pinned eval poses, static scene); 300k env steps",300000,25,10000,ad21a37,39720496,0.84,0.84,0.0,0.6875074572175598,0.6759221263468115,0.016851207574730593,41.0,41.68,1.0165853658536586,complete,results/grid_300000/ppo_aug/pair0_seed4,
ppo_aug-v2-300k_pair0_L2_s4,2026-09-08,ppo_aug,model-free on-policy + photometric augmentation,grid_300k,4,pair0,L2,"procthor-10k train house 0; 1 room(s); 380 reachable cells; L1 + every object's appearance changed, target included when swappable; variant seed 1337",target=Fridge; target swappable at L2=yes,objectnav,"SB3 PPO defaults + photometric jitter (training only); protocol v2 (held-out start poses, pinned eval poses, static scene); 300k env steps",300000,25,10000,ad21a37,39720496,0.84,0.2,0.7619047619047619,0.6875074572175598,0.1859153360096275,0.7295806262785087,41.0,161.64,3.9424390243902434,complete,results/grid_300000/ppo_aug/pair0_seed4,
ppo_aug-v2-300k_pair0_L3_s4,2026-09-08,ppo_aug,model-free on-policy + photometric augmentation,grid_300k,4,pair0,L3,procthor-10k train house 0; 1 room(s); 380 reachable cells; L2 + 4 distractor objects; variant seed 1337,target=Fridge; target swappable at L2=yes,objectnav,"SB3 PPO defaults + photometric jitter (training only); protocol v2 (held-out start poses, pinned eval poses, static scene); 300k env steps",300000,25,10000,ad21a37,39720496,0.84,0.2,0.7619047619047619,0.6875074572175598,0.1659153337540723,0.7586712231085387,41.0,161.68,3.9434146341463414,complete,results/grid_300000/ppo_aug/pair0_seed4,
ppo_aug-v2-300k_pair1_L1_s4,2026-09-08,ppo_aug,model-free on-policy + photometric augmentation,grid_300k,4,pair1,L1,procthor-10k train house 2; 1 room(s); 162 reachable cells; wall/floor materials + lighting + skybox changed; variant seed 1338,target=Bed; target swappable at L2=yes,objectnav,"SB3 PPO defaults + photometric jitter (training only); protocol v2 (held-out start poses, pinned eval poses, static scene); 300k env steps",300000,25,10000,ad21a37,39720496,0.88,0.76,0.13636363636363635,0.6602272584717092,0.583317806417748,0.11648936190849009,30.72,57.88,1.8841145833333335,complete,results/grid_300000/ppo_aug/pair1_seed4,
ppo_aug-v2-300k_pair1_L2_s4,2026-09-08,ppo_aug,model-free on-policy + photometric augmentation,grid_300k,4,pair1,L2,"procthor-10k train house 2; 1 room(s); 162 reachable cells; L1 + every object's appearance changed, target included when swappable; variant seed 1338",target=Bed; target swappable at L2=yes,objectnav,"SB3 PPO defaults + photometric jitter (training only); protocol v2 (held-out start poses, pinned eval poses, static scene); 300k env steps",300000,25,10000,ad21a37,39720496,0.88,0.44,0.5,0.6602272584717092,0.3158431042865224,0.5216145649338464,30.72,116.92,3.8059895833333335,complete,results/grid_300000/ppo_aug/pair1_seed4,
ppo_aug-v2-300k_pair1_L3_s4,2026-09-08,ppo_aug,model-free on-policy + photometric augmentation,grid_300k,4,pair1,L3,procthor-10k train house 2; 1 room(s); 162 reachable cells; L2 + 2 distractor objects; variant seed 1338,target=Bed; target swappable at L2=yes,objectnav,"SB3 PPO defaults + photometric jitter (training only); protocol v2 (held-out start poses, pinned eval poses, static scene); 300k env steps",300000,25,10000,ad21a37,39720496,0.88,0.2,0.7727272727272727,0.6602272584717092,0.2,0.6970740037862735,30.72,160.28,5.217447916666667,complete,results/grid_300000/ppo_aug/pair1_seed4,
ppo_aug-v2-300k_pair2_L1_s4,2026-09-08,ppo_aug,model-free on-policy + photometric augmentation,grid_300k,4,pair2,L1,procthor-10k train house 250; 1 room(s); 128 reachable cells; wall/floor materials + lighting + skybox changed; variant seed 1339,target=Bed; target swappable at L2=no,objectnav,"SB3 PPO defaults + photometric jitter (training only); protocol v2 (held-out start poses, pinned eval poses, static scene); 300k env steps",300000,25,10000,ad21a37,39720496,0.92,0.84,0.0869565217391305,0.7003333262586372,0.6203333262586371,0.11423131957375338,24.6,39.88,1.6211382113821138,complete,results/grid_300000/ppo_aug/pair2_seed4,
ppo_aug-v2-300k_pair2_L2_s4,2026-09-08,ppo_aug,model-free on-policy + photometric augmentation,grid_300k,4,pair2,L2,"procthor-10k train house 250; 1 room(s); 128 reachable cells; L1 + every object's appearance changed, target included when swappable; variant seed 1339",target=Bed; target swappable at L2=no,objectnav,"SB3 PPO defaults + photometric jitter (training only); protocol v2 (held-out start poses, pinned eval poses, static scene); 300k env steps",300000,25,10000,ad21a37,39720496,0.92,0.76,0.1739130434782609,0.7003333262586372,0.6069999971047698,0.1332698668682216,24.6,55.04,2.2373983739837398,complete,results/grid_300000/ppo_aug/pair2_seed4,
ppo_aug-v2-300k_pair2_L3_s4,2026-09-08,ppo_aug,model-free on-policy + photometric augmentation,grid_300k,4,pair2,L3,procthor-10k train house 250; 1 room(s); 128 reachable cells; L2 + 5 distractor objects; variant seed 1339,target=Bed; target swappable at L2=no,objectnav,"SB3 PPO defaults + photometric jitter (training only); protocol v2 (held-out start poses, pinned eval poses, static scene); 300k env steps",300000,25,10000,ad21a37,39720496,0.92,0.76,0.1739130434782609,0.7003333262586372,0.6069999971047698,0.1332698668682216,24.6,55.04,2.2373983739837398,complete,results/grid_300000/ppo_aug/pair2_seed4,
ppo_aug-v2-300k_pair3_L1_s4,2026-09-08,ppo_aug,model-free on-policy + photometric augmentation,grid_300k,4,pair3,L1,procthor-10k train house 44; 2 room(s); 460 reachable cells; wall/floor materials + lighting + skybox changed; variant seed 1340,target=Bed; target swappable at L2=yes,objectnav,"SB3 PPO defaults + photometric jitter (training only); protocol v2 (held-out start poses, pinned eval poses, static scene); 300k env steps",300000,25,10000,ad21a37,39720496,0.96,0.36,0.625,0.7346029872798645,0.2528491879249245,0.6558015794882746,27.76,135.08,4.86599423631124,complete,results/grid_300000/ppo_aug/pair3_seed4,
ppo_aug-v2-300k_pair3_L2_s4,2026-09-08,ppo_aug,model-free on-policy + photometric augmentation,grid_300k,4,pair3,L2,"procthor-10k train house 44; 2 room(s); 460 reachable cells; L1 + every object's appearance changed, target included when swappable; variant seed 1340",target=Bed; target swappable at L2=yes,objectnav,"SB3 PPO defaults + photometric jitter (training only); protocol v2 (held-out start poses, pinned eval poses, static scene); 300k env steps",300000,25,10000,ad21a37,39720496,0.96,0.28,0.7083333333333333,0.7346029872798645,0.1910324729961367,0.7399514073533732,27.76,147.96,5.329971181556196,complete,results/grid_300000/ppo_aug/pair3_seed4,
ppo_aug-v2-300k_pair3_L3_s4,2026-09-08,ppo_aug,model-free on-policy + photometric augmentation,grid_300k,4,pair3,L3,procthor-10k train house 44; 2 room(s); 460 reachable cells; L2 + 8 distractor objects; variant seed 1340,target=Bed; target swappable at L2=yes,objectnav,"SB3 PPO defaults + photometric jitter (training only); protocol v2 (held-out start poses, pinned eval poses, static scene); 300k env steps",300000,25,10000,ad21a37,39720496,0.96,0.28,0.7083333333333333,0.7346029872798645,0.1910324729961367,0.7399514073533732,27.76,147.96,5.329971181556196,complete,results/grid_300000/ppo_aug/pair3_seed4,
ppo_aug-v2-300k_pair4_L1_s4,2026-09-08,ppo_aug,model-free on-policy + photometric augmentation,grid_300k,4,pair4,L1,procthor-10k train house 286; 2 room(s); 681 reachable cells; wall/floor materials + lighting + skybox changed; variant seed 1341,target=Television; target swappable at L2=yes,objectnav,"SB3 PPO defaults + photometric jitter (training only); protocol v2 (held-out start poses, pinned eval poses, static scene); 300k env steps",300000,25,10000,ad21a37,39720496,0.96,0.0,1.0,0.7327303753345589,0.0,1.0,27.16,200.0,7.363770250368188,complete,results/grid_300000/ppo_aug/pair4_seed4,
ppo_aug-v2-300k_pair4_L2_s4,2026-09-08,ppo_aug,model-free on-policy + photometric augmentation,grid_300k,4,pair4,L2,"procthor-10k train house 286; 2 room(s); 681 reachable cells; L1 + every object's appearance changed, target included when swappable; variant seed 1341",target=Television; target swappable at L2=yes,objectnav,"SB3 PPO defaults + photometric jitter (training only); protocol v2 (held-out start poses, pinned eval poses, static scene); 300k env steps",300000,25,10000,ad21a37,39720496,0.96,0.0,1.0,0.7327303753345589,0.0,1.0,27.16,200.0,7.363770250368188,complete,results/grid_300000/ppo_aug/pair4_seed4,
ppo_aug-v2-300k_pair4_L3_s4,2026-09-08,ppo_aug,model-free on-policy + photometric augmentation,grid_300k,4,pair4,L3,procthor-10k train house 286; 2 room(s); 681 reachable cells; L2 + 8 distractor objects; variant seed 1341,target=Television; target swappable at L2=yes,objectnav,"SB3 PPO defaults + photometric jitter (training only); protocol v2 (held-out start poses, pinned eval poses, static scene); 300k env steps",300000,25,10000,ad21a37,39720496,0.96,0.0,1.0,0.7327303753345589,0.0,1.0,27.16,200.0,7.363770250368188,complete,results/grid_300000/ppo_aug/pair4_seed4,
tdmpc2-v2-300k_pair1_L1_s0,2026-09-08,tdmpc2,decoder-free latent world model + planner,grid_300k,0,pair1,L1,procthor-10k train house 2; 1 room(s); 162 reachable cells; wall/floor materials + lighting + skybox changed; variant seed 1338,target=Bed; target swappable at L2=yes,objectnav,"TD-MPC2 upstream defaults; protocol v2 (held-out start poses, pinned eval poses, static scene); 300k env steps",300000,25,10000,ad21a37,39720498,1.0,0.88,0.12,0.7141812348727425,0.578227519332519,0.1903630463833856,8.2,72.88,8.887804878048781,complete,results/grid_300000/tdmpc2/pair1_seed0,
tdmpc2-v2-300k_pair1_L2_s0,2026-09-08,tdmpc2,decoder-free latent world model + planner,grid_300k,0,pair1,L2,"procthor-10k train house 2; 1 room(s); 162 reachable cells; L1 + every object's appearance changed, target included when swappable; variant seed 1338",target=Bed; target swappable at L2=yes,objectnav,"TD-MPC2 upstream defaults; protocol v2 (held-out start poses, pinned eval poses, static scene); 300k env steps",300000,25,10000,ad21a37,39720498,1.0,0.72,0.28,0.7141812348727425,0.5084478718969216,0.28806884433540153,8.2,104.88,12.790243902439025,complete,results/grid_300000/tdmpc2/pair1_seed0,
tdmpc2-v2-300k_pair1_L3_s0,2026-09-08,tdmpc2,decoder-free latent world model + planner,grid_300k,0,pair1,L3,procthor-10k train house 2; 1 room(s); 162 reachable cells; L2 + 2 distractor objects; variant seed 1338,target=Bed; target swappable at L2=yes,objectnav,"TD-MPC2 upstream defaults; protocol v2 (held-out start poses, pinned eval poses, static scene); 300k env steps",300000,25,10000,ad21a37,39720498,1.0,0.76,0.24,0.7141812348727425,0.4975546322163118,0.30332161092839505,8.2,93.32,11.38048780487805,complete,results/grid_300000/tdmpc2/pair1_seed0,
tdmpc2-v2-300k_pair1_L1_s4,2026-09-08,tdmpc2,decoder-free latent world model + planner,grid_300k,4,pair1,L1,procthor-10k train house 2; 1 room(s); 162 reachable cells; wall/floor materials + lighting + skybox changed; variant seed 1338,target=Bed; target swappable at L2=yes,objectnav,"TD-MPC2 upstream defaults; protocol v2 (held-out start poses, pinned eval poses, static scene); 300k env steps",300000,25,10000,ad21a37,39720498,1.0,0.36,0.64,0.7139377201176292,0.2912727261056954,0.592019418643821,9.92,137.8,13.891129032258066,complete,results/grid_300000/tdmpc2/pair1_seed4,
tdmpc2-v2-300k_pair1_L2_s4,2026-09-08,tdmpc2,decoder-free latent world model + planner,grid_300k,4,pair1,L2,"procthor-10k train house 2; 1 room(s); 162 reachable cells; L1 + every object's appearance changed, target included when swappable; variant seed 1338",target=Bed; target swappable at L2=yes,objectnav,"TD-MPC2 upstream defaults; protocol v2 (held-out start poses, pinned eval poses, static scene); 300k env steps",300000,25,10000,ad21a37,39720498,1.0,0.32,0.6799999999999999,0.7139377201176292,0.32,0.5517816316705099,9.92,146.36,14.754032258064518,complete,results/grid_300000/tdmpc2/pair1_seed4,
tdmpc2-v2-300k_pair1_L3_s4,2026-09-08,tdmpc2,decoder-free latent world model + planner,grid_300k,4,pair1,L3,procthor-10k train house 2; 1 room(s); 162 reachable cells; L2 + 2 distractor objects; variant seed 1338,target=Bed; target swappable at L2=yes,objectnav,"TD-MPC2 upstream defaults; protocol v2 (held-out start poses, pinned eval poses, static scene); 300k env steps",300000,25,10000,ad21a37,39720498,1.0,0.28,0.72,0.7139377201176292,0.28,0.607808927711696,9.92,149.36,15.056451612903228,complete,results/grid_300000/tdmpc2/pair1_seed4,
dreamerv3-v2-300k_pair1_L1_s1,2026-09-10,dreamerv3,reconstruction world model,grid_300k,1,pair1,L1,procthor-10k train house 2; 1 room(s); 162 reachable cells; wall/floor materials + lighting + skybox changed; variant seed 1338,target=Bed; target swappable at L2=yes,objectnav,"DreamerV3 train_ratio=512; protocol v2 (held-out start poses, pinned eval poses, static scene); 300k env steps",300000,25,10000,ad21a37,39720497+39945496,0.56,0.28,0.5,0.3800641694528528,0.1657126435214796,0.5639877240729047,101.76,165.6,1.6273584905660377,complete,results/grid_300000/dreamerv3/pair1_seed1,
dreamerv3-v2-300k_pair1_L2_s1,2026-09-10,dreamerv3,reconstruction world model,grid_300k,1,pair1,L2,"procthor-10k train house 2; 1 room(s); 162 reachable cells; L1 + every object's appearance changed, target included when swappable; variant seed 1338",target=Bed; target swappable at L2=yes,objectnav,"DreamerV3 train_ratio=512; protocol v2 (held-out start poses, pinned eval poses, static scene); 300k env steps",300000,25,10000,ad21a37,39720497+39945496,0.56,0.4,0.28571428571428575,0.3800641694528528,0.2921449273930789,0.231327362919646,101.76,148.76,1.4618710691823897,complete,results/grid_300000/dreamerv3/pair1_seed1,
dreamerv3-v2-300k_pair1_L3_s1,2026-09-10,dreamerv3,reconstruction world model,grid_300k,1,pair1,L3,procthor-10k train house 2; 1 room(s); 162 reachable cells; L2 + 2 distractor objects; variant seed 1338,target=Bed; target swappable at L2=yes,objectnav,"DreamerV3 train_ratio=512; protocol v2 (held-out start poses, pinned eval poses, static scene); 300k env steps",300000,25,10000,ad21a37,39720497+39945496,0.56,0.52,0.07142857142857148,0.3800641694528528,0.3100130405466009,0.1843139515284979,101.76,126.4,1.2421383647798743,complete,results/grid_300000/dreamerv3/pair1_seed1,
dreamerv3-v2-300k_pair0_L1_s4,2026-09-10,dreamerv3,reconstruction world model,grid_300k,4,pair0,L1,procthor-10k train house 0; 1 room(s); 380 reachable cells; wall/floor materials + lighting + skybox changed; variant seed 1337,target=Fridge; target swappable at L2=yes,objectnav,"DreamerV3 train_ratio=512; protocol v2 (held-out start poses, pinned eval poses, static scene); 300k env steps",300000,25,10000,ad21a37,39720497+39945496,1.0,1.0,0.0,0.749253199393983,0.7393204392274003,0.013256880550682502,13.28,21.0,1.5813253012048194,complete,results/grid_300000/dreamerv3/pair0_seed4,
dreamerv3-v2-300k_pair0_L2_s4,2026-09-10,dreamerv3,reconstruction world model,grid_300k,4,pair0,L2,"procthor-10k train house 0; 1 room(s); 380 reachable cells; L1 + every object's appearance changed, target included when swappable; variant seed 1337",target=Fridge; target swappable at L2=yes,objectnav,"DreamerV3 train_ratio=512; protocol v2 (held-out start poses, pinned eval poses, static scene); 300k env steps",300000,25,10000,ad21a37,39720497+39945496,1.0,0.96,0.040000000000000036,0.749253199393983,0.6026050904698452,0.1957257026633332,13.28,49.92,3.7590361445783134,complete,results/grid_300000/dreamerv3/pair0_seed4,
dreamerv3-v2-300k_pair0_L3_s4,2026-09-10,dreamerv3,reconstruction world model,grid_300k,4,pair0,L3,procthor-10k train house 0; 1 room(s); 380 reachable cells; L2 + 4 distractor objects; variant seed 1337,target=Fridge; target swappable at L2=yes,objectnav,"DreamerV3 train_ratio=512; protocol v2 (held-out start poses, pinned eval poses, static scene); 300k env steps",300000,25,10000,ad21a37,39720497+39945496,1.0,0.96,0.040000000000000036,0.749253199393983,0.5936988479433893,0.20761252881724152,13.28,48.96,3.6867469879518073,complete,results/grid_300000/dreamerv3/pair0_seed4,
tdmpc2-v2-300k_pair0_L1_s0,2026-09-10,tdmpc2,decoder-free latent world model + planner,grid_300k,0,pair0,L1,procthor-10k train house 0; 1 room(s); 380 reachable cells; wall/floor materials + lighting + skybox changed; variant seed 1337,target=Fridge; target swappable at L2=yes,objectnav,"TD-MPC2 upstream defaults; protocol v2 (held-out start poses, pinned eval poses, static scene); 300k env steps",300000,25,10000,ad21a37,39720498,1.0,0.76,0.24,0.8185929406695047,0.5884281088447741,0.2811712884263149,13.04,82.56,6.331288343558283,complete,results/grid_300000/tdmpc2/pair0_seed0,
tdmpc2-v2-300k_pair0_L2_s0,2026-09-10,tdmpc2,decoder-free latent world model + planner,grid_300k,0,pair0,L2,"procthor-10k train house 0; 1 room(s); 380 reachable cells; L1 + every object's appearance changed, target included when swappable; variant seed 1337",target=Fridge; target swappable at L2=yes,objectnav,"TD-MPC2 upstream defaults; protocol v2 (held-out start poses, pinned eval poses, static scene); 300k env steps",300000,25,10000,ad21a37,39720498,1.0,0.52,0.48,0.8185929406695047,0.3570383139948246,0.5638390019552175,13.04,130.88,10.036809815950921,complete,results/grid_300000/tdmpc2/pair0_seed0,
tdmpc2-v2-300k_pair0_L3_s0,2026-09-10,tdmpc2,decoder-free latent world model + planner,grid_300k,0,pair0,L3,procthor-10k train house 0; 1 room(s); 380 reachable cells; L2 + 4 distractor objects; variant seed 1337,target=Fridge; target swappable at L2=yes,objectnav,"TD-MPC2 upstream defaults; protocol v2 (held-out start poses, pinned eval poses, static scene); 300k env steps",300000,25,10000,ad21a37,39720498,1.0,0.52,0.48,0.8185929406695047,0.352754270135823,0.569072425853911,13.04,138.6,10.628834355828221,complete,results/grid_300000/tdmpc2/pair0_seed0,
tdmpc2-v2-300k_pair2_L1_s0,2026-09-10,tdmpc2,decoder-free latent world model + planner,grid_300k,0,pair2,L1,procthor-10k train house 250; 1 room(s); 128 reachable cells; wall/floor materials + lighting + skybox changed; variant seed 1339,target=Bed; target swappable at L2=no,objectnav,"TD-MPC2 upstream defaults; protocol v2 (held-out start poses, pinned eval poses, static scene); 300k env steps",300000,25,10000,ad21a37,39720498,1.0,1.0,0.0,0.7793809442303927,0.7706031698743584,0.011262495472867928,11.52,36.2,3.1423611111111116,complete,results/grid_300000/tdmpc2/pair2_seed0,
tdmpc2-v2-300k_pair2_L2_s0,2026-09-10,tdmpc2,decoder-free latent world model + planner,grid_300k,0,pair2,L2,"procthor-10k train house 250; 1 room(s); 128 reachable cells; L1 + every object's appearance changed, target included when swappable; variant seed 1339",target=Bed; target swappable at L2=no,objectnav,"TD-MPC2 upstream defaults; protocol v2 (held-out start poses, pinned eval poses, static scene); 300k env steps",300000,25,10000,ad21a37,39720498,1.0,0.96,0.040000000000000036,0.7793809442303927,0.7254444400911316,0.06920428904317288,11.52,54.12,4.697916666666667,complete,results/grid_300000/tdmpc2/pair2_seed0,
tdmpc2-v2-300k_pair2_L3_s0,2026-09-10,tdmpc2,decoder-free latent world model + planner,grid_300k,0,pair2,L3,procthor-10k train house 250; 1 room(s); 128 reachable cells; L2 + 5 distractor objects; variant seed 1339,target=Bed; target swappable at L2=no,objectnav,"TD-MPC2 upstream defaults; protocol v2 (held-out start poses, pinned eval poses, static scene); 300k env steps",300000,25,10000,ad21a37,39720498,1.0,0.96,0.040000000000000036,0.7793809442303927,0.7310952331871498,0.06195392817940034,11.52,50.2,4.357638888888889,complete,results/grid_300000/tdmpc2/pair2_seed0,
tdmpc2-v2-300k_pair3_L1_s0,2026-09-10,tdmpc2,decoder-free latent world model + planner,grid_300k,0,pair3,L1,procthor-10k train house 44; 2 room(s); 460 reachable cells; wall/floor materials + lighting + skybox changed; variant seed 1340,target=Bed; target swappable at L2=yes,objectnav,"TD-MPC2 upstream defaults; protocol v2 (held-out start poses, pinned eval poses, static scene); 300k env steps",300000,25,10000,ad21a37,39720498,0.96,0.12,0.875,0.7169949860495859,0.077818182258836,0.8914662113781445,31.28,185.48,5.929667519181585,complete,results/grid_300000/tdmpc2/pair3_seed0,
tdmpc2-v2-300k_pair3_L2_s0,2026-09-10,tdmpc2,decoder-free latent world model + planner,grid_300k,0,pair3,L2,"procthor-10k train house 44; 2 room(s); 460 reachable cells; L1 + every object's appearance changed, target included when swappable; variant seed 1340",target=Bed; target swappable at L2=yes,objectnav,"TD-MPC2 upstream defaults; protocol v2 (held-out start poses, pinned eval poses, static scene); 300k env steps",300000,25,10000,ad21a37,39720498,0.96,0.12,0.875,0.7169949860495859,0.0722806975694796,0.8991893960546039,31.28,184.0,5.88235294117647,complete,results/grid_300000/tdmpc2/pair3_seed0,
tdmpc2-v2-300k_pair3_L3_s0,2026-09-10,tdmpc2,decoder-free latent world model + planner,grid_300k,0,pair3,L3,procthor-10k train house 44; 2 room(s); 460 reachable cells; L2 + 8 distractor objects; variant seed 1340,target=Bed; target swappable at L2=yes,objectnav,"TD-MPC2 upstream defaults; protocol v2 (held-out start poses, pinned eval poses, static scene); 300k env steps",300000,25,10000,ad21a37,39720498,0.96,0.16,0.8333333333333333,0.7169949860495859,0.1149999959923597,0.839608367938564,31.28,179.96,5.753196930946292,complete,results/grid_300000/tdmpc2/pair3_seed0,
tdmpc2-v2-300k_pair0_L1_s1,2026-09-10,tdmpc2,decoder-free latent world model + planner,grid_300k,1,pair0,L1,procthor-10k train house 0; 1 room(s); 380 reachable cells; wall/floor materials + lighting + skybox changed; variant seed 1337,target=Fridge; target swappable at L2=yes,objectnav,"TD-MPC2 upstream defaults; protocol v2 (held-out start poses, pinned eval poses, static scene); 300k env steps",300000,25,10000,ad21a37,39720498,1.0,0.8,0.19999999999999996,0.8225493575208316,0.5560385140727973,0.3240058982615943,11.96,68.48,5.725752508361204,complete,results/grid_300000/tdmpc2/pair0_seed1,
tdmpc2-v2-300k_pair0_L2_s1,2026-09-10,tdmpc2,decoder-free latent world model + planner,grid_300k,1,pair0,L2,"procthor-10k train house 0; 1 room(s); 380 reachable cells; L1 + every object's appearance changed, target included when swappable; variant seed 1337",target=Fridge; target swappable at L2=yes,objectnav,"TD-MPC2 upstream defaults; protocol v2 (held-out start poses, pinned eval poses, static scene); 300k env steps",300000,25,10000,ad21a37,39720498,1.0,0.68,0.31999999999999995,0.8225493575208316,0.4983973111471207,0.3940821829229883,11.96,117.8,9.849498327759196,complete,results/grid_300000/tdmpc2/pair0_seed1,
tdmpc2-v2-300k_pair0_L3_s1,2026-09-10,tdmpc2,decoder-free latent world model + planner,grid_300k,1,pair0,L3,procthor-10k train house 0; 1 room(s); 380 reachable cells; L2 + 4 distractor objects; variant seed 1337,target=Fridge; target swappable at L2=yes,objectnav,"TD-MPC2 upstream defaults; protocol v2 (held-out start poses, pinned eval poses, static scene); 300k env steps",300000,25,10000,ad21a37,39720498,1.0,0.6,0.4,0.8225493575208316,0.4411198646603566,0.4637162370536714,11.96,107.56,8.993311036789297,complete,results/grid_300000/tdmpc2/pair0_seed1,
tdmpc2-v2-300k_pair1_L1_s1,2026-09-10,tdmpc2,decoder-free latent world model + planner,grid_300k,1,pair1,L1,procthor-10k train house 2; 1 room(s); 162 reachable cells; wall/floor materials + lighting + skybox changed; variant seed 1338,target=Bed; target swappable at L2=yes,objectnav,"TD-MPC2 upstream defaults; protocol v2 (held-out start poses, pinned eval poses, static scene); 300k env steps",300000,25,10000,ad21a37,39720498,1.0,0.6,0.4,0.712655900097993,0.5072848153844137,0.28817706369278623,9.24,106.24,11.497835497835498,complete,results/grid_300000/tdmpc2/pair1_seed1,
tdmpc2-v2-300k_pair1_L2_s1,2026-09-10,tdmpc2,decoder-free latent world model + planner,grid_300k,1,pair1,L2,"procthor-10k train house 2; 1 room(s); 162 reachable cells; L1 + every object's appearance changed, target included when swappable; variant seed 1338",target=Bed; target swappable at L2=yes,objectnav,"TD-MPC2 upstream defaults; protocol v2 (held-out start poses, pinned eval poses, static scene); 300k env steps",300000,25,10000,ad21a37,39720498,1.0,0.72,0.28,0.712655900097993,0.5117989416736165,0.28184283382310854,9.24,95.04,10.285714285714286,complete,results/grid_300000/tdmpc2/pair1_seed1,
tdmpc2-v2-300k_pair1_L3_s1,2026-09-10,tdmpc2,decoder-free latent world model + planner,grid_300k,1,pair1,L3,procthor-10k train house 2; 1 room(s); 162 reachable cells; L2 + 2 distractor objects; variant seed 1338,target=Bed; target swappable at L2=yes,objectnav,"TD-MPC2 upstream defaults; protocol v2 (held-out start poses, pinned eval poses, static scene); 300k env steps",300000,25,10000,ad21a37,39720498,1.0,0.6,0.4,0.712655900097993,0.3879129017484646,0.4556799407748886,9.24,117.6,12.727272727272727,complete,results/grid_300000/tdmpc2/pair1_seed1,
tdmpc2-v2-300k_pair2_L1_s1,2026-09-10,tdmpc2,decoder-free latent world model + planner,grid_300k,1,pair2,L1,procthor-10k train house 250; 1 room(s); 128 reachable cells; wall/floor materials + lighting + skybox changed; variant seed 1339,target=Bed; target swappable at L2=no,objectnav,"TD-MPC2 upstream defaults; protocol v2 (held-out start poses, pinned eval poses, static scene); 300k env steps",300000,25,10000,ad21a37,39720498,1.0,0.88,0.12,0.7777142781257084,0.6809365020377757,0.12443872873360017,10.68,54.64,5.116104868913858,complete,results/grid_300000/tdmpc2/pair2_seed1,
tdmpc2-v2-300k_pair2_L2_s1,2026-09-10,tdmpc2,decoder-free latent world model + planner,grid_300k,1,pair2,L2,"procthor-10k train house 250; 1 room(s); 128 reachable cells; L1 + every object's appearance changed, target included when swappable; variant seed 1339",target=Bed; target swappable at L2=no,objectnav,"TD-MPC2 upstream defaults; protocol v2 (held-out start poses, pinned eval poses, static scene); 300k env steps",300000,25,10000,ad21a37,39720498,1.0,0.84,0.16000000000000003,0.7777142781257084,0.5964141364339755,0.23311921458953577,10.68,66.2,6.198501872659176,complete,results/grid_300000/tdmpc2/pair2_seed1,
tdmpc2-v2-300k_pair2_L3_s1,2026-09-10,tdmpc2,decoder-free latent world model + planner,grid_300k,1,pair2,L3,procthor-10k train house 250; 1 room(s); 128 reachable cells; L2 + 5 distractor objects; variant seed 1339,target=Bed; target swappable at L2=no,objectnav,"TD-MPC2 upstream defaults; protocol v2 (held-out start poses, pinned eval poses, static scene); 300k env steps",300000,25,10000,ad21a37,39720498,1.0,0.96,0.040000000000000036,0.7777142781257084,0.7227481210647707,0.07067654356739612,10.68,50.48,4.726591760299625,complete,results/grid_300000/tdmpc2/pair2_seed1,
tdmpc2-v2-300k_pair4_L1_s1,2026-09-10,tdmpc2,decoder-free latent world model + planner,grid_300k,1,pair4,L1,procthor-10k train house 286; 2 room(s); 681 reachable cells; wall/floor materials + lighting + skybox changed; variant seed 1341,target=Television; target swappable at L2=yes,objectnav,"TD-MPC2 upstream defaults; protocol v2 (held-out start poses, pinned eval poses, static scene); 300k env steps",300000,25,10000,ad21a37,39720498,0.96,0.96,0.0,0.745452239573873,0.6680493433024063,0.10383347471826355,26.52,59.16,2.230769230769231,complete,results/grid_300000/tdmpc2/pair4_seed1,
tdmpc2-v2-300k_pair4_L2_s1,2026-09-10,tdmpc2,decoder-free latent world model + planner,grid_300k,1,pair4,L2,"procthor-10k train house 286; 2 room(s); 681 reachable cells; L1 + every object's appearance changed, target included when swappable; variant seed 1341",target=Television; target swappable at L2=yes,objectnav,"TD-MPC2 upstream defaults; protocol v2 (held-out start poses, pinned eval poses, static scene); 300k env steps",300000,25,10000,ad21a37,39720498,0.96,0.52,0.4583333333333333,0.745452239573873,0.3252276268757416,0.563717687585655,26.52,134.08,5.05580693815988,complete,results/grid_300000/tdmpc2/pair4_seed1,
tdmpc2-v2-300k_pair4_L3_s1,2026-09-10,tdmpc2,decoder-free latent world model + planner,grid_300k,1,pair4,L3,procthor-10k train house 286; 2 room(s); 681 reachable cells; L2 + 8 distractor objects; variant seed 1341,target=Television; target swappable at L2=yes,objectnav,"TD-MPC2 upstream defaults; protocol v2 (held-out start poses, pinned eval poses, static scene); 300k env steps",300000,25,10000,ad21a37,39720498,0.96,0.48,0.5,0.745452239573873,0.2891838138612173,0.6120692936323794,26.52,138.72,5.230769230769231,complete,results/grid_300000/tdmpc2/pair4_seed1,
tdmpc2-v2-300k_pair0_L1_s2,2026-09-10,tdmpc2,decoder-free latent world model + planner,grid_300k,2,pair0,L1,procthor-10k train house 0; 1 room(s); 380 reachable cells; wall/floor materials + lighting + skybox changed; variant seed 1337,target=Fridge; target swappable at L2=yes,objectnav,"TD-MPC2 upstream defaults; protocol v2 (held-out start poses, pinned eval poses, static scene); 300k env steps",300000,25,10000,ad21a37,39720498,1.0,0.96,0.040000000000000036,0.8167516594375515,0.6667377369004859,0.18367140219876785,11.24,57.0,5.0711743772241995,complete,results/grid_300000/tdmpc2/pair0_seed2,
tdmpc2-v2-300k_pair0_L2_s2,2026-09-10,tdmpc2,decoder-free latent world model + planner,grid_300k,2,pair0,L2,"procthor-10k train house 0; 1 room(s); 380 reachable cells; L1 + every object's appearance changed, target included when swappable; variant seed 1337",target=Fridge; target swappable at L2=yes,objectnav,"TD-MPC2 upstream defaults; protocol v2 (held-out start poses, pinned eval poses, static scene); 300k env steps",300000,25,10000,ad21a37,39720498,1.0,0.8,0.19999999999999996,0.8167516594375515,0.5542760996869701,0.3213651992226532,11.24,73.44,6.5338078291814945,complete,results/grid_300000/tdmpc2/pair0_seed2,
tdmpc2-v2-300k_pair0_L3_s2,2026-09-10,tdmpc2,decoder-free latent world model + planner,grid_300k,2,pair0,L3,procthor-10k train house 0; 1 room(s); 380 reachable cells; L2 + 4 distractor objects; variant seed 1337,target=Fridge; target swappable at L2=yes,objectnav,"TD-MPC2 upstream defaults; protocol v2 (held-out start poses, pinned eval poses, static scene); 300k env steps",300000,25,10000,ad21a37,39720498,1.0,0.84,0.16000000000000003,0.8167516594375515,0.5691672349099758,0.3031330535625387,11.24,77.28,6.875444839857651,complete,results/grid_300000/tdmpc2/pair0_seed2,
tdmpc2-v2-300k_pair1_L1_s2,2026-09-10,tdmpc2,decoder-free latent world model + planner,grid_300k,2,pair1,L1,procthor-10k train house 2; 1 room(s); 162 reachable cells; wall/floor materials + lighting + skybox changed; variant seed 1338,target=Bed; target swappable at L2=yes,objectnav,"TD-MPC2 upstream defaults; protocol v2 (held-out start poses, pinned eval poses, static scene); 300k env steps",300000,25,10000,ad21a37,39720498,1.0,0.8,0.19999999999999996,0.719680546073764,0.5219865249715552,0.27469690848353995,8.6,80.56,9.367441860465117,complete,results/grid_300000/tdmpc2/pair1_seed2,
tdmpc2-v2-300k_pair1_L2_s2,2026-09-10,tdmpc2,decoder-free latent world model + planner,grid_300k,2,pair1,L2,"procthor-10k train house 2; 1 room(s); 162 reachable cells; L1 + every object's appearance changed, target included when swappable; variant seed 1338",target=Bed; target swappable at L2=yes,objectnav,"TD-MPC2 upstream defaults; protocol v2 (held-out start poses, pinned eval poses, static scene); 300k env steps",300000,25,10000,ad21a37,39720498,1.0,1.0,0.0,0.719680546073764,0.6766947625703496,0.059728977999925784,8.6,51.68,6.0093023255813955,complete,results/grid_300000/tdmpc2/pair1_seed2,
tdmpc2-v2-300k_pair1_L3_s2,2026-09-10,tdmpc2,decoder-free latent world model + planner,grid_300k,2,pair1,L3,procthor-10k train house 2; 1 room(s); 162 reachable cells; L2 + 2 distractor objects; variant seed 1338,target=Bed; target swappable at L2=yes,objectnav,"TD-MPC2 upstream defaults; protocol v2 (held-out start poses, pinned eval poses, static scene); 300k env steps",300000,25,10000,ad21a37,39720498,1.0,0.72,0.28,0.719680546073764,0.5210103831560997,0.27605326280043907,8.6,85.96,9.995348837209303,complete,results/grid_300000/tdmpc2/pair1_seed2,
tdmpc2-v2-300k_pair2_L1_s2,2026-09-10,tdmpc2,decoder-free latent world model + planner,grid_300k,2,pair2,L1,procthor-10k train house 250; 1 room(s); 128 reachable cells; wall/floor materials + lighting + skybox changed; variant seed 1339,target=Bed; target swappable at L2=no,objectnav,"TD-MPC2 upstream defaults; protocol v2 (held-out start poses, pinned eval poses, static scene); 300k env steps",300000,25,10000,ad21a37,39720498,1.0,0.8,0.19999999999999996,0.778666658277522,0.5740952307618538,0.26272015803039256,12.48,76.2,6.105769230769231,complete,results/grid_300000/tdmpc2/pair2_seed2,
tdmpc2-v2-300k_pair2_L2_s2,2026-09-10,tdmpc2,decoder-free latent world model + planner,grid_300k,2,pair2,L2,"procthor-10k train house 250; 1 room(s); 128 reachable cells; L1 + every object's appearance changed, target included when swappable; variant seed 1339",target=Bed; target swappable at L2=no,objectnav,"TD-MPC2 upstream defaults; protocol v2 (held-out start poses, pinned eval poses, static scene); 300k env steps",300000,25,10000,ad21a37,39720498,1.0,0.84,0.16000000000000003,0.778666658277522,0.6128253916449978,0.21298108101787666,12.48,74.92,6.003205128205128,complete,results/grid_300000/tdmpc2/pair2_seed2,
tdmpc2-v2-300k_pair2_L3_s2,2026-09-10,tdmpc2,decoder-free latent world model + planner,grid_300k,2,pair2,L3,procthor-10k train house 250; 1 room(s); 128 reachable cells; L2 + 5 distractor objects; variant seed 1339,target=Bed; target swappable at L2=no,objectnav,"TD-MPC2 upstream defaults; protocol v2 (held-out start poses, pinned eval poses, static scene); 300k env steps",300000,25,10000,ad21a37,39720498,1.0,0.8,0.19999999999999996,0.778666658277522,0.5630173134258695,0.27694693558433275,12.48,90.48,7.25,complete,results/grid_300000/tdmpc2/pair2_seed2,
tdmpc2-v2-300k_pair3_L1_s2,2026-09-10,tdmpc2,decoder-free latent world model + planner,grid_300k,2,pair3,L1,procthor-10k train house 44; 2 room(s); 460 reachable cells; wall/floor materials + lighting + skybox changed; variant seed 1340,target=Bed; target swappable at L2=yes,objectnav,"TD-MPC2 upstream defaults; protocol v2 (held-out start poses, pinned eval poses, static scene); 300k env steps",300000,25,10000,ad21a37,39720498,0.96,0.0,1.0,0.721732324395947,0.0,1.0,32.8,200.0,6.097560975609756,complete,results/grid_300000/tdmpc2/pair3_seed2,
tdmpc2-v2-300k_pair3_L2_s2,2026-09-10,tdmpc2,decoder-free latent world model + planner,grid_300k,2,pair3,L2,"procthor-10k train house 44; 2 room(s); 460 reachable cells; L1 + every object's appearance changed, target included when swappable; variant seed 1340",target=Bed; target swappable at L2=yes,objectnav,"TD-MPC2 upstream defaults; protocol v2 (held-out start poses, pinned eval poses, static scene); 300k env steps",300000,25,10000,ad21a37,39720498,0.96,0.2,0.7916666666666667,0.721732324395947,0.1733333339966204,0.7598370917615592,32.8,173.48,5.2890243902439025,complete,results/grid_300000/tdmpc2/pair3_seed2,
tdmpc2-v2-300k_pair3_L3_s2,2026-09-10,tdmpc2,decoder-free latent world model + planner,grid_300k,2,pair3,L3,procthor-10k train house 44; 2 room(s); 460 reachable cells; L2 + 8 distractor objects; variant seed 1340,target=Bed; target swappable at L2=yes,objectnav,"TD-MPC2 upstream defaults; protocol v2 (held-out start poses, pinned eval poses, static scene); 300k env steps",300000,25,10000,ad21a37,39720498,0.96,0.24,0.75,0.721732324395947,0.18428570919521,0.7446619709745608,32.8,166.12,5.064634146341464,complete,results/grid_300000/tdmpc2/pair3_seed2,
tdmpc2-v2-300k_pair4_L1_s2,2026-09-10,tdmpc2,decoder-free latent world model + planner,grid_300k,2,pair4,L1,procthor-10k train house 286; 2 room(s); 681 reachable cells; wall/floor materials + lighting + skybox changed; variant seed 1341,target=Television; target swappable at L2=yes,objectnav,"TD-MPC2 upstream defaults; protocol v2 (held-out start poses, pinned eval poses, static scene); 300k env steps",300000,25,10000,ad21a37,39720498,1.0,0.68,0.31999999999999995,0.8142817871873441,0.458433984833716,0.4370081806481043,20.6,121.8,5.912621359223301,complete,results/grid_300000/tdmpc2/pair4_seed2,
tdmpc2-v2-300k_pair4_L2_s2,2026-09-10,tdmpc2,decoder-free latent world model + planner,grid_300k,2,pair4,L2,"procthor-10k train house 286; 2 room(s); 681 reachable cells; L1 + every object's appearance changed, target included when swappable; variant seed 1341",target=Television; target swappable at L2=yes,objectnav,"TD-MPC2 upstream defaults; protocol v2 (held-out start poses, pinned eval poses, static scene); 300k env steps",300000,25,10000,ad21a37,39720498,1.0,0.12,0.88,0.8142817871873441,0.083400544706872,0.897577784473173,20.6,185.4,9.0,complete,results/grid_300000/tdmpc2/pair4_seed2,
tdmpc2-v2-300k_pair4_L3_s2,2026-09-10,tdmpc2,decoder-free latent world model + planner,grid_300k,2,pair4,L3,procthor-10k train house 286; 2 room(s); 681 reachable cells; L2 + 8 distractor objects; variant seed 1341,target=Television; target swappable at L2=yes,objectnav,"TD-MPC2 upstream defaults; protocol v2 (held-out start poses, pinned eval poses, static scene); 300k env steps",300000,25,10000,ad21a37,39720498,1.0,0.04,0.96,0.8142817871873441,0.0100000029063586,0.9877192354493152,20.6,192.96,9.366990291262136,complete,results/grid_300000/tdmpc2/pair4_seed2,
tdmpc2-v2-300k_pair1_L1_s3,2026-09-10,tdmpc2,decoder-free latent world model + planner,grid_300k,3,pair1,L1,procthor-10k train house 2; 1 room(s); 162 reachable cells; wall/floor materials + lighting + skybox changed; variant seed 1338,target=Bed; target swappable at L2=yes,objectnav,"TD-MPC2 upstream defaults; protocol v2 (held-out start poses, pinned eval poses, static scene); 300k env steps",300000,25,10000,ad21a37,39720498,1.0,0.36,0.64,0.7155695190046224,0.3280000000861515,0.5416238515268107,8.16,148.68,18.22058823529412,complete,results/grid_300000/tdmpc2/pair1_seed3,
tdmpc2-v2-300k_pair1_L2_s3,2026-09-10,tdmpc2,decoder-free latent world model + planner,grid_300k,3,pair1,L2,"procthor-10k train house 2; 1 room(s); 162 reachable cells; L1 + every object's appearance changed, target included when swappable; variant seed 1338",target=Bed; target swappable at L2=yes,objectnav,"TD-MPC2 upstream defaults; protocol v2 (held-out start poses, pinned eval poses, static scene); 300k env steps",300000,25,10000,ad21a37,39720498,1.0,0.32,0.6799999999999999,0.7155695190046224,0.32,0.5528037577045916,8.16,142.8,17.5,complete,results/grid_300000/tdmpc2/pair1_seed3,
tdmpc2-v2-300k_pair1_L3_s3,2026-09-10,tdmpc2,decoder-free latent world model + planner,grid_300k,3,pair1,L3,procthor-10k train house 2; 1 room(s); 162 reachable cells; L2 + 2 distractor objects; variant seed 1338,target=Bed; target swappable at L2=yes,objectnav,"TD-MPC2 upstream defaults; protocol v2 (held-out start poses, pinned eval poses, static scene); 300k env steps",300000,25,10000,ad21a37,39720498,1.0,0.48,0.52,0.7155695190046224,0.413656854508181,0.42191940332563427,8.16,122.04,14.955882352941178,complete,results/grid_300000/tdmpc2/pair1_seed3,
tdmpc2-v2-300k_pair2_L1_s3,2026-09-10,tdmpc2,decoder-free latent world model + planner,grid_300k,3,pair2,L1,procthor-10k train house 250; 1 room(s); 128 reachable cells; wall/floor materials + lighting + skybox changed; variant seed 1339,target=Bed; target swappable at L2=no,objectnav,"TD-MPC2 upstream defaults; protocol v2 (held-out start poses, pinned eval poses, static scene); 300k env steps",300000,25,10000,ad21a37,39720498,1.0,0.96,0.040000000000000036,0.7803333233650216,0.7393809437330969,0.052480623863820436,12.6,32.68,2.5936507936507938,complete,results/grid_300000/tdmpc2/pair2_seed3,
tdmpc2-v2-300k_pair2_L2_s3,2026-09-10,tdmpc2,decoder-free latent world model + planner,grid_300k,3,pair2,L2,"procthor-10k train house 250; 1 room(s); 128 reachable cells; L1 + every object's appearance changed, target included when swappable; variant seed 1339",target=Bed; target swappable at L2=no,objectnav,"TD-MPC2 upstream defaults; protocol v2 (held-out start poses, pinned eval poses, static scene); 300k env steps",300000,25,10000,ad21a37,39720498,1.0,0.96,0.040000000000000036,0.7803333233650216,0.7351111061081116,0.057952436353606945,12.6,38.36,3.0444444444444443,complete,results/grid_300000/tdmpc2/pair2_seed3,
tdmpc2-v2-300k_pair2_L3_s3,2026-09-10,tdmpc2,decoder-free latent world model + planner,grid_300k,3,pair2,L3,procthor-10k train house 250; 1 room(s); 128 reachable cells; L2 + 5 distractor objects; variant seed 1339,target=Bed; target swappable at L2=no,objectnav,"TD-MPC2 upstream defaults; protocol v2 (held-out start poses, pinned eval poses, static scene); 300k env steps",300000,25,10000,ad21a37,39720498,1.0,1.0,0.0,0.7803333233650216,0.7754920584025249,0.006204098706972783,12.6,39.68,3.149206349206349,complete,results/grid_300000/tdmpc2/pair2_seed3,
tdmpc2-v2-300k_pair3_L1_s3,2026-09-10,tdmpc2,decoder-free latent world model + planner,grid_300k,3,pair3,L1,procthor-10k train house 44; 2 room(s); 460 reachable cells; wall/floor materials + lighting + skybox changed; variant seed 1340,target=Bed; target swappable at L2=yes,objectnav,"TD-MPC2 upstream defaults; protocol v2 (held-out start poses, pinned eval poses, static scene); 300k env steps",300000,25,10000,ad21a37,39720498,1.0,0.12,0.88,0.764138756190786,0.0641176433140835,0.916091622372737,21.28,187.8,8.825187969924812,complete,results/grid_300000/tdmpc2/pair3_seed3,
tdmpc2-v2-300k_pair3_L2_s3,2026-09-10,tdmpc2,decoder-free latent world model + planner,grid_300k,3,pair3,L2,"procthor-10k train house 44; 2 room(s); 460 reachable cells; L1 + every object's appearance changed, target included when swappable; variant seed 1340",target=Bed; target swappable at L2=yes,objectnav,"TD-MPC2 upstream defaults; protocol v2 (held-out start poses, pinned eval poses, static scene); 300k env steps",300000,25,10000,ad21a37,39720498,1.0,0.28,0.72,0.764138756190786,0.2004761908086067,0.7376442574278318,21.28,172.96,8.12781954887218,complete,results/grid_300000/tdmpc2/pair3_seed3,
tdmpc2-v2-300k_pair3_L3_s3,2026-09-10,tdmpc2,decoder-free latent world model + planner,grid_300k,3,pair3,L3,procthor-10k train house 44; 2 room(s); 460 reachable cells; L2 + 8 distractor objects; variant seed 1340,target=Bed; target swappable at L2=yes,objectnav,"TD-MPC2 upstream defaults; protocol v2 (held-out start poses, pinned eval poses, static scene); 300k env steps",300000,25,10000,ad21a37,39720498,1.0,0.16,0.84,0.764138756190786,0.103333333156588,0.8647715060655969,21.28,185.88,8.734962406015036,complete,results/grid_300000/tdmpc2/pair3_seed3,
tdmpc2-v2-300k_pair4_L1_s3,2026-09-10,tdmpc2,decoder-free latent world model + planner,grid_300k,3,pair4,L1,procthor-10k train house 286; 2 room(s); 681 reachable cells; wall/floor materials + lighting + skybox changed; variant seed 1341,target=Television; target swappable at L2=yes,objectnav,"TD-MPC2 upstream defaults; protocol v2 (held-out start poses, pinned eval poses, static scene); 300k env steps",300000,25,10000,ad21a37,39720498,1.0,0.84,0.16000000000000003,0.8012885176930951,0.4694067409736335,0.4141851148384695,21.72,93.68,4.3130755064456725,complete,results/grid_300000/tdmpc2/pair4_seed3,
tdmpc2-v2-300k_pair4_L2_s3,2026-09-10,tdmpc2,decoder-free latent world model + planner,grid_300k,3,pair4,L2,"procthor-10k train house 286; 2 room(s); 681 reachable cells; L1 + every object's appearance changed, target included when swappable; variant seed 1341",target=Television; target swappable at L2=yes,objectnav,"TD-MPC2 upstream defaults; protocol v2 (held-out start poses, pinned eval poses, static scene); 300k env steps",300000,25,10000,ad21a37,39720498,1.0,0.56,0.43999999999999995,0.8012885176930951,0.3296271881106601,0.5886285890384966,21.72,130.16,5.992633517495396,complete,results/grid_300000/tdmpc2/pair4_seed3,
tdmpc2-v2-300k_pair4_L3_s3,2026-09-10,tdmpc2,decoder-free latent world model + planner,grid_300k,3,pair4,L3,procthor-10k train house 286; 2 room(s); 681 reachable cells; L2 + 8 distractor objects; variant seed 1341,target=Television; target swappable at L2=yes,objectnav,"TD-MPC2 upstream defaults; protocol v2 (held-out start poses, pinned eval poses, static scene); 300k env steps",300000,25,10000,ad21a37,39720498,1.0,0.76,0.24,0.8012885176930951,0.4229032021278383,0.47222106296322064,21.72,103.96,4.786372007366483,complete,results/grid_300000/tdmpc2/pair4_seed3,
tdmpc2-v2-300k_pair0_L1_s4,2026-09-10,tdmpc2,decoder-free latent world model + planner,grid_300k,4,pair0,L1,procthor-10k train house 0; 1 room(s); 380 reachable cells; wall/floor materials + lighting + skybox changed; variant seed 1337,target=Fridge; target swappable at L2=yes,objectnav,"TD-MPC2 upstream defaults; protocol v2 (held-out start poses, pinned eval poses, static scene); 300k env steps",300000,25,10000,ad21a37,39720498,0.96,0.88,0.0833333333333333,0.788783055527389,0.618907474387569,0.2153641358665335,18.88,55.2,2.9237288135593222,complete,results/grid_300000/tdmpc2/pair0_seed4,
tdmpc2-v2-300k_pair0_L2_s4,2026-09-10,tdmpc2,decoder-free latent world model + planner,grid_300k,4,pair0,L2,"procthor-10k train house 0; 1 room(s); 380 reachable cells; L1 + every object's appearance changed, target included when swappable; variant seed 1337",target=Fridge; target swappable at L2=yes,objectnav,"TD-MPC2 upstream defaults; protocol v2 (held-out start poses, pinned eval poses, static scene); 300k env steps",300000,25,10000,ad21a37,39720498,0.96,0.52,0.4583333333333333,0.788783055527389,0.3725540283551258,0.5276850513655722,18.88,116.64,6.177966101694915,complete,results/grid_300000/tdmpc2/pair0_seed4,
tdmpc2-v2-300k_pair0_L3_s4,2026-09-10,tdmpc2,decoder-free latent world model + planner,grid_300k,4,pair0,L3,procthor-10k train house 0; 1 room(s); 380 reachable cells; L2 + 4 distractor objects; variant seed 1337,target=Fridge; target swappable at L2=yes,objectnav,"TD-MPC2 upstream defaults; protocol v2 (held-out start poses, pinned eval poses, static scene); 300k env steps",300000,25,10000,ad21a37,39720498,0.96,0.6,0.375,0.788783055527389,0.3893404176288124,0.5064036747486986,18.88,124.6,6.59957627118644,complete,results/grid_300000/tdmpc2/pair0_seed4,
tdmpc2-v2-300k_pair2_L1_s4,2026-09-10,tdmpc2,decoder-free latent world model + planner,grid_300k,4,pair2,L1,procthor-10k train house 250; 1 room(s); 128 reachable cells; wall/floor materials + lighting + skybox changed; variant seed 1339,target=Bed; target swappable at L2=no,objectnav,"TD-MPC2 upstream defaults; protocol v2 (held-out start poses, pinned eval poses, static scene); 300k env steps",300000,25,10000,ad21a37,39720498,1.0,1.0,0.0,0.7770952300853636,0.7754920579738064,0.0020630317231276037,10.04,24.36,2.4262948207171315,complete,results/grid_300000/tdmpc2/pair2_seed4,
tdmpc2-v2-300k_pair2_L2_s4,2026-09-10,tdmpc2,decoder-free latent world model + planner,grid_300k,4,pair2,L2,"procthor-10k train house 250; 1 room(s); 128 reachable cells; L1 + every object's appearance changed, target included when swappable; variant seed 1339",target=Bed; target swappable at L2=no,objectnav,"TD-MPC2 upstream defaults; protocol v2 (held-out start poses, pinned eval poses, static scene); 300k env steps",300000,25,10000,ad21a37,39720498,1.0,1.0,0.0,0.7770952300853636,0.7692467495204209,0.01009976674812499,10.04,40.76,4.059760956175299,complete,results/grid_300000/tdmpc2/pair2_seed4,
tdmpc2-v2-300k_pair2_L3_s4,2026-09-10,tdmpc2,decoder-free latent world model + planner,grid_300k,4,pair2,L3,procthor-10k train house 250; 1 room(s); 128 reachable cells; L2 + 5 distractor objects; variant seed 1339,target=Bed; target swappable at L2=no,objectnav,"TD-MPC2 upstream defaults; protocol v2 (held-out start poses, pinned eval poses, static scene); 300k env steps",300000,25,10000,ad21a37,39720498,1.0,1.0,0.0,0.7770952300853636,0.7675476154476317,0.012286286504014575,10.04,37.04,3.6892430278884465,complete,results/grid_300000/tdmpc2/pair2_seed4,
tdmpc2-v2-300k_pair3_L1_s4,2026-09-10,tdmpc2,decoder-free latent world model + planner,grid_300k,4,pair3,L1,procthor-10k train house 44; 2 room(s); 460 reachable cells; wall/floor materials + lighting + skybox changed; variant seed 1340,target=Bed; target swappable at L2=yes,objectnav,"TD-MPC2 upstream defaults; protocol v2 (held-out start poses, pinned eval poses, static scene); 300k env steps",300000,25,10000,ad21a37,39720498,1.0,0.04,0.96,0.755482600203469,0.04,0.9470537111123047,21.88,196.84,8.996343692870202,complete,results/grid_300000/tdmpc2/pair3_seed4,
tdmpc2-v2-300k_pair3_L2_s4,2026-09-10,tdmpc2,decoder-free latent world model + planner,grid_300k,4,pair3,L2,"procthor-10k train house 44; 2 room(s); 460 reachable cells; L1 + every object's appearance changed, target included when swappable; variant seed 1340",target=Bed; target swappable at L2=yes,objectnav,"TD-MPC2 upstream defaults; protocol v2 (held-out start poses, pinned eval poses, static scene); 300k env steps",300000,25,10000,ad21a37,39720498,1.0,0.0,1.0,0.755482600203469,0.0,1.0,21.88,200.0,9.140767824497258,complete,results/grid_300000/tdmpc2/pair3_seed4,
tdmpc2-v2-300k_pair3_L3_s4,2026-09-10,tdmpc2,decoder-free latent world model + planner,grid_300k,4,pair3,L3,procthor-10k train house 44; 2 room(s); 460 reachable cells; L2 + 8 distractor objects; variant seed 1340,target=Bed; target swappable at L2=yes,objectnav,"TD-MPC2 upstream defaults; protocol v2 (held-out start poses, pinned eval poses, static scene); 300k env steps",300000,25,10000,ad21a37,39720498,1.0,0.0,1.0,0.755482600203469,0.0,1.0,21.88,200.0,9.140767824497258,complete,results/grid_300000/tdmpc2/pair3_seed4,
tdmpc2-v2-300k_pair4_L1_s4,2026-09-10,tdmpc2,decoder-free latent world model + planner,grid_300k,4,pair4,L1,procthor-10k train house 286; 2 room(s); 681 reachable cells; wall/floor materials + lighting + skybox changed; variant seed 1341,target=Television; target swappable at L2=yes,objectnav,"TD-MPC2 upstream defaults; protocol v2 (held-out start poses, pinned eval poses, static scene); 300k env steps",300000,25,10000,ad21a37,39720498,1.0,0.24,0.76,0.804574091621815,0.1335134920339599,0.8340569334455812,20.32,164.08,8.0748031496063,complete,results/grid_300000/tdmpc2/pair4_seed4,
tdmpc2-v2-300k_pair4_L2_s4,2026-09-10,tdmpc2,decoder-free latent world model + planner,grid_300k,4,pair4,L2,"procthor-10k train house 286; 2 room(s); 681 reachable cells; L1 + every object's appearance changed, target included when swappable; variant seed 1341",target=Television; target swappable at L2=yes,objectnav,"TD-MPC2 upstream defaults; protocol v2 (held-out start poses, pinned eval poses, static scene); 300k env steps",300000,25,10000,ad21a37,39720498,1.0,0.08,0.92,0.804574091621815,0.0179999910259546,0.9776279261122226,20.32,186.04,9.155511811023622,complete,results/grid_300000/tdmpc2/pair4_seed4,
tdmpc2-v2-300k_pair4_L3_s4,2026-09-10,tdmpc2,decoder-free latent world model + planner,grid_300k,4,pair4,L3,procthor-10k train house 286; 2 room(s); 681 reachable cells; L2 + 8 distractor objects; variant seed 1341,target=Television; target swappable at L2=yes,objectnav,"TD-MPC2 upstream defaults; protocol v2 (held-out start poses, pinned eval poses, static scene); 300k env steps",300000,25,10000,ad21a37,39720498,1.0,0.04,0.96,0.804574091621815,0.0199999951073106,0.9751421338126911,20.32,192.64,9.48031496062992,complete,results/grid_300000/tdmpc2/pair4_seed4,
dreamerv3-v2-300k_pair0_L1_s0,2026-09-13,dreamerv3,reconstruction world model,grid_300k,0,pair0,L1,procthor-10k train house 0; 1 room(s); 380 reachable cells; wall/floor materials + lighting + skybox changed; variant seed 1337,target=Fridge; target swappable at L2=yes,objectnav,"DreamerV3 train_ratio=512; protocol v2 (held-out start poses, pinned eval poses, static scene); 300k env steps",300000,25,10000,ad21a37,39720497+39945496,0.96,0.92,0.04166666666666659,0.7217387996967171,0.5822301046099283,0.1932952685173804,23.36,44.4,1.9006849315068493,complete,results/grid_300000/dreamerv3/pair0_seed0,
dreamerv3-v2-300k_pair0_L2_s0,2026-09-13,dreamerv3,reconstruction world model,grid_300k,0,pair0,L2,"procthor-10k train house 0; 1 room(s); 380 reachable cells; L1 + every object's appearance changed, target included when swappable; variant seed 1337",target=Fridge; target swappable at L2=yes,objectnav,"DreamerV3 train_ratio=512; protocol v2 (held-out start poses, pinned eval poses, static scene); 300k env steps",300000,25,10000,ad21a37,39720497+39945496,0.96,0.96,0.0,0.7217387996967171,0.5940983080473348,0.17685136465299953,23.36,62.48,2.6746575342465753,complete,results/grid_300000/dreamerv3/pair0_seed0,
dreamerv3-v2-300k_pair0_L3_s0,2026-09-13,dreamerv3,reconstruction world model,grid_300k,0,pair0,L3,procthor-10k train house 0; 1 room(s); 380 reachable cells; L2 + 4 distractor objects; variant seed 1337,target=Fridge; target swappable at L2=yes,objectnav,"DreamerV3 train_ratio=512; protocol v2 (held-out start poses, pinned eval poses, static scene); 300k env steps",300000,25,10000,ad21a37,39720497+39945496,0.96,0.84,0.125,0.7217387996967171,0.5388159349858483,0.25344745881437303,23.36,75.96,3.2517123287671232,complete,results/grid_300000/dreamerv3/pair0_seed0,
dreamerv3-v2-300k_pair3_L1_s0,2026-09-13,dreamerv3,reconstruction world model,grid_300k,0,pair3,L1,procthor-10k train house 44; 2 room(s); 460 reachable cells; wall/floor materials + lighting + skybox changed; variant seed 1340,target=Bed; target swappable at L2=yes,objectnav,"DreamerV3 train_ratio=512; protocol v2 (held-out start poses, pinned eval poses, static scene); 300k env steps",300000,25,10000,ad21a37,39720497+39945496,1.0,0.08,0.92,0.6878459231367223,0.08,0.8836948838263327,28.4,189.32,6.666197183098592,complete,results/grid_300000/dreamerv3/pair3_seed0,
dreamerv3-v2-300k_pair3_L2_s0,2026-09-13,dreamerv3,reconstruction world model,grid_300k,0,pair3,L2,"procthor-10k train house 44; 2 room(s); 460 reachable cells; L1 + every object's appearance changed, target included when swappable; variant seed 1340",target=Bed; target swappable at L2=yes,objectnav,"DreamerV3 train_ratio=512; protocol v2 (held-out start poses, pinned eval poses, static scene); 300k env steps",300000,25,10000,ad21a37,39720497+39945496,1.0,0.08,0.92,0.6878459231367223,0.08,0.8836948838263327,28.4,189.2,6.661971830985915,complete,results/grid_300000/dreamerv3/pair3_seed0,
dreamerv3-v2-300k_pair3_L3_s0,2026-09-13,dreamerv3,reconstruction world model,grid_300k,0,pair3,L3,procthor-10k train house 44; 2 room(s); 460 reachable cells; L2 + 8 distractor objects; variant seed 1340,target=Bed; target swappable at L2=yes,objectnav,"DreamerV3 train_ratio=512; protocol v2 (held-out start poses, pinned eval poses, static scene); 300k env steps",300000,25,10000,ad21a37,39720497+39945496,1.0,0.12,0.88,0.6878459231367223,0.12,0.8255423257394989,28.4,181.72,6.398591549295775,complete,results/grid_300000/dreamerv3/pair3_seed0,
dreamerv3-v2-300k_pair4_L1_s0,2026-09-13,dreamerv3,reconstruction world model,grid_300k,0,pair4,L1,procthor-10k train house 286; 2 room(s); 681 reachable cells; wall/floor materials + lighting + skybox changed; variant seed 1341,target=Television; target swappable at L2=yes,objectnav,"DreamerV3 train_ratio=512; protocol v2 (held-out start poses, pinned eval poses, static scene); 300k env steps",300000,25,10000,ad21a37,39720497+39945496,0.32,0.96,-1.9999999999999996,0.1592146921156262,0.5093656094758187,-2.1992374743023273,150.6,62.92,0.4177954847277557,complete,results/grid_300000/dreamerv3/pair4_seed0,house-A success 0.32 < 0.5: left out of relative-drop comparisons (rule fixed 2026-09-05)
dreamerv3-v2-300k_pair4_L2_s0,2026-09-13,dreamerv3,reconstruction world model,grid_300k,0,pair4,L2,"procthor-10k train house 286; 2 room(s); 681 reachable cells; L1 + every object's appearance changed, target included when swappable; variant seed 1341",target=Television; target swappable at L2=yes,objectnav,"DreamerV3 train_ratio=512; protocol v2 (held-out start poses, pinned eval poses, static scene); 300k env steps",300000,25,10000,ad21a37,39720497+39945496,0.32,0.8,-1.5,0.1592146921156262,0.4600392752103183,-1.8894272827298173,150.6,80.0,0.5312084993359893,complete,results/grid_300000/dreamerv3/pair4_seed0,house-A success 0.32 < 0.5: left out of relative-drop comparisons (rule fixed 2026-09-05)
dreamerv3-v2-300k_pair4_L3_s0,2026-09-13,dreamerv3,reconstruction world model,grid_300k,0,pair4,L3,procthor-10k train house 286; 2 room(s); 681 reachable cells; L2 + 8 distractor objects; variant seed 1341,target=Television; target swappable at L2=yes,objectnav,"DreamerV3 train_ratio=512; protocol v2 (held-out start poses, pinned eval poses, static scene); 300k env steps",300000,25,10000,ad21a37,39720497+39945496,0.32,0.72,-1.2499999999999998,0.1592146921156262,0.4242990248837852,-1.6649489393582302,150.6,88.12,0.5851261620185924,complete,results/grid_300000/dreamerv3/pair4_seed0,house-A success 0.32 < 0.5: left out of relative-drop comparisons (rule fixed 2026-09-05)
dreamerv3-v2-300k_pair0_L1_s1,2026-09-13,dreamerv3,reconstruction world model,grid_300k,1,pair0,L1,procthor-10k train house 0; 1 room(s); 380 reachable cells; wall/floor materials + lighting + skybox changed; variant seed 1337,target=Fridge; target swappable at L2=yes,objectnav,"DreamerV3 train_ratio=512; protocol v2 (held-out start poses, pinned eval poses, static scene); 300k env steps",300000,25,10000,ad21a37,39720497+39945496,1.0,1.0,0.0,0.8011685179525182,0.7395439018997645,0.0769184193735455,12.84,22.16,1.7258566978193146,complete,results/grid_300000/dreamerv3/pair0_seed1,
dreamerv3-v2-300k_pair0_L2_s1,2026-09-13,dreamerv3,reconstruction world model,grid_300k,1,pair0,L2,"procthor-10k train house 0; 1 room(s); 380 reachable cells; L1 + every object's appearance changed, target included when swappable; variant seed 1337",target=Fridge; target swappable at L2=yes,objectnav,"DreamerV3 train_ratio=512; protocol v2 (held-out start poses, pinned eval poses, static scene); 300k env steps",300000,25,10000,ad21a37,39720497+39945496,1.0,1.0,0.0,0.8011685179525182,0.5902366686760847,0.26328025196932975,12.84,51.76,4.031152647975078,complete,results/grid_300000/dreamerv3/pair0_seed1,
dreamerv3-v2-300k_pair0_L3_s1,2026-09-13,dreamerv3,reconstruction world model,grid_300k,1,pair0,L3,procthor-10k train house 0; 1 room(s); 380 reachable cells; L2 + 4 distractor objects; variant seed 1337,target=Fridge; target swappable at L2=yes,objectnav,"DreamerV3 train_ratio=512; protocol v2 (held-out start poses, pinned eval poses, static scene); 300k env steps",300000,25,10000,ad21a37,39720497+39945496,1.0,1.0,0.0,0.8011685179525182,0.6460833688274731,0.19357369348633885,12.84,41.04,3.196261682242991,complete,results/grid_300000/dreamerv3/pair0_seed1,
dreamerv3-v2-300k_pair2_L1_s1,2026-09-13,dreamerv3,reconstruction world model,grid_300k,1,pair2,L1,procthor-10k train house 250; 1 room(s); 128 reachable cells; wall/floor materials + lighting + skybox changed; variant seed 1339,target=Bed; target swappable at L2=no,objectnav,"DreamerV3 train_ratio=512; protocol v2 (held-out start poses, pinned eval poses, static scene); 300k env steps",300000,25,10000,ad21a37,39720497+39945496,1.0,0.96,0.040000000000000036,0.7517874297302644,0.708687112626757,0.05733045725301823,12.76,65.52,5.134796238244514,complete,results/grid_300000/dreamerv3/pair2_seed1,
dreamerv3-v2-300k_pair2_L2_s1,2026-09-13,dreamerv3,reconstruction world model,grid_300k,1,pair2,L2,"procthor-10k train house 250; 1 room(s); 128 reachable cells; L1 + every object's appearance changed, target included when swappable; variant seed 1339",target=Bed; target swappable at L2=no,objectnav,"DreamerV3 train_ratio=512; protocol v2 (held-out start poses, pinned eval poses, static scene); 300k env steps",300000,25,10000,ad21a37,39720497+39945496,1.0,1.0,0.0,0.7517874297302644,0.7440507401705863,0.010291060017396096,12.76,61.4,4.8119122257053295,complete,results/grid_300000/dreamerv3/pair2_seed1,
dreamerv3-v2-300k_pair2_L3_s1,2026-09-13,dreamerv3,reconstruction world model,grid_300k,1,pair2,L3,procthor-10k train house 250; 1 room(s); 128 reachable cells; L2 + 5 distractor objects; variant seed 1339,target=Bed; target swappable at L2=no,objectnav,"DreamerV3 train_ratio=512; protocol v2 (held-out start poses, pinned eval poses, static scene); 300k env steps",300000,25,10000,ad21a37,39720497+39945496,1.0,0.96,0.040000000000000036,0.7517874297302644,0.7533119967940034,-0.0020279230583651144,12.76,45.2,3.5423197492163014,complete,results/grid_300000/dreamerv3/pair2_seed1,
dreamerv3-v2-300k_pair4_L1_s1,2026-09-13,dreamerv3,reconstruction world model,grid_300k,1,pair4,L1,procthor-10k train house 286; 2 room(s); 681 reachable cells; wall/floor materials + lighting + skybox changed; variant seed 1341,target=Television; target swappable at L2=yes,objectnav,"DreamerV3 train_ratio=512; protocol v2 (held-out start poses, pinned eval poses, static scene); 300k env steps",300000,25,10000,ad21a37,39720497+39945496,1.0,0.92,0.07999999999999996,0.6009702349278909,0.5119307905498579,0.1481594914408975,24.16,39.6,1.6390728476821192,complete,results/grid_300000/dreamerv3/pair4_seed1,
dreamerv3-v2-300k_pair4_L2_s1,2026-09-13,dreamerv3,reconstruction world model,grid_300k,1,pair4,L2,"procthor-10k train house 286; 2 room(s); 681 reachable cells; L1 + every object's appearance changed, target included when swappable; variant seed 1341",target=Television; target swappable at L2=yes,objectnav,"DreamerV3 train_ratio=512; protocol v2 (held-out start poses, pinned eval poses, static scene); 300k env steps",300000,25,10000,ad21a37,39720497+39945496,1.0,1.0,0.0,0.6009702349278909,0.6097635769302222,-0.014631909354689384,24.16,29.12,1.205298013245033,complete,results/grid_300000/dreamerv3/pair4_seed1,
dreamerv3-v2-300k_pair4_L3_s1,2026-09-13,dreamerv3,reconstruction world model,grid_300k,1,pair4,L3,procthor-10k train house 286; 2 room(s); 681 reachable cells; L2 + 8 distractor objects; variant seed 1341,target=Television; target swappable at L2=yes,objectnav,"DreamerV3 train_ratio=512; protocol v2 (held-out start poses, pinned eval poses, static scene); 300k env steps",300000,25,10000,ad21a37,39720497+39945496,1.0,0.92,0.07999999999999996,0.6009702349278909,0.5713591487564548,0.04927213437615445,24.16,43.76,1.8112582781456952,complete,results/grid_300000/dreamerv3/pair4_seed1,
dreamerv3-v2-300k_pair0_L1_s2,2026-09-13,dreamerv3,reconstruction world model,grid_300k,2,pair0,L1,procthor-10k train house 0; 1 room(s); 380 reachable cells; wall/floor materials + lighting + skybox changed; variant seed 1337,target=Fridge; target swappable at L2=yes,objectnav,"DreamerV3 train_ratio=512; protocol v2 (held-out start poses, pinned eval poses, static scene); 300k env steps",300000,25,10000,ad21a37,39720497+39945496,1.0,1.0,0.0,0.7759411139773976,0.7397284717345767,0.04666931754292348,13.04,19.36,1.4846625766871167,complete,results/grid_300000/dreamerv3/pair0_seed2,
dreamerv3-v2-300k_pair0_L2_s2,2026-09-13,dreamerv3,reconstruction world model,grid_300k,2,pair0,L2,"procthor-10k train house 0; 1 room(s); 380 reachable cells; L1 + every object's appearance changed, target included when swappable; variant seed 1337",target=Fridge; target swappable at L2=yes,objectnav,"DreamerV3 train_ratio=512; protocol v2 (held-out start poses, pinned eval poses, static scene); 300k env steps",300000,25,10000,ad21a37,39720497+39945496,1.0,1.0,0.0,0.7759411139773976,0.6311622341751488,0.18658488021098216,13.04,39.04,2.9938650306748467,complete,results/grid_300000/dreamerv3/pair0_seed2,
dreamerv3-v2-300k_pair0_L3_s2,2026-09-13,dreamerv3,reconstruction world model,grid_300k,2,pair0,L3,procthor-10k train house 0; 1 room(s); 380 reachable cells; L2 + 4 distractor objects; variant seed 1337,target=Fridge; target swappable at L2=yes,objectnav,"DreamerV3 train_ratio=512; protocol v2 (held-out start poses, pinned eval poses, static scene); 300k env steps",300000,25,10000,ad21a37,39720497+39945496,1.0,1.0,0.0,0.7759411139773976,0.6480954656900166,0.1647620495736549,13.04,32.4,2.4846625766871164,complete,results/grid_300000/dreamerv3/pair0_seed2,
dreamerv3-v2-300k_pair1_L1_s2,2026-09-13,dreamerv3,reconstruction world model,grid_300k,2,pair1,L1,procthor-10k train house 2; 1 room(s); 162 reachable cells; wall/floor materials + lighting + skybox changed; variant seed 1338,target=Bed; target swappable at L2=yes,objectnav,"DreamerV3 train_ratio=512; protocol v2 (held-out start poses, pinned eval poses, static scene); 300k env steps",300000,25,10000,ad21a37,39720497+39945496,0.32,0.8,-1.5,0.244000002893213,0.5222969404718919,-1.1405612060606245,141.8,86.92,0.6129760225669957,complete,results/grid_300000/dreamerv3/pair1_seed2,house-A success 0.32 < 0.5: left out of relative-drop comparisons (rule fixed 2026-09-05)
dreamerv3-v2-300k_pair1_L2_s2,2026-09-13,dreamerv3,reconstruction world model,grid_300k,2,pair1,L2,"procthor-10k train house 2; 1 room(s); 162 reachable cells; L1 + every object's appearance changed, target included when swappable; variant seed 1338",target=Bed; target swappable at L2=yes,objectnav,"DreamerV3 train_ratio=512; protocol v2 (held-out start poses, pinned eval poses, static scene); 300k env steps",300000,25,10000,ad21a37,39720497+39945496,0.32,0.64,-1.0,0.244000002893213,0.375721975061664,-0.5398441418301922,141.8,98.92,0.6976022566995769,complete,results/grid_300000/dreamerv3/pair1_seed2,house-A success 0.32 < 0.5: left out of relative-drop comparisons (rule fixed 2026-09-05)
dreamerv3-v2-300k_pair1_L3_s2,2026-09-13,dreamerv3,reconstruction world model,grid_300k,2,pair1,L3,procthor-10k train house 2; 1 room(s); 162 reachable cells; L2 + 2 distractor objects; variant seed 1338,target=Bed; target swappable at L2=yes,objectnav,"DreamerV3 train_ratio=512; protocol v2 (held-out start poses, pinned eval poses, static scene); 300k env steps",300000,25,10000,ad21a37,39720497+39945496,0.32,0.44,-0.375,0.244000002893213,0.3120341503530419,-0.2788284698898309,141.8,122.52,0.8640338504936529,complete,results/grid_300000/dreamerv3/pair1_seed2,house-A success 0.32 < 0.5: left out of relative-drop comparisons (rule fixed 2026-09-05)
dreamerv3-v2-300k_pair2_L1_s2,2026-09-13,dreamerv3,reconstruction world model,grid_300k,2,pair2,L1,procthor-10k train house 250; 1 room(s); 128 reachable cells; wall/floor materials + lighting + skybox changed; variant seed 1339,target=Bed; target swappable at L2=no,objectnav,"DreamerV3 train_ratio=512; protocol v2 (held-out start poses, pinned eval poses, static scene); 300k env steps",300000,25,10000,ad21a37,39720497+39945496,0.08,0.84,-9.5,0.08,0.7028571431520213,-7.785714289400267,184.64,59.84,0.32409012131715775,complete,results/grid_300000/dreamerv3/pair2_seed2,house-A success 0.08 < 0.5: left out of relative-drop comparisons (rule fixed 2026-09-05)
dreamerv3-v2-300k_pair2_L2_s2,2026-09-13,dreamerv3,reconstruction world model,grid_300k,2,pair2,L2,"procthor-10k train house 250; 1 room(s); 128 reachable cells; L1 + every object's appearance changed, target included when swappable; variant seed 1339",target=Bed; target swappable at L2=no,objectnav,"DreamerV3 train_ratio=512; protocol v2 (held-out start poses, pinned eval poses, static scene); 300k env steps",300000,25,10000,ad21a37,39720497+39945496,0.08,0.64,-7.000000000000001,0.08,0.5401587294601338,-5.751984118251672,184.64,116.24,0.6295493934142115,complete,results/grid_300000/dreamerv3/pair2_seed2,house-A success 0.08 < 0.5: left out of relative-drop comparisons (rule fixed 2026-09-05)
dreamerv3-v2-300k_pair2_L3_s2,2026-09-13,dreamerv3,reconstruction world model,grid_300k,2,pair2,L3,procthor-10k train house 250; 1 room(s); 128 reachable cells; L2 + 5 distractor objects; variant seed 1339,target=Bed; target swappable at L2=no,objectnav,"DreamerV3 train_ratio=512; protocol v2 (held-out start poses, pinned eval poses, static scene); 300k env steps",300000,25,10000,ad21a37,39720497+39945496,0.08,0.8,-9.0,0.08,0.5961760438334375,-6.452200547917969,184.64,88.76,0.4807192374350087,complete,results/grid_300000/dreamerv3/pair2_seed2,house-A success 0.08 < 0.5: left out of relative-drop comparisons (rule fixed 2026-09-05)
dreamerv3-v2-300k_pair3_L1_s2,2026-09-13,dreamerv3,reconstruction world model,grid_300k,2,pair3,L1,procthor-10k train house 44; 2 room(s); 460 reachable cells; wall/floor materials + lighting + skybox changed; variant seed 1340,target=Bed; target swappable at L2=yes,objectnav,"DreamerV3 train_ratio=512; protocol v2 (held-out start poses, pinned eval poses, static scene); 300k env steps",300000,25,10000,ad21a37,39720497+39945496,0.84,0.04,0.9523809523809523,0.5519297394952795,0.04,0.9275270072662172,54.88,192.16,3.5014577259475215,complete,results/grid_300000/dreamerv3/pair3_seed2,
dreamerv3-v2-300k_pair3_L2_s2,2026-09-13,dreamerv3,reconstruction world model,grid_300k,2,pair3,L2,"procthor-10k train house 44; 2 room(s); 460 reachable cells; L1 + every object's appearance changed, target included when swappable; variant seed 1340",target=Bed; target swappable at L2=yes,objectnav,"DreamerV3 train_ratio=512; protocol v2 (held-out start poses, pinned eval poses, static scene); 300k env steps",300000,25,10000,ad21a37,39720497+39945496,0.84,0.24,0.7142857142857143,0.5519297394952795,0.1766956511156436,0.6798584340151238,54.88,173.32,3.158163265306122,complete,results/grid_300000/dreamerv3/pair3_seed2,
dreamerv3-v2-300k_pair3_L3_s2,2026-09-13,dreamerv3,reconstruction world model,grid_300k,2,pair3,L3,procthor-10k train house 44; 2 room(s); 460 reachable cells; L2 + 8 distractor objects; variant seed 1340,target=Bed; target swappable at L2=yes,objectnav,"DreamerV3 train_ratio=512; protocol v2 (held-out start poses, pinned eval poses, static scene); 300k env steps",300000,25,10000,ad21a37,39720497+39945496,0.84,0.16,0.8095238095238095,0.5519297394952795,0.16,0.7101080290648689,54.88,179.04,3.2623906705539354,complete,results/grid_300000/dreamerv3/pair3_seed2,
dreamerv3-v2-300k_pair4_L1_s2,2026-09-13,dreamerv3,reconstruction world model,grid_300k,2,pair4,L1,procthor-10k train house 286; 2 room(s); 681 reachable cells; wall/floor materials + lighting + skybox changed; variant seed 1341,target=Television; target swappable at L2=yes,objectnav,"DreamerV3 train_ratio=512; protocol v2 (held-out start poses, pinned eval poses, static scene); 300k env steps",300000,25,10000,ad21a37,39720497+39945496,1.0,0.96,0.040000000000000036,0.5834882193929586,0.4732917367277106,0.1888581105885783,25.72,37.84,1.4712286158631418,complete,results/grid_300000/dreamerv3/pair4_seed2,
dreamerv3-v2-300k_pair4_L2_s2,2026-09-13,dreamerv3,reconstruction world model,grid_300k,2,pair4,L2,"procthor-10k train house 286; 2 room(s); 681 reachable cells; L1 + every object's appearance changed, target included when swappable; variant seed 1341",target=Television; target swappable at L2=yes,objectnav,"DreamerV3 train_ratio=512; protocol v2 (held-out start poses, pinned eval poses, static scene); 300k env steps",300000,25,10000,ad21a37,39720497+39945496,1.0,0.88,0.12,0.5834882193929586,0.4470386968009661,0.23385137532673747,25.72,51.44,2.0,complete,results/grid_300000/dreamerv3/pair4_seed2,
dreamerv3-v2-300k_pair4_L3_s2,2026-09-13,dreamerv3,reconstruction world model,grid_300k,2,pair4,L3,procthor-10k train house 286; 2 room(s); 681 reachable cells; L2 + 8 distractor objects; variant seed 1341,target=Television; target swappable at L2=yes,objectnav,"DreamerV3 train_ratio=512; protocol v2 (held-out start poses, pinned eval poses, static scene); 300k env steps",300000,25,10000,ad21a37,39720497+39945496,1.0,0.96,0.040000000000000036,0.5834882193929586,0.4924576478991642,0.15601098440084965,25.72,39.76,1.5458786936236393,complete,results/grid_300000/dreamerv3/pair4_seed2,
dreamerv3-v2-300k_pair0_L1_s3,2026-09-13,dreamerv3,reconstruction world model,grid_300k,3,pair0,L1,procthor-10k train house 0; 1 room(s); 380 reachable cells; wall/floor materials + lighting + skybox changed; variant seed 1337,target=Fridge; target swappable at L2=yes,objectnav,"DreamerV3 train_ratio=512; protocol v2 (held-out start poses, pinned eval poses, static scene); 300k env steps",300000,25,10000,ad21a37,39720497+39945496,1.0,1.0,0.0,0.7871350250198401,0.7203531867547684,0.08484165504309556,16.2,23.64,1.4592592592592593,complete,results/grid_300000/dreamerv3/pair0_seed3,
dreamerv3-v2-300k_pair0_L2_s3,2026-09-13,dreamerv3,reconstruction world model,grid_300k,3,pair0,L2,"procthor-10k train house 0; 1 room(s); 380 reachable cells; L1 + every object's appearance changed, target included when swappable; variant seed 1337",target=Fridge; target swappable at L2=yes,objectnav,"DreamerV3 train_ratio=512; protocol v2 (held-out start poses, pinned eval poses, static scene); 300k env steps",300000,25,10000,ad21a37,39720497+39945496,1.0,0.92,0.07999999999999996,0.7871350250198401,0.5462774500712274,0.3059927042917977,16.2,75.96,4.688888888888889,complete,results/grid_300000/dreamerv3/pair0_seed3,
dreamerv3-v2-300k_pair0_L3_s3,2026-09-13,dreamerv3,reconstruction world model,grid_300k,3,pair0,L3,procthor-10k train house 0; 1 room(s); 380 reachable cells; L2 + 4 distractor objects; variant seed 1337,target=Fridge; target swappable at L2=yes,objectnav,"DreamerV3 train_ratio=512; protocol v2 (held-out start poses, pinned eval poses, static scene); 300k env steps",300000,25,10000,ad21a37,39720497+39945496,1.0,0.84,0.16000000000000003,0.7871350250198401,0.5021592648593923,0.36204177314211733,16.2,77.04,4.755555555555556,complete,results/grid_300000/dreamerv3/pair0_seed3,
dreamerv3-v2-300k_pair1_L1_s3,2026-09-13,dreamerv3,reconstruction world model,grid_300k,3,pair1,L1,procthor-10k train house 2; 1 room(s); 162 reachable cells; wall/floor materials + lighting + skybox changed; variant seed 1338,target=Bed; target swappable at L2=yes,objectnav,"DreamerV3 train_ratio=512; protocol v2 (held-out start poses, pinned eval poses, static scene); 300k env steps",300000,25,10000,ad21a37,39720497+39945496,0.76,0.32,0.5789473684210527,0.4788864821471184,0.2840000007343271,0.40695757487036427,63.08,144.04,2.283449587824984,complete,results/grid_300000/dreamerv3/pair1_seed3,
dreamerv3-v2-300k_pair1_L2_s3,2026-09-13,dreamerv3,reconstruction world model,grid_300k,3,pair1,L2,"procthor-10k train house 2; 1 room(s); 162 reachable cells; L1 + every object's appearance changed, target included when swappable; variant seed 1338",target=Bed; target swappable at L2=yes,objectnav,"DreamerV3 train_ratio=512; protocol v2 (held-out start poses, pinned eval poses, static scene); 300k env steps",300000,25,10000,ad21a37,39720497+39945496,0.76,0.2,0.736842105263158,0.4788864821471184,0.2,0.5823644904251898,63.08,160.76,2.5485098287888395,complete,results/grid_300000/dreamerv3/pair1_seed3,
dreamerv3-v2-300k_pair1_L3_s3,2026-09-13,dreamerv3,reconstruction world model,grid_300k,3,pair1,L3,procthor-10k train house 2; 1 room(s); 162 reachable cells; L2 + 2 distractor objects; variant seed 1338,target=Bed; target swappable at L2=yes,objectnav,"DreamerV3 train_ratio=512; protocol v2 (held-out start poses, pinned eval poses, static scene); 300k env steps",300000,25,10000,ad21a37,39720497+39945496,0.76,0.36,0.5263157894736842,0.4788864821471184,0.36,0.24825608276534178,63.08,135.72,2.151553582752061,complete,results/grid_300000/dreamerv3/pair1_seed3,
dreamerv3-v2-300k_pair3_L1_s3,2026-09-13,dreamerv3,reconstruction world model,grid_300k,3,pair3,L1,procthor-10k train house 44; 2 room(s); 460 reachable cells; wall/floor materials + lighting + skybox changed; variant seed 1340,target=Bed; target swappable at L2=yes,objectnav,"DreamerV3 train_ratio=512; protocol v2 (held-out start poses, pinned eval poses, static scene); 300k env steps",300000,25,10000,ad21a37,39720497+39945496,1.0,0.0,1.0,0.6187026586191766,0.0,1.0,45.56,200.0,4.389815627743634,complete,results/grid_300000/dreamerv3/pair3_seed3,
dreamerv3-v2-300k_pair3_L2_s3,2026-09-13,dreamerv3,reconstruction world model,grid_300k,3,pair3,L2,"procthor-10k train house 44; 2 room(s); 460 reachable cells; L1 + every object's appearance changed, target included when swappable; variant seed 1340",target=Bed; target swappable at L2=yes,objectnav,"DreamerV3 train_ratio=512; protocol v2 (held-out start poses, pinned eval poses, static scene); 300k env steps",300000,25,10000,ad21a37,39720497+39945496,1.0,0.28,0.72,0.6187026586191766,0.1800095600548068,0.7090531977726539,45.56,163.8,3.595258999122037,complete,results/grid_300000/dreamerv3/pair3_seed3,
dreamerv3-v2-300k_pair3_L3_s3,2026-09-13,dreamerv3,reconstruction world model,grid_300k,3,pair3,L3,procthor-10k train house 44; 2 room(s); 460 reachable cells; L2 + 8 distractor objects; variant seed 1340,target=Bed; target swappable at L2=yes,objectnav,"DreamerV3 train_ratio=512; protocol v2 (held-out start poses, pinned eval poses, static scene); 300k env steps",300000,25,10000,ad21a37,39720497+39945496,1.0,0.24,0.76,0.6187026586191766,0.1486209766305117,0.7597861031303719,45.56,164.44,3.6093064091308165,complete,results/grid_300000/dreamerv3/pair3_seed3,
dreamerv3-v2-300k_pair1_L1_s4,2026-09-13,dreamerv3,reconstruction world model,grid_300k,4,pair1,L1,procthor-10k train house 2; 1 room(s); 162 reachable cells; wall/floor materials + lighting + skybox changed; variant seed 1338,target=Bed; target swappable at L2=yes,objectnav,"DreamerV3 train_ratio=512; protocol v2 (held-out start poses, pinned eval poses, static scene); 300k env steps",300000,25,10000,720cb4d,39945496_9,0.24,0.96,-3.0,0.192467045048049,0.5782485693079096,-2.004403009167367,154.48,78.84,0.5103573278094252,complete,results/grid_300000/dreamerv3/pair1_seed4,house-A success 0.24 < 0.5: left out of relative-drop comparisons (rule fixed 2026-09-05)
dreamerv3-v2-300k_pair1_L2_s4,2026-09-13,dreamerv3,reconstruction world model,grid_300k,4,pair1,L2,"procthor-10k train house 2; 1 room(s); 162 reachable cells; L1 + every object's appearance changed, target included when swappable; variant seed 1338",target=Bed; target swappable at L2=yes,objectnav,"DreamerV3 train_ratio=512; protocol v2 (held-out start poses, pinned eval poses, static scene); 300k env steps",300000,25,10000,720cb4d,39945496_9,0.24,0.52,-1.1666666666666667,0.192467045048049,0.3439443473611889,-0.7870298121703062,154.48,121.48,0.786380113930606,complete,results/grid_300000/dreamerv3/pair1_seed4,house-A success 0.24 < 0.5: left out of relative-drop comparisons (rule fixed 2026-09-05)
dreamerv3-v2-300k_pair1_L3_s4,2026-09-13,dreamerv3,reconstruction world model,grid_300k,4,pair1,L3,procthor-10k train house 2; 1 room(s); 162 reachable cells; L2 + 2 distractor objects; variant seed 1338,target=Bed; target swappable at L2=yes,objectnav,"DreamerV3 train_ratio=512; protocol v2 (held-out start poses, pinned eval poses, static scene); 300k env steps",300000,25,10000,720cb4d,39945496_9,0.24,0.84,-2.5,0.192467045048049,0.5598340440610535,-1.9087267585019143,154.48,77.84,0.5038839979285344,complete,results/grid_300000/dreamerv3/pair1_seed4,house-A success 0.24 < 0.5: left out of relative-drop comparisons (rule fixed 2026-09-05)
dreamerv3-v2-300k_pair2_L1_s4,2026-09-13,dreamerv3,reconstruction world model,grid_300k,4,pair2,L1,procthor-10k train house 250; 1 room(s); 128 reachable cells; wall/floor materials + lighting + skybox changed; variant seed 1339,target=Bed; target swappable at L2=no,objectnav,"DreamerV3 train_ratio=512; protocol v2 (held-out start poses, pinned eval poses, static scene); 300k env steps",300000,25,10000,ad21a37,39720497+39945496,1.0,0.72,0.28,0.756649745694577,0.5593333291397725,0.26077642618339236,13.84,73.4,5.303468208092486,complete,results/grid_300000/dreamerv3/pair2_seed4,
dreamerv3-v2-300k_pair2_L2_s4,2026-09-13,dreamerv3,reconstruction world model,grid_300k,4,pair2,L2,"procthor-10k train house 250; 1 room(s); 128 reachable cells; L1 + every object's appearance changed, target included when swappable; variant seed 1339",target=Bed; target swappable at L2=no,objectnav,"DreamerV3 train_ratio=512; protocol v2 (held-out start poses, pinned eval poses, static scene); 300k env steps",300000,25,10000,ad21a37,39720497+39945496,1.0,0.76,0.24,0.756649745694577,0.5650476136809474,0.2532243394038887,13.84,76.88,5.554913294797688,complete,results/grid_300000/dreamerv3/pair2_seed4,
dreamerv3-v2-300k_pair2_L3_s4,2026-09-13,dreamerv3,reconstruction world model,grid_300k,4,pair2,L3,procthor-10k train house 250; 1 room(s); 128 reachable cells; L2 + 5 distractor objects; variant seed 1339,target=Bed; target swappable at L2=no,objectnav,"DreamerV3 train_ratio=512; protocol v2 (held-out start poses, pinned eval poses, static scene); 300k env steps",300000,25,10000,ad21a37,39720497+39945496,1.0,0.68,0.31999999999999995,0.756649745694577,0.4544761837848509,0.3993572503382549,13.84,78.16,5.6473988439306355,complete,results/grid_300000/dreamerv3/pair2_seed4,
dreamerv3-v2-300k_pair3_L1_s4,2026-09-13,dreamerv3,reconstruction world model,grid_300k,4,pair3,L1,procthor-10k train house 44; 2 room(s); 460 reachable cells; wall/floor materials + lighting + skybox changed; variant seed 1340,target=Bed; target swappable at L2=yes,objectnav,"DreamerV3 train_ratio=512; protocol v2 (held-out start poses, pinned eval poses, static scene); 300k env steps",300000,25,10000,ad21a37,39720497+39945496,0.84,0.04,0.9523809523809523,0.6234370091519722,0.04,0.9358395484823561,62.28,192.12,3.0847784200385355,complete,results/grid_300000/dreamerv3/pair3_seed4,
dreamerv3-v2-300k_pair3_L2_s4,2026-09-13,dreamerv3,reconstruction world model,grid_300k,4,pair3,L2,"procthor-10k train house 44; 2 room(s); 460 reachable cells; L1 + every object's appearance changed, target included when swappable; variant seed 1340",target=Bed; target swappable at L2=yes,objectnav,"DreamerV3 train_ratio=512; protocol v2 (held-out start poses, pinned eval poses, static scene); 300k env steps",300000,25,10000,ad21a37,39720497+39945496,0.84,0.04,0.9523809523809523,0.6234370091519722,0.0099999996661177,0.98395988765614,62.28,194.2,3.1181759794476553,complete,results/grid_300000/dreamerv3/pair3_seed4,
dreamerv3-v2-300k_pair3_L3_s4,2026-09-13,dreamerv3,reconstruction world model,grid_300k,4,pair3,L3,procthor-10k train house 44; 2 room(s); 460 reachable cells; L2 + 8 distractor objects; variant seed 1340,target=Bed; target swappable at L2=yes,objectnav,"DreamerV3 train_ratio=512; protocol v2 (held-out start poses, pinned eval poses, static scene); 300k env steps",300000,25,10000,ad21a37,39720497+39945496,0.84,0.12,0.8571428571428571,0.6234370091519722,0.0888888886627675,0.8574212192123815,62.28,180.08,2.89145793192036,complete,results/grid_300000/dreamerv3/pair3_seed4,
dreamerv3-v2-300k_pair4_L1_s4,2026-09-13,dreamerv3,reconstruction world model,grid_300k,4,pair4,L1,procthor-10k train house 286; 2 room(s); 681 reachable cells; wall/floor materials + lighting + skybox changed; variant seed 1341,target=Television; target swappable at L2=yes,objectnav,"DreamerV3 train_ratio=512; protocol v2 (held-out start poses, pinned eval poses, static scene); 300k env steps",300000,25,10000,ad21a37,39720497+39945496,0.72,0.56,0.22222222222222213,0.3922584866262562,0.2070080972474057,0.47226610945286446,91.32,132.76,1.4537888742882172,complete,results/grid_300000/dreamerv3/pair4_seed4,
dreamerv3-v2-300k_pair4_L2_s4,2026-09-13,dreamerv3,reconstruction world model,grid_300k,4,pair4,L2,"procthor-10k train house 286; 2 room(s); 681 reachable cells; L1 + every object's appearance changed, target included when swappable; variant seed 1341",target=Television; target swappable at L2=yes,objectnav,"DreamerV3 train_ratio=512; protocol v2 (held-out start poses, pinned eval poses, static scene); 300k env steps",300000,25,10000,ad21a37,39720497+39945496,0.72,0.48,0.3333333333333333,0.3922584866262562,0.1791544621747367,0.5432744777159275,91.32,138.92,1.5212439772229522,complete,results/grid_300000/dreamerv3/pair4_seed4,
dreamerv3-v2-300k_pair4_L3_s4,2026-09-13,dreamerv3,reconstruction world model,grid_300k,4,pair4,L3,procthor-10k train house 286; 2 room(s); 681 reachable cells; L2 + 8 distractor objects; variant seed 1341,target=Television; target swappable at L2=yes,objectnav,"DreamerV3 train_ratio=512; protocol v2 (held-out start poses, pinned eval poses, static scene); 300k env steps",300000,25,10000,ad21a37,39720497+39945496,0.72,0.4,0.4444444444444444,0.3922584866262562,0.1997135604214076,0.49086235931029165,91.32,150.84,1.6517739816031538,complete,results/grid_300000/dreamerv3/pair4_seed4,
dreamerv3-v2-300k_pair0_L2noT_s0,2026-09-14,dreamerv3,reconstruction world model,grid_300k,0,pair0,L2noT,procthor-10k train house 0; 1 room(s); 380 reachable cells; L1 + every object's appearance changed EXCEPT the target; variant seed 1337,target=Fridge; target swappable at L2=yes,objectnav,"DreamerV3 train_ratio=512; protocol v2 (held-out start poses, pinned eval poses, static scene); 300k env steps",300000,25,10000,1eaafc6,40083093,1.0,0.8,0.19999999999999996,0.7671425341326468,0.5341996793724847,0.30365003163790666,15.72,68.76,4.374045801526718,complete,results/evalonly_300000/dreamerv3/pair0_seed0,L2noT measured later from the same saved model (eval-only sweep); A_* in this row come from that same evaluation
dreamerv3-v2-300k_pair3_L2noT_s0,2026-09-14,dreamerv3,reconstruction world model,grid_300k,0,pair3,L2noT,procthor-10k train house 44; 2 room(s); 460 reachable cells; L1 + every object's appearance changed EXCEPT the target; variant seed 1340,target=Bed; target swappable at L2=yes,objectnav,"DreamerV3 train_ratio=512; protocol v2 (held-out start poses, pinned eval poses, static scene); 300k env steps",300000,25,10000,1eaafc6,40083093,1.0,0.0,1.0,0.6912162562114114,0.0,1.0,28.44,200.0,7.032348804500703,complete,results/evalonly_300000/dreamerv3/pair3_seed0,L2noT measured later from the same saved model (eval-only sweep); A_* in this row come from that same evaluation
dreamerv3-v2-300k_pair4_L2noT_s0,2026-09-14,dreamerv3,reconstruction world model,grid_300k,0,pair4,L2noT,procthor-10k train house 286; 2 room(s); 681 reachable cells; L1 + every object's appearance changed EXCEPT the target; variant seed 1341,target=Television; target swappable at L2=yes,objectnav,"DreamerV3 train_ratio=512; protocol v2 (held-out start poses, pinned eval poses, static scene); 300k env steps",300000,25,10000,1eaafc6,40083093,0.28,0.84,-1.9999999999999996,0.1313143792418807,0.3781507954615161,-1.8797363826010514,159.72,94.32,0.5905334335086401,complete,results/evalonly_300000/dreamerv3/pair4_seed0,L2noT measured later from the same saved model (eval-only sweep); A_* in this row come from that same evaluation; house-A success 0.28 < 0.5: left out of relative-drop comparisons (rule fixed 2026-09-05)
dreamerv3-v2-300k_pair0_L2noT_s1,2026-09-14,dreamerv3,reconstruction world model,grid_300k,1,pair0,L2noT,procthor-10k train house 0; 1 room(s); 380 reachable cells; L1 + every object's appearance changed EXCEPT the target; variant seed 1337,target=Fridge; target swappable at L2=yes,objectnav,"DreamerV3 train_ratio=512; protocol v2 (held-out start poses, pinned eval poses, static scene); 300k env steps",300000,25,10000,1eaafc6,40083093,1.0,1.0,0.0,0.806362902893901,0.6990044786929834,0.13313909136398291,12.56,34.16,2.719745222929936,complete,results/evalonly_300000/dreamerv3/pair0_seed1,L2noT measured later from the same saved model (eval-only sweep); A_* in this row come from that same evaluation
dreamerv3-v2-300k_pair1_L2noT_s1,2026-09-14,dreamerv3,reconstruction world model,grid_300k,1,pair1,L2noT,procthor-10k train house 2; 1 room(s); 162 reachable cells; L1 + every object's appearance changed EXCEPT the target; variant seed 1338,target=Bed; target swappable at L2=yes,objectnav,"DreamerV3 train_ratio=512; protocol v2 (held-out start poses, pinned eval poses, static scene); 300k env steps",300000,25,10000,1eaafc6,40083093,0.6,0.4,0.33333333333333326,0.4257784548990378,0.2134795690679403,0.4986135004915611,92.2,149.36,1.6199566160520609,complete,results/evalonly_300000/dreamerv3/pair1_seed1,L2noT measured later from the same saved model (eval-only sweep); A_* in this row come from that same evaluation
dreamerv3-v2-300k_pair2_L2noT_s1,2026-09-14,dreamerv3,reconstruction world model,grid_300k,1,pair2,L2noT,procthor-10k train house 250; 1 room(s); 128 reachable cells; L1 + every object's appearance changed EXCEPT the target; variant seed 1339,target=Bed; target swappable at L2=no,objectnav,"DreamerV3 train_ratio=512; protocol v2 (held-out start poses, pinned eval poses, static scene); 300k env steps",300000,25,10000,1eaafc6,40083093,1.0,0.92,0.07999999999999996,0.7517874292428428,0.7163333291018639,0.047159740588754294,13.4,65.68,4.901492537313433,complete,results/evalonly_300000/dreamerv3/pair2_seed1,L2noT measured later from the same saved model (eval-only sweep); A_* in this row come from that same evaluation
dreamerv3-v2-300k_pair4_L2noT_s1,2026-09-14,dreamerv3,reconstruction world model,grid_300k,1,pair4,L2noT,procthor-10k train house 286; 2 room(s); 681 reachable cells; L1 + every object's appearance changed EXCEPT the target; variant seed 1341,target=Television; target swappable at L2=yes,objectnav,"DreamerV3 train_ratio=512; protocol v2 (held-out start poses, pinned eval poses, static scene); 300k env steps",300000,25,10000,1eaafc6,40083093,1.0,0.88,0.12,0.5973057119859534,0.4743925689354561,0.2057792861913696,24.32,49.96,2.054276315789474,complete,results/evalonly_300000/dreamerv3/pair4_seed1,L2noT measured later from the same saved model (eval-only sweep); A_* in this row come from that same evaluation
dreamerv3-v2-300k_pair0_L2noT_s2,2026-09-14,dreamerv3,reconstruction world model,grid_300k,2,pair0,L2noT,procthor-10k train house 0; 1 room(s); 380 reachable cells; L1 + every object's appearance changed EXCEPT the target; variant seed 1337,target=Fridge; target swappable at L2=yes,objectnav,"DreamerV3 train_ratio=512; protocol v2 (held-out start poses, pinned eval poses, static scene); 300k env steps",300000,25,10000,1eaafc6,40083093,1.0,1.0,0.0,0.7718155820182983,0.7362118284504736,0.04612987143213771,14.64,19.72,1.3469945355191255,complete,results/evalonly_300000/dreamerv3/pair0_seed2,L2noT measured later from the same saved model (eval-only sweep); A_* in this row come from that same evaluation
dreamerv3-v2-300k_pair1_L2noT_s2,2026-09-14,dreamerv3,reconstruction world model,grid_300k,2,pair1,L2noT,procthor-10k train house 2; 1 room(s); 162 reachable cells; L1 + every object's appearance changed EXCEPT the target; variant seed 1338,target=Bed; target swappable at L2=yes,objectnav,"DreamerV3 train_ratio=512; protocol v2 (held-out start poses, pinned eval poses, static scene); 300k env steps",300000,25,10000,1eaafc6,40083093,0.32,0.76,-1.375,0.2440000057803243,0.4843605072231706,-0.9850839989702513,140.28,88.68,0.6321642429426861,complete,results/evalonly_300000/dreamerv3/pair1_seed2,L2noT measured later from the same saved model (eval-only sweep); A_* in this row come from that same evaluation; house-A success 0.32 < 0.5: left out of relative-drop comparisons (rule fixed 2026-09-05)
dreamerv3-v2-300k_pair2_L2noT_s2,2026-09-14,dreamerv3,reconstruction world model,grid_300k,2,pair2,L2noT,procthor-10k train house 250; 1 room(s); 128 reachable cells; L1 + every object's appearance changed EXCEPT the target; variant seed 1339,target=Bed; target swappable at L2=no,objectnav,"DreamerV3 train_ratio=512; protocol v2 (held-out start poses, pinned eval poses, static scene); 300k env steps",300000,25,10000,1eaafc6,40083093,0.08,0.68,-7.500000000000001,0.08,0.5398730145841055,-5.748412682301319,184.64,96.72,0.5238301559792028,complete,results/evalonly_300000/dreamerv3/pair2_seed2,L2noT measured later from the same saved model (eval-only sweep); A_* in this row come from that same evaluation; house-A success 0.08 < 0.5: left out of relative-drop comparisons (rule fixed 2026-09-05)
dreamerv3-v2-300k_pair3_L2noT_s2,2026-09-14,dreamerv3,reconstruction world model,grid_300k,2,pair3,L2noT,procthor-10k train house 44; 2 room(s); 460 reachable cells; L1 + every object's appearance changed EXCEPT the target; variant seed 1340,target=Bed; target swappable at L2=yes,objectnav,"DreamerV3 train_ratio=512; protocol v2 (held-out start poses, pinned eval poses, static scene); 300k env steps",300000,25,10000,1eaafc6,40083093,0.84,0.04,0.9523809523809523,0.557872761023166,0.04,0.9282990624481502,54.6,192.16,3.5194139194139193,complete,results/evalonly_300000/dreamerv3/pair3_seed2,L2noT measured later from the same saved model (eval-only sweep); A_* in this row come from that same evaluation
dreamerv3-v2-300k_pair4_L2noT_s2,2026-09-14,dreamerv3,reconstruction world model,grid_300k,2,pair4,L2noT,procthor-10k train house 286; 2 room(s); 681 reachable cells; L1 + every object's appearance changed EXCEPT the target; variant seed 1341,target=Television; target swappable at L2=yes,objectnav,"DreamerV3 train_ratio=512; protocol v2 (held-out start poses, pinned eval poses, static scene); 300k env steps",300000,25,10000,1eaafc6,40083093,1.0,0.84,0.16000000000000003,0.593809844480676,0.4087494764450594,0.3116492085062408,24.92,57.8,2.3194221508828248,complete,results/evalonly_300000/dreamerv3/pair4_seed2,L2noT measured later from the same saved model (eval-only sweep); A_* in this row come from that same evaluation
dreamerv3-v2-300k_pair0_L2noT_s3,2026-09-14,dreamerv3,reconstruction world model,grid_300k,3,pair0,L2noT,procthor-10k train house 0; 1 room(s); 380 reachable cells; L1 + every object's appearance changed EXCEPT the target; variant seed 1337,target=Fridge; target swappable at L2=yes,objectnav,"DreamerV3 train_ratio=512; protocol v2 (held-out start poses, pinned eval poses, static scene); 300k env steps",300000,25,10000,1eaafc6,40083093,0.96,1.0,-0.041666666666666706,0.758531699620994,0.6758061318583267,0.10906013262728731,21.32,28.32,1.3283302063789868,complete,results/evalonly_300000/dreamerv3/pair0_seed3,L2noT measured later from the same saved model (eval-only sweep); A_* in this row come from that same evaluation
dreamerv3-v2-300k_pair1_L2noT_s3,2026-09-14,dreamerv3,reconstruction world model,grid_300k,3,pair1,L2noT,procthor-10k train house 2; 1 room(s); 162 reachable cells; L1 + every object's appearance changed EXCEPT the target; variant seed 1338,target=Bed; target swappable at L2=yes,objectnav,"DreamerV3 train_ratio=512; protocol v2 (held-out start poses, pinned eval poses, static scene); 300k env steps",300000,25,10000,1eaafc6,40083093,0.84,0.32,0.6190476190476191,0.516161427363798,0.32,0.38003891217841934,51.0,148.08,2.903529411764706,complete,results/evalonly_300000/dreamerv3/pair1_seed3,L2noT measured later from the same saved model (eval-only sweep); A_* in this row come from that same evaluation
dreamerv3-v2-300k_pair3_L2noT_s3,2026-09-14,dreamerv3,reconstruction world model,grid_300k,3,pair3,L2noT,procthor-10k train house 44; 2 room(s); 460 reachable cells; L1 + every object's appearance changed EXCEPT the target; variant seed 1340,target=Bed; target swappable at L2=yes,objectnav,"DreamerV3 train_ratio=512; protocol v2 (held-out start poses, pinned eval poses, static scene); 300k env steps",300000,25,10000,1eaafc6,40083093,0.96,0.2,0.7916666666666667,0.5731318082885519,0.122285706004029,0.7866359810508678,53.48,171.0,3.1974569932685117,complete,results/evalonly_300000/dreamerv3/pair3_seed3,L2noT measured later from the same saved model (eval-only sweep); A_* in this row come from that same evaluation
dreamerv3-v2-300k_pair0_L2noT_s4,2026-09-14,dreamerv3,reconstruction world model,grid_300k,4,pair0,L2noT,procthor-10k train house 0; 1 room(s); 380 reachable cells; L1 + every object's appearance changed EXCEPT the target; variant seed 1337,target=Fridge; target swappable at L2=yes,objectnav,"DreamerV3 train_ratio=512; protocol v2 (held-out start poses, pinned eval poses, static scene); 300k env steps",300000,25,10000,1eaafc6,40083093,1.0,1.0,0.0,0.7708052603825437,0.662099884178786,0.1410283268562649,13.68,27.16,1.9853801169590644,complete,results/evalonly_300000/dreamerv3/pair0_seed4,L2noT measured later from the same saved model (eval-only sweep); A_* in this row come from that same evaluation
dreamerv3-v2-300k_pair2_L2noT_s4,2026-09-14,dreamerv3,reconstruction world model,grid_300k,4,pair2,L2noT,procthor-10k train house 250; 1 room(s); 128 reachable cells; L1 + every object's appearance changed EXCEPT the target; variant seed 1339,target=Bed; target swappable at L2=no,objectnav,"DreamerV3 train_ratio=512; protocol v2 (held-out start poses, pinned eval poses, static scene); 300k env steps",300000,25,10000,1eaafc6,40083093,1.0,0.68,0.31999999999999995,0.7522318728473008,0.5520476153685349,0.26612041406998754,13.6,78.64,5.7823529411764705,complete,results/evalonly_300000/dreamerv3/pair2_seed4,L2noT measured later from the same saved model (eval-only sweep); A_* in this row come from that same evaluation
dreamerv3-v2-300k_pair3_L2noT_s4,2026-09-14,dreamerv3,reconstruction world model,grid_300k,4,pair3,L2noT,procthor-10k train house 44; 2 room(s); 460 reachable cells; L1 + every object's appearance changed EXCEPT the target; variant seed 1340,target=Bed; target swappable at L2=yes,objectnav,"DreamerV3 train_ratio=512; protocol v2 (held-out start poses, pinned eval poses, static scene); 300k env steps",300000,25,10000,1eaafc6,40083093,0.52,0.04,0.9230769230769231,0.4066986329752637,0.04,0.9016470753605094,125.64,192.16,1.5294492199936325,complete,results/evalonly_300000/dreamerv3/pair3_seed4,L2noT measured later from the same saved model (eval-only sweep); A_* in this row come from that same evaluation
dreamerv3-v2-300k_pair4_L2noT_s4,2026-09-14,dreamerv3,reconstruction world model,grid_300k,4,pair4,L2noT,procthor-10k train house 286; 2 room(s); 681 reachable cells; L1 + every object's appearance changed EXCEPT the target; variant seed 1341,target=Television; target swappable at L2=yes,objectnav,"DreamerV3 train_ratio=512; protocol v2 (held-out start poses, pinned eval poses, static scene); 300k env steps",300000,25,10000,1eaafc6,40083093,0.76,0.6,0.21052631578947373,0.4289543839623904,0.2508870011856688,0.41511962445017014,83.6,142.44,1.7038277511961724,complete,results/evalonly_300000/dreamerv3/pair4_seed4,L2noT measured later from the same saved model (eval-only sweep); A_* in this row come from that same evaluation
dreamerv3-v2-300k_pair1_L1_s4_rerun,2026-09-14,dreamerv3,reconstruction world model,rerun_300k,4,pair1,L1,procthor-10k train house 2; 1 room(s); 162 reachable cells; wall/floor materials + lighting + skybox changed; variant seed 1338,target=Bed; target swappable at L2=yes,objectnav,"DreamerV3 train_ratio=512; protocol v2 (held-out start poses, pinned eval poses, static scene); 300k env steps",300000,25,10000,973687d,40086263_9,1.0,0.24,0.76,0.6705589368960628,0.24,0.6420896258411956,14.56,153.12,10.516483516483516,complete,results/rerun_300000/dreamerv3/pair1_seed4,"retrain of a cell whose saved model was deleted; same seed, different agent; the original in grid_300k stays the headline; used for this cell's L2noT comparison and as rerun-variance evidence"
dreamerv3-v2-300k_pair1_L2noT_s4_rerun,2026-09-14,dreamerv3,reconstruction world model,rerun_300k,4,pair1,L2noT,procthor-10k train house 2; 1 room(s); 162 reachable cells; L1 + every object's appearance changed EXCEPT the target; variant seed 1338,target=Bed; target swappable at L2=yes,objectnav,"DreamerV3 train_ratio=512; protocol v2 (held-out start poses, pinned eval poses, static scene); 300k env steps",300000,25,10000,973687d,40086263_9,1.0,0.28,0.72,0.6705589368960628,0.2433333333950453,0.6371186483302926,14.56,147.68,10.142857142857142,complete,results/rerun_300000/dreamerv3/pair1_seed4,"retrain of a cell whose saved model was deleted; same seed, different agent; the original in grid_300k stays the headline; used for this cell's L2noT comparison and as rerun-variance evidence"
dreamerv3-v2-300k_pair1_L2_s4_rerun,2026-09-14,dreamerv3,reconstruction world model,rerun_300k,4,pair1,L2,"procthor-10k train house 2; 1 room(s); 162 reachable cells; L1 + every object's appearance changed, target included when swappable; variant seed 1338",target=Bed; target swappable at L2=yes,objectnav,"DreamerV3 train_ratio=512; protocol v2 (held-out start poses, pinned eval poses, static scene); 300k env steps",300000,25,10000,973687d,40086263_9,1.0,0.2,0.8,0.6705589368960628,0.2,0.701741354867663,14.56,160.56,11.027472527472527,complete,results/rerun_300000/dreamerv3/pair1_seed4,"retrain of a cell whose saved model was deleted; same seed, different agent; the original in grid_300k stays the headline; used for this cell's L2noT comparison and as rerun-variance evidence"
dreamerv3-v2-300k_pair1_L3_s4_rerun,2026-09-14,dreamerv3,reconstruction world model,rerun_300k,4,pair1,L3,procthor-10k train house 2; 1 room(s); 162 reachable cells; L2 + 2 distractor objects; variant seed 1338,target=Bed; target swappable at L2=yes,objectnav,"DreamerV3 train_ratio=512; protocol v2 (held-out start poses, pinned eval poses, static scene); 300k env steps",300000,25,10000,973687d,40086263_9,1.0,0.28,0.72,0.6705589368960628,0.28,0.5824378968147281,14.56,145.44,9.989010989010989,complete,results/rerun_300000/dreamerv3/pair1_seed4,"retrain of a cell whose saved model was deleted; same seed, different agent; the original in grid_300k stays the headline; used for this cell's L2noT comparison and as rerun-variance evidence"
ppo-v2-300k_pair0_L2noT_s0,2026-09-14,ppo,model-free on-policy,grid_300k,0,pair0,L2noT,procthor-10k train house 0; 1 room(s); 380 reachable cells; L1 + every object's appearance changed EXCEPT the target; variant seed 1337,target=Fridge; target swappable at L2=yes,objectnav,"SB3 PPO defaults; protocol v2 (held-out start poses, pinned eval poses, static scene); 300k env steps",300000,25,10000,1eaafc6,40083091,0.92,0.68,0.2608695652173913,0.7337026390612452,0.5548365060749736,0.24378559305051228,25.48,70.96,2.7849293563579276,complete,results/evalonly_300000/ppo/pair0_seed0,L2noT measured later from the same saved model (eval-only sweep); A_* in this row come from that same evaluation
ppo-v2-300k_pair1_L2noT_s0,2026-09-14,ppo,model-free on-policy,grid_300k,0,pair1,L2noT,procthor-10k train house 2; 1 room(s); 162 reachable cells; L1 + every object's appearance changed EXCEPT the target; variant seed 1338,target=Bed; target swappable at L2=yes,objectnav,"SB3 PPO defaults; protocol v2 (held-out start poses, pinned eval poses, static scene); 300k env steps",300000,25,10000,1eaafc6,40083091,0.96,0.6,0.375,0.6752518899565928,0.4329040371864874,0.35889992516079333,14.24,85.0,5.969101123595506,complete,results/evalonly_300000/ppo/pair1_seed0,L2noT measured later from the same saved model (eval-only sweep); A_* in this row come from that same evaluation
ppo-v2-300k_pair2_L2noT_s0,2026-09-14,ppo,model-free on-policy,grid_300k,0,pair2,L2noT,procthor-10k train house 250; 1 room(s); 128 reachable cells; L1 + every object's appearance changed EXCEPT the target; variant seed 1339,target=Bed; target swappable at L2=no,objectnav,"SB3 PPO defaults; protocol v2 (held-out start poses, pinned eval poses, static scene); 300k env steps",300000,25,10000,1eaafc6,40083091,0.92,0.8,0.13043478260869565,0.7003333250964957,0.6469999967775175,0.076154206015585,23.72,47.12,1.9865092748735245,complete,results/evalonly_300000/ppo/pair2_seed0,L2noT measured later from the same saved model (eval-only sweep); A_* in this row come from that same evaluation
ppo-v2-300k_pair3_L2noT_s0,2026-09-14,ppo,model-free on-policy,grid_300k,0,pair3,L2noT,procthor-10k train house 44; 2 room(s); 460 reachable cells; L1 + every object's appearance changed EXCEPT the target; variant seed 1340,target=Bed; target swappable at L2=yes,objectnav,"SB3 PPO defaults; protocol v2 (held-out start poses, pinned eval poses, static scene); 300k env steps",300000,25,10000,1eaafc6,40083091,1.0,0.04,0.96,0.7607804553921962,0.04,0.9474224137640611,18.8,192.16,10.22127659574468,complete,results/evalonly_300000/ppo/pair3_seed0,L2noT measured later from the same saved model (eval-only sweep); A_* in this row come from that same evaluation
ppo-v2-300k_pair4_L2noT_s0,2026-09-14,ppo,model-free on-policy,grid_300k,0,pair4,L2noT,procthor-10k train house 286; 2 room(s); 681 reachable cells; L1 + every object's appearance changed EXCEPT the target; variant seed 1341,target=Television; target swappable at L2=yes,objectnav,"SB3 PPO defaults; protocol v2 (held-out start poses, pinned eval poses, static scene); 300k env steps",300000,25,10000,1eaafc6,40083091,1.0,0.24,0.76,0.6208775689241677,0.1310538753560737,0.7889215492465629,23.32,158.32,6.789022298456261,complete,results/evalonly_300000/ppo/pair4_seed0,L2noT measured later from the same saved model (eval-only sweep); A_* in this row come from that same evaluation
ppo-v2-300k_pair0_L2noT_s1,2026-09-14,ppo,model-free on-policy,grid_300k,1,pair0,L2noT,procthor-10k train house 0; 1 room(s); 380 reachable cells; L1 + every object's appearance changed EXCEPT the target; variant seed 1337,target=Fridge; target swappable at L2=yes,objectnav,"SB3 PPO defaults; protocol v2 (held-out start poses, pinned eval poses, static scene); 300k env steps",300000,25,10000,1eaafc6,40083091,0.88,0.6,0.31818181818181823,0.7143909754028406,0.4911832087986688,0.31244482963730935,34.12,86.16,2.5252051582649475,complete,results/evalonly_300000/ppo/pair0_seed1,L2noT measured later from the same saved model (eval-only sweep); A_* in this row come from that same evaluation
ppo-v2-300k_pair1_L2noT_s1,2026-09-14,ppo,model-free on-policy,grid_300k,1,pair1,L2noT,procthor-10k train house 2; 1 room(s); 162 reachable cells; L1 + every object's appearance changed EXCEPT the target; variant seed 1338,target=Bed; target swappable at L2=yes,objectnav,"SB3 PPO defaults; protocol v2 (held-out start poses, pinned eval poses, static scene); 300k env steps",300000,25,10000,1eaafc6,40083091,0.92,0.64,0.30434782608695654,0.6983947588457056,0.5699999975536553,0.18384267588757233,21.8,76.92,3.528440366972477,complete,results/evalonly_300000/ppo/pair1_seed1,L2noT measured later from the same saved model (eval-only sweep); A_* in this row come from that same evaluation
ppo-v2-300k_pair2_L2noT_s1,2026-09-14,ppo,model-free on-policy,grid_300k,1,pair2,L2noT,procthor-10k train house 250; 1 room(s); 128 reachable cells; L1 + every object's appearance changed EXCEPT the target; variant seed 1339,target=Bed; target swappable at L2=no,objectnav,"SB3 PPO defaults; protocol v2 (held-out start poses, pinned eval poses, static scene); 300k env steps",300000,25,10000,1eaafc6,40083091,0.92,0.76,0.1739130434782609,0.6986666576562256,0.5377142781263997,0.2303707751988094,21.96,52.64,2.397085610200364,complete,results/evalonly_300000/ppo/pair2_seed1,L2noT measured later from the same saved model (eval-only sweep); A_* in this row come from that same evaluation
ppo-v2-300k_pair3_L2noT_s1,2026-09-14,ppo,model-free on-policy,grid_300k,1,pair3,L2noT,procthor-10k train house 44; 2 room(s); 460 reachable cells; L1 + every object's appearance changed EXCEPT the target; variant seed 1340,target=Bed; target swappable at L2=yes,objectnav,"SB3 PPO defaults; protocol v2 (held-out start poses, pinned eval poses, static scene); 300k env steps",300000,25,10000,1eaafc6,40083091,0.84,0.0,1.0,0.6477290834565546,0.0,1.0,49.36,200.0,4.051863857374392,complete,results/evalonly_300000/ppo/pair3_seed1,L2noT measured later from the same saved model (eval-only sweep); A_* in this row come from that same evaluation
ppo-v2-300k_pair4_L2noT_s1,2026-09-14,ppo,model-free on-policy,grid_300k,1,pair4,L2noT,procthor-10k train house 286; 2 room(s); 681 reachable cells; L1 + every object's appearance changed EXCEPT the target; variant seed 1341,target=Television; target swappable at L2=yes,objectnav,"SB3 PPO defaults; protocol v2 (held-out start poses, pinned eval poses, static scene); 300k env steps",300000,25,10000,1eaafc6,40083091,1.0,0.28,0.72,0.6609305613086117,0.1696561405955834,0.7433071633733017,22.88,151.2,6.608391608391608,complete,results/evalonly_300000/ppo/pair4_seed1,L2noT measured later from the same saved model (eval-only sweep); A_* in this row come from that same evaluation
ppo-v2-300k_pair0_L2noT_s2,2026-09-14,ppo,model-free on-policy,grid_300k,2,pair0,L2noT,procthor-10k train house 0; 1 room(s); 380 reachable cells; L1 + every object's appearance changed EXCEPT the target; variant seed 1337,target=Fridge; target swappable at L2=yes,objectnav,"SB3 PPO defaults; protocol v2 (held-out start poses, pinned eval poses, static scene); 300k env steps",300000,25,10000,1eaafc6,40083091,1.0,0.44,0.56,0.8080871061839936,0.3385589899601527,0.5810365152849424,11.28,118.32,10.48936170212766,complete,results/evalonly_300000/ppo/pair0_seed2,L2noT measured later from the same saved model (eval-only sweep); A_* in this row come from that same evaluation
ppo-v2-300k_pair1_L2noT_s2,2026-09-14,ppo,model-free on-policy,grid_300k,2,pair1,L2noT,procthor-10k train house 2; 1 room(s); 162 reachable cells; L1 + every object's appearance changed EXCEPT the target; variant seed 1338,target=Bed; target swappable at L2=yes,objectnav,"SB3 PPO defaults; protocol v2 (held-out start poses, pinned eval poses, static scene); 300k env steps",300000,25,10000,1eaafc6,40083091,1.0,0.8,0.19999999999999996,0.7172519066276101,0.6449040452057611,0.10086813398937577,6.72,46.08,6.857142857142857,complete,results/evalonly_300000/ppo/pair1_seed2,L2noT measured later from the same saved model (eval-only sweep); A_* in this row come from that same evaluation
ppo-v2-300k_pair2_L2noT_s2,2026-09-14,ppo,model-free on-policy,grid_300k,2,pair2,L2noT,procthor-10k train house 250; 1 room(s); 128 reachable cells; L1 + every object's appearance changed EXCEPT the target; variant seed 1339,target=Bed; target swappable at L2=no,objectnav,"SB3 PPO defaults; protocol v2 (held-out start poses, pinned eval poses, static scene); 300k env steps",300000,25,10000,1eaafc6,40083091,0.88,0.84,0.0454545454545455,0.6936666604485802,0.6519999938837466,0.06006727574003419,30.56,38.24,1.2513089005235603,complete,results/evalonly_300000/ppo/pair2_seed2,L2noT measured later from the same saved model (eval-only sweep); A_* in this row come from that same evaluation
ppo-v2-300k_pair3_L2noT_s2,2026-09-14,ppo,model-free on-policy,grid_300k,2,pair3,L2noT,procthor-10k train house 44; 2 room(s); 460 reachable cells; L1 + every object's appearance changed EXCEPT the target; variant seed 1340,target=Bed; target swappable at L2=yes,objectnav,"SB3 PPO defaults; protocol v2 (held-out start poses, pinned eval poses, static scene); 300k env steps",300000,25,10000,1eaafc6,40083091,0.92,0.0,1.0,0.6939695956239152,0.0,1.0,36.56,200.0,5.470459518599562,complete,results/evalonly_300000/ppo/pair3_seed2,L2noT measured later from the same saved model (eval-only sweep); A_* in this row come from that same evaluation
ppo-v2-300k_pair4_L2noT_s2,2026-09-14,ppo,model-free on-policy,grid_300k,2,pair4,L2noT,procthor-10k train house 286; 2 room(s); 681 reachable cells; L1 + every object's appearance changed EXCEPT the target; variant seed 1341,target=Television; target swappable at L2=yes,objectnav,"SB3 PPO defaults; protocol v2 (held-out start poses, pinned eval poses, static scene); 300k env steps",300000,25,10000,1eaafc6,40083091,0.92,0.08,0.9130434782608696,0.5614237319127097,0.0560827446364935,0.9001062095372675,36.92,185.68,5.029252437703142,complete,results/evalonly_300000/ppo/pair4_seed2,L2noT measured later from the same saved model (eval-only sweep); A_* in this row come from that same evaluation
ppo-v2-300k_pair0_L2noT_s3,2026-09-14,ppo,model-free on-policy,grid_300k,3,pair0,L2noT,procthor-10k train house 0; 1 room(s); 380 reachable cells; L1 + every object's appearance changed EXCEPT the target; variant seed 1337,target=Fridge; target swappable at L2=yes,objectnav,"SB3 PPO defaults; protocol v2 (held-out start poses, pinned eval poses, static scene); 300k env steps",300000,25,10000,1eaafc6,40083091,1.0,0.88,0.12,0.8167516746380917,0.6664327031967772,0.18404488917383846,14.72,42.48,2.885869565217391,complete,results/evalonly_300000/ppo/pair0_seed3,L2noT measured later from the same saved model (eval-only sweep); A_* in this row come from that same evaluation
ppo-v2-300k_pair1_L2noT_s3,2026-09-14,ppo,model-free on-policy,grid_300k,3,pair1,L2noT,procthor-10k train house 2; 1 room(s); 162 reachable cells; L1 + every object's appearance changed EXCEPT the target; variant seed 1338,target=Bed; target swappable at L2=yes,objectnav,"SB3 PPO defaults; protocol v2 (held-out start poses, pinned eval poses, static scene); 300k env steps",300000,25,10000,1eaafc6,40083091,0.88,0.68,0.2272727272727272,0.6779023445852178,0.5507619030584524,0.18754978875985112,29.16,69.28,2.375857338820302,complete,results/evalonly_300000/ppo/pair1_seed3,L2noT measured later from the same saved model (eval-only sweep); A_* in this row come from that same evaluation
ppo-v2-300k_pair2_L2noT_s3,2026-09-14,ppo,model-free on-policy,grid_300k,3,pair2,L2noT,procthor-10k train house 250; 1 room(s); 128 reachable cells; L1 + every object's appearance changed EXCEPT the target; variant seed 1339,target=Bed; target swappable at L2=no,objectnav,"SB3 PPO defaults; protocol v2 (held-out start poses, pinned eval poses, static scene); 300k env steps",300000,25,10000,1eaafc6,40083091,0.96,0.76,0.2083333333333333,0.7403333256058733,0.6026666583385748,0.18595227650279686,13.84,52.4,3.786127167630058,complete,results/evalonly_300000/ppo/pair2_seed3,L2noT measured later from the same saved model (eval-only sweep); A_* in this row come from that same evaluation
ppo-v2-300k_pair3_L2noT_s3,2026-09-14,ppo,model-free on-policy,grid_300k,3,pair3,L2noT,procthor-10k train house 44; 2 room(s); 460 reachable cells; L1 + every object's appearance changed EXCEPT the target; variant seed 1340,target=Bed; target swappable at L2=yes,objectnav,"SB3 PPO defaults; protocol v2 (held-out start poses, pinned eval poses, static scene); 300k env steps",300000,25,10000,1eaafc6,40083091,0.92,0.2,0.7826086956521738,0.6983103848337872,0.1554285847076351,0.7774219199895896,34.76,162.24,4.667433831990794,complete,results/evalonly_300000/ppo/pair3_seed3,L2noT measured later from the same saved model (eval-only sweep); A_* in this row come from that same evaluation
ppo-v2-300k_pair4_L2noT_s3,2026-09-14,ppo,model-free on-policy,grid_300k,3,pair4,L2noT,procthor-10k train house 286; 2 room(s); 681 reachable cells; L1 + every object's appearance changed EXCEPT the target; variant seed 1341,target=Television; target swappable at L2=yes,objectnav,"SB3 PPO defaults; protocol v2 (held-out start poses, pinned eval poses, static scene); 300k env steps",300000,25,10000,1eaafc6,40083091,1.0,0.04,0.96,0.8056611208972774,0.04,0.9503513338766411,19.56,192.12,9.822085889570554,complete,results/evalonly_300000/ppo/pair4_seed3,L2noT measured later from the same saved model (eval-only sweep); A_* in this row come from that same evaluation
ppo-v2-300k_pair0_L2noT_s4,2026-09-14,ppo,model-free on-policy,grid_300k,4,pair0,L2noT,procthor-10k train house 0; 1 room(s); 380 reachable cells; L1 + every object's appearance changed EXCEPT the target; variant seed 1337,target=Fridge; target swappable at L2=yes,objectnav,"SB3 PPO defaults; protocol v2 (held-out start poses, pinned eval poses, static scene); 300k env steps",300000,25,10000,1eaafc6,40083091,0.92,0.44,0.5217391304347826,0.7420703856574502,0.3934660382635911,0.4697726174384482,25.16,114.64,4.556438791732909,complete,results/evalonly_300000/ppo/pair0_seed4,L2noT measured later from the same saved model (eval-only sweep); A_* in this row come from that same evaluation
ppo-v2-300k_pair1_L2noT_s4,2026-09-14,ppo,model-free on-policy,grid_300k,4,pair1,L2noT,procthor-10k train house 2; 1 room(s); 162 reachable cells; L1 + every object's appearance changed EXCEPT the target; variant seed 1338,target=Bed; target swappable at L2=yes,objectnav,"SB3 PPO defaults; protocol v2 (held-out start poses, pinned eval poses, static scene); 300k env steps",300000,25,10000,1eaafc6,40083091,0.92,0.36,0.6086956521739131,0.6983947673180001,0.36,0.48453222039093374,21.88,129.56,5.921389396709324,complete,results/evalonly_300000/ppo/pair1_seed4,L2noT measured later from the same saved model (eval-only sweep); A_* in this row come from that same evaluation
ppo-v2-300k_pair2_L2noT_s4,2026-09-14,ppo,model-free on-policy,grid_300k,4,pair2,L2noT,procthor-10k train house 250; 1 room(s); 128 reachable cells; L1 + every object's appearance changed EXCEPT the target; variant seed 1339,target=Bed; target swappable at L2=no,objectnav,"SB3 PPO defaults; protocol v2 (held-out start poses, pinned eval poses, static scene); 300k env steps",300000,25,10000,1eaafc6,40083091,0.88,0.8,0.09090909090909087,0.6567618996616728,0.570761899971414,0.13094547618331873,30.64,46.68,1.5234986945169713,complete,results/evalonly_300000/ppo/pair2_seed4,L2noT measured later from the same saved model (eval-only sweep); A_* in this row come from that same evaluation
ppo-v2-300k_pair3_L2noT_s4,2026-09-14,ppo,model-free on-policy,grid_300k,4,pair3,L2noT,procthor-10k train house 44; 2 room(s); 460 reachable cells; L1 + every object's appearance changed EXCEPT the target; variant seed 1340,target=Bed; target swappable at L2=yes,objectnav,"SB3 PPO defaults; protocol v2 (held-out start poses, pinned eval poses, static scene); 300k env steps",300000,25,10000,1eaafc6,40083091,0.96,0.0,1.0,0.7303676117784961,0.0,1.0,27.96,200.0,7.15307582260372,complete,results/evalonly_300000/ppo/pair3_seed4,L2noT measured later from the same saved model (eval-only sweep); A_* in this row come from that same evaluation
ppo-v2-300k_pair4_L2noT_s4,2026-09-14,ppo,model-free on-policy,grid_300k,4,pair4,L2noT,procthor-10k train house 286; 2 room(s); 681 reachable cells; L1 + every object's appearance changed EXCEPT the target; variant seed 1341,target=Television; target swappable at L2=yes,objectnav,"SB3 PPO defaults; protocol v2 (held-out start poses, pinned eval poses, static scene); 300k env steps",300000,25,10000,1eaafc6,40083091,0.92,0.36,0.6086956521739131,0.5988393245001982,0.2157776788448269,0.63967349835464,37.56,138.0,3.6741214057507987,complete,results/evalonly_300000/ppo/pair4_seed4,L2noT measured later from the same saved model (eval-only sweep); A_* in this row come from that same evaluation
ppo_aug-v2-300k_pair0_L2noT_s0,2026-09-14,ppo_aug,model-free on-policy + photometric augmentation,grid_300k,0,pair0,L2noT,procthor-10k train house 0; 1 room(s); 380 reachable cells; L1 + every object's appearance changed EXCEPT the target; variant seed 1337,target=Fridge; target swappable at L2=yes,objectnav,"SB3 PPO defaults + photometric jitter (training only); protocol v2 (held-out start poses, pinned eval poses, static scene); 300k env steps",300000,25,10000,1eaafc6,40083092,0.96,0.68,0.2916666666666666,0.7854497515861977,0.5662760119175577,0.2790423438622568,20.92,78.2,3.7380497131931163,complete,results/evalonly_300000/ppo_aug/pair0_seed0,L2noT measured later from the same saved model (eval-only sweep); A_* in this row come from that same evaluation
ppo_aug-v2-300k_pair1_L2noT_s0,2026-09-14,ppo_aug,model-free on-policy + photometric augmentation,grid_300k,0,pair1,L2noT,procthor-10k train house 2; 1 room(s); 162 reachable cells; L1 + every object's appearance changed EXCEPT the target; variant seed 1338,target=Bed; target swappable at L2=yes,objectnav,"SB3 PPO defaults + photometric jitter (training only); protocol v2 (held-out start poses, pinned eval poses, static scene); 300k env steps",300000,25,10000,1eaafc6,40083092,0.92,0.48,0.4782608695652174,0.6943947618377928,0.3594596705476352,0.4823410395604291,25.0,108.92,4.3568,complete,results/evalonly_300000/ppo_aug/pair1_seed0,L2noT measured later from the same saved model (eval-only sweep); A_* in this row come from that same evaluation
ppo_aug-v2-300k_pair2_L2noT_s0,2026-09-14,ppo_aug,model-free on-policy + photometric augmentation,grid_300k,0,pair2,L2noT,procthor-10k train house 250; 1 room(s); 128 reachable cells; L1 + every object's appearance changed EXCEPT the target; variant seed 1339,target=Bed; target swappable at L2=no,objectnav,"SB3 PPO defaults + photometric jitter (training only); protocol v2 (held-out start poses, pinned eval poses, static scene); 300k env steps",300000,25,10000,1eaafc6,40083092,0.88,0.8,0.09090909090909087,0.6553333283061074,0.5753333283061074,0.1220752806923194,31.04,46.44,1.4961340206185567,complete,results/evalonly_300000/ppo_aug/pair2_seed0,L2noT measured later from the same saved model (eval-only sweep); A_* in this row come from that same evaluation
ppo_aug-v2-300k_pair3_L2noT_s0,2026-09-14,ppo_aug,model-free on-policy + photometric augmentation,grid_300k,0,pair3,L2noT,procthor-10k train house 44; 2 room(s); 460 reachable cells; L1 + every object's appearance changed EXCEPT the target; variant seed 1340,target=Bed; target swappable at L2=yes,objectnav,"SB3 PPO defaults + photometric jitter (training only); protocol v2 (held-out start poses, pinned eval poses, static scene); 300k env steps",300000,25,10000,1eaafc6,40083092,1.0,0.0,1.0,0.7361581341257489,0.0,1.0,22.28,200.0,8.976660682226212,complete,results/evalonly_300000/ppo_aug/pair3_seed0,L2noT measured later from the same saved model (eval-only sweep); A_* in this row come from that same evaluation
ppo_aug-v2-300k_pair4_L2noT_s0,2026-09-14,ppo_aug,model-free on-policy + photometric augmentation,grid_300k,0,pair4,L2noT,procthor-10k train house 286; 2 room(s); 681 reachable cells; L1 + every object's appearance changed EXCEPT the target; variant seed 1341,target=Television; target swappable at L2=yes,objectnav,"SB3 PPO defaults + photometric jitter (training only); protocol v2 (held-out start poses, pinned eval poses, static scene); 300k env steps",300000,25,10000,1eaafc6,40083092,0.96,0.48,0.5,0.7397717170768183,0.343660074665456,0.5354511848284541,25.36,114.24,4.504731861198738,complete,results/evalonly_300000/ppo_aug/pair4_seed0,L2noT measured later from the same saved model (eval-only sweep); A_* in this row come from that same evaluation
ppo_aug-v2-300k_pair0_L2noT_s1,2026-09-14,ppo_aug,model-free on-policy + photometric augmentation,grid_300k,1,pair0,L2noT,procthor-10k train house 0; 1 room(s); 380 reachable cells; L1 + every object's appearance changed EXCEPT the target; variant seed 1337,target=Fridge; target swappable at L2=yes,objectnav,"SB3 PPO defaults + photometric jitter (training only); protocol v2 (held-out start poses, pinned eval poses, static scene); 300k env steps",300000,25,10000,1eaafc6,40083092,0.96,0.48,0.5,0.7714919738542144,0.3769726925242608,0.5113718544070094,19.92,110.08,5.526104417670682,complete,results/evalonly_300000/ppo_aug/pair0_seed1,L2noT measured later from the same saved model (eval-only sweep); A_* in this row come from that same evaluation
ppo_aug-v2-300k_pair1_L2noT_s1,2026-09-14,ppo_aug,model-free on-policy + photometric augmentation,grid_300k,1,pair1,L2noT,procthor-10k train house 2; 1 room(s); 162 reachable cells; L1 + every object's appearance changed EXCEPT the target; variant seed 1338,target=Bed; target swappable at L2=yes,objectnav,"SB3 PPO defaults + photometric jitter (training only); protocol v2 (held-out start poses, pinned eval poses, static scene); 300k env steps",300000,25,10000,1eaafc6,40083092,0.88,0.24,0.7272727272727273,0.6191881279971421,0.1855707115818414,0.7002999521613923,30.76,153.24,4.981794538361508,complete,results/evalonly_300000/ppo_aug/pair1_seed1,L2noT measured later from the same saved model (eval-only sweep); A_* in this row come from that same evaluation
ppo_aug-v2-300k_pair2_L2noT_s1,2026-09-14,ppo_aug,model-free on-policy + photometric augmentation,grid_300k,1,pair2,L2noT,procthor-10k train house 250; 1 room(s); 128 reachable cells; L1 + every object's appearance changed EXCEPT the target; variant seed 1339,target=Bed; target swappable at L2=no,objectnav,"SB3 PPO defaults + photometric jitter (training only); protocol v2 (held-out start poses, pinned eval poses, static scene); 300k env steps",300000,25,10000,1eaafc6,40083092,0.96,0.8,0.1666666666666666,0.7386666576562255,0.642666658266753,0.12996389967577343,14.2,45.04,3.171830985915493,complete,results/evalonly_300000/ppo_aug/pair2_seed1,L2noT measured later from the same saved model (eval-only sweep); A_* in this row come from that same evaluation
ppo_aug-v2-300k_pair3_L2noT_s1,2026-09-14,ppo_aug,model-free on-policy + photometric augmentation,grid_300k,1,pair3,L2noT,procthor-10k train house 44; 2 room(s); 460 reachable cells; L1 + every object's appearance changed EXCEPT the target; variant seed 1340,target=Bed; target swappable at L2=yes,objectnav,"SB3 PPO defaults + photometric jitter (training only); protocol v2 (held-out start poses, pinned eval poses, static scene); 300k env steps",300000,25,10000,1eaafc6,40083092,0.8,0.32,0.6,0.6311196183499267,0.2152902315693546,0.6588757102302815,57.92,140.0,2.4171270718232045,complete,results/evalonly_300000/ppo_aug/pair3_seed1,L2noT measured later from the same saved model (eval-only sweep); A_* in this row come from that same evaluation
ppo_aug-v2-300k_pair4_L2noT_s1,2026-09-14,ppo_aug,model-free on-policy + photometric augmentation,grid_300k,1,pair4,L2noT,procthor-10k train house 286; 2 room(s); 681 reachable cells; L1 + every object's appearance changed EXCEPT the target; variant seed 1341,target=Television; target swappable at L2=yes,objectnav,"SB3 PPO defaults + photometric jitter (training only); protocol v2 (held-out start poses, pinned eval poses, static scene); 300k env steps",300000,25,10000,1eaafc6,40083092,0.84,0.48,0.42857142857142855,0.5595532391195487,0.2915040917464162,0.4790413648483298,50.64,116.48,2.3001579778830963,complete,results/evalonly_300000/ppo_aug/pair4_seed1,L2noT measured later from the same saved model (eval-only sweep); A_* in this row come from that same evaluation
ppo_aug-v2-300k_pair0_L2noT_s2,2026-09-14,ppo_aug,model-free on-policy + photometric augmentation,grid_300k,2,pair0,L2noT,procthor-10k train house 0; 1 room(s); 380 reachable cells; L1 + every object's appearance changed EXCEPT the target; variant seed 1337,target=Fridge; target swappable at L2=yes,objectnav,"SB3 PPO defaults + photometric jitter (training only); protocol v2 (held-out start poses, pinned eval poses, static scene); 300k env steps",300000,25,10000,1eaafc6,40083092,0.96,0.52,0.4583333333333333,0.7854497346909836,0.4124933791091902,0.4748316017046261,17.72,100.48,5.670428893905193,complete,results/evalonly_300000/ppo_aug/pair0_seed2,L2noT measured later from the same saved model (eval-only sweep); A_* in this row come from that same evaluation
ppo_aug-v2-300k_pair1_L2noT_s2,2026-09-14,ppo_aug,model-free on-policy + photometric augmentation,grid_300k,2,pair1,L2noT,procthor-10k train house 2; 1 room(s); 162 reachable cells; L1 + every object's appearance changed EXCEPT the target; variant seed 1338,target=Bed; target swappable at L2=yes,objectnav,"SB3 PPO defaults + photometric jitter (training only); protocol v2 (held-out start poses, pinned eval poses, static scene); 300k env steps",300000,25,10000,1eaafc6,40083092,1.0,0.28,0.72,0.7192518991474828,0.1877777737679032,0.7389262732702229,9.84,146.56,14.894308943089431,complete,results/evalonly_300000/ppo_aug/pair1_seed2,L2noT measured later from the same saved model (eval-only sweep); A_* in this row come from that same evaluation
ppo_aug-v2-300k_pair2_L2noT_s2,2026-09-14,ppo_aug,model-free on-policy + photometric augmentation,grid_300k,2,pair2,L2noT,procthor-10k train house 250; 1 room(s); 128 reachable cells; L1 + every object's appearance changed EXCEPT the target; variant seed 1339,target=Bed; target swappable at L2=no,objectnav,"SB3 PPO defaults + photometric jitter (training only); protocol v2 (held-out start poses, pinned eval poses, static scene); 300k env steps",300000,25,10000,1eaafc6,40083092,1.0,0.92,0.07999999999999996,0.7786666613691564,0.7319999926626918,0.059931509876651225,9.68,24.68,2.549586776859504,complete,results/evalonly_300000/ppo_aug/pair2_seed2,L2noT measured later from the same saved model (eval-only sweep); A_* in this row come from that same evaluation
ppo_aug-v2-300k_pair3_L2noT_s2,2026-09-14,ppo_aug,model-free on-policy + photometric augmentation,grid_300k,2,pair3,L2noT,procthor-10k train house 44; 2 room(s); 460 reachable cells; L1 + every object's appearance changed EXCEPT the target; variant seed 1340,target=Bed; target swappable at L2=yes,objectnav,"SB3 PPO defaults + photometric jitter (training only); protocol v2 (held-out start poses, pinned eval poses, static scene); 300k env steps",300000,25,10000,1eaafc6,40083092,0.96,0.0,1.0,0.7333875511509695,0.0,1.0,26.56,200.0,7.530120481927711,complete,results/evalonly_300000/ppo_aug/pair3_seed2,L2noT measured later from the same saved model (eval-only sweep); A_* in this row come from that same evaluation
ppo_aug-v2-300k_pair4_L2noT_s2,2026-09-14,ppo_aug,model-free on-policy + photometric augmentation,grid_300k,2,pair4,L2noT,procthor-10k train house 286; 2 room(s); 681 reachable cells; L1 + every object's appearance changed EXCEPT the target; variant seed 1341,target=Television; target swappable at L2=yes,objectnav,"SB3 PPO defaults + photometric jitter (training only); protocol v2 (held-out start poses, pinned eval poses, static scene); 300k env steps",300000,25,10000,1eaafc6,40083092,1.0,0.0,1.0,0.7449029704844543,0.0,1.0,23.28,200.0,8.59106529209622,complete,results/evalonly_300000/ppo_aug/pair4_seed2,L2noT measured later from the same saved model (eval-only sweep); A_* in this row come from that same evaluation
ppo_aug-v2-300k_pair0_L2noT_s3,2026-09-14,ppo_aug,model-free on-policy + photometric augmentation,grid_300k,3,pair0,L2noT,procthor-10k train house 0; 1 room(s); 380 reachable cells; L1 + every object's appearance changed EXCEPT the target; variant seed 1337,target=Fridge; target swappable at L2=yes,objectnav,"SB3 PPO defaults + photometric jitter (training only); protocol v2 (held-out start poses, pinned eval poses, static scene); 300k env steps",300000,25,10000,1eaafc6,40083092,0.92,0.32,0.6521739130434784,0.7367516635088626,0.2726378427407653,0.6299460778380914,27.44,139.24,5.074344023323615,complete,results/evalonly_300000/ppo_aug/pair0_seed3,L2noT measured later from the same saved model (eval-only sweep); A_* in this row come from that same evaluation
ppo_aug-v2-300k_pair1_L2noT_s3,2026-09-14,ppo_aug,model-free on-policy + photometric augmentation,grid_300k,3,pair1,L2noT,procthor-10k train house 2; 1 room(s); 162 reachable cells; L1 + every object's appearance changed EXCEPT the target; variant seed 1338,target=Bed; target swappable at L2=yes,objectnav,"SB3 PPO defaults + photometric jitter (training only); protocol v2 (held-out start poses, pinned eval poses, static scene); 300k env steps",300000,25,10000,1eaafc6,40083092,1.0,0.68,0.31999999999999995,0.7172519009027328,0.5734285745463255,0.20051996540600509,9.28,69.44,7.482758620689656,complete,results/evalonly_300000/ppo_aug/pair1_seed3,L2noT measured later from the same saved model (eval-only sweep); A_* in this row come from that same evaluation
ppo_aug-v2-300k_pair2_L2noT_s3,2026-09-14,ppo_aug,model-free on-policy + photometric augmentation,grid_300k,3,pair2,L2noT,procthor-10k train house 250; 1 room(s); 128 reachable cells; L1 + every object's appearance changed EXCEPT the target; variant seed 1339,target=Bed; target swappable at L2=no,objectnav,"SB3 PPO defaults + photometric jitter (training only); protocol v2 (held-out start poses, pinned eval poses, static scene); 300k env steps",300000,25,10000,1eaafc6,40083092,1.0,0.88,0.12,0.7767618995993741,0.6567618995993741,0.15448749489630179,7.44,30.52,4.102150537634408,complete,results/evalonly_300000/ppo_aug/pair2_seed3,L2noT measured later from the same saved model (eval-only sweep); A_* in this row come from that same evaluation
ppo_aug-v2-300k_pair3_L2noT_s3,2026-09-14,ppo_aug,model-free on-policy + photometric augmentation,grid_300k,3,pair3,L2noT,procthor-10k train house 44; 2 room(s); 460 reachable cells; L1 + every object's appearance changed EXCEPT the target; variant seed 1340,target=Bed; target swappable at L2=yes,objectnav,"SB3 PPO defaults + photometric jitter (training only); protocol v2 (held-out start poses, pinned eval poses, static scene); 300k env steps",300000,25,10000,1eaafc6,40083092,0.96,0.44,0.5416666666666667,0.7325983129377324,0.2851916388130093,0.6107121272646866,28.68,119.68,4.172942817294282,complete,results/evalonly_300000/ppo_aug/pair3_seed3,L2noT measured later from the same saved model (eval-only sweep); A_* in this row come from that same evaluation
ppo_aug-v2-300k_pair4_L2noT_s3,2026-09-14,ppo_aug,model-free on-policy + photometric augmentation,grid_300k,3,pair4,L2noT,procthor-10k train house 286; 2 room(s); 681 reachable cells; L1 + every object's appearance changed EXCEPT the target; variant seed 1341,target=Television; target swappable at L2=yes,objectnav,"SB3 PPO defaults + photometric jitter (training only); protocol v2 (held-out start poses, pinned eval poses, static scene); 300k env steps",300000,25,10000,1eaafc6,40083092,0.84,0.28,0.6666666666666666,0.5137866754545286,0.1871987605278052,0.6356488607607482,50.88,150.68,2.9614779874213837,complete,results/evalonly_300000/ppo_aug/pair4_seed3,L2noT measured later from the same saved model (eval-only sweep); A_* in this row come from that same evaluation
ppo_aug-v2-300k_pair0_L2noT_s4,2026-09-14,ppo_aug,model-free on-policy + photometric augmentation,grid_300k,4,pair0,L2noT,procthor-10k train house 0; 1 room(s); 380 reachable cells; L1 + every object's appearance changed EXCEPT the target; variant seed 1337,target=Fridge; target swappable at L2=yes,objectnav,"SB3 PPO defaults + photometric jitter (training only); protocol v2 (held-out start poses, pinned eval poses, static scene); 300k env steps",300000,25,10000,1eaafc6,40083092,0.84,0.76,0.09523809523809519,0.6875074572175598,0.6078701751885182,0.11583479014372441,41.0,56.76,1.384390243902439,complete,results/evalonly_300000/ppo_aug/pair0_seed4,L2noT measured later from the same saved model (eval-only sweep); A_* in this row come from that same evaluation
ppo_aug-v2-300k_pair1_L2noT_s4,2026-09-14,ppo_aug,model-free on-policy + photometric augmentation,grid_300k,4,pair1,L2noT,procthor-10k train house 2; 1 room(s); 162 reachable cells; L1 + every object's appearance changed EXCEPT the target; variant seed 1338,target=Bed; target swappable at L2=yes,objectnav,"SB3 PPO defaults + photometric jitter (training only); protocol v2 (held-out start poses, pinned eval poses, static scene); 300k env steps",300000,25,10000,1eaafc6,40083092,0.88,0.84,0.0454545454545455,0.6602272584717092,0.612391116215447,0.07245405523999883,30.72,42.32,1.3776041666666667,complete,results/evalonly_300000/ppo_aug/pair1_seed4,L2noT measured later from the same saved model (eval-only sweep); A_* in this row come from that same evaluation
ppo_aug-v2-300k_pair2_L2noT_s4,2026-09-14,ppo_aug,model-free on-policy + photometric augmentation,grid_300k,4,pair2,L2noT,procthor-10k train house 250; 1 room(s); 128 reachable cells; L1 + every object's appearance changed EXCEPT the target; variant seed 1339,target=Bed; target swappable at L2=no,objectnav,"SB3 PPO defaults + photometric jitter (training only); protocol v2 (held-out start poses, pinned eval poses, static scene); 300k env steps",300000,25,10000,1eaafc6,40083092,0.92,0.76,0.1739130434782609,0.7003333262586372,0.6069999971047698,0.1332698668682216,24.56,55.04,2.241042345276873,complete,results/evalonly_300000/ppo_aug/pair2_seed4,L2noT measured later from the same saved model (eval-only sweep); A_* in this row come from that same evaluation
ppo_aug-v2-300k_pair3_L2noT_s4,2026-09-14,ppo_aug,model-free on-policy + photometric augmentation,grid_300k,4,pair3,L2noT,procthor-10k train house 44; 2 room(s); 460 reachable cells; L1 + every object's appearance changed EXCEPT the target; variant seed 1340,target=Bed; target swappable at L2=yes,objectnav,"SB3 PPO defaults + photometric jitter (training only); protocol v2 (held-out start poses, pinned eval poses, static scene); 300k env steps",300000,25,10000,1eaafc6,40083092,0.96,0.24,0.75,0.7346029872798645,0.1405223343628274,0.8087098244955923,27.76,156.0,5.619596541786743,complete,results/evalonly_300000/ppo_aug/pair3_seed4,L2noT measured later from the same saved model (eval-only sweep); A_* in this row come from that same evaluation
ppo_aug-v2-300k_pair4_L2noT_s4,2026-09-14,ppo_aug,model-free on-policy + photometric augmentation,grid_300k,4,pair4,L2noT,procthor-10k train house 286; 2 room(s); 681 reachable cells; L1 + every object's appearance changed EXCEPT the target; variant seed 1341,target=Television; target swappable at L2=yes,objectnav,"SB3 PPO defaults + photometric jitter (training only); protocol v2 (held-out start poses, pinned eval poses, static scene); 300k env steps",300000,25,10000,1eaafc6,40083092,0.96,0.0,1.0,0.7327303753345589,0.0,1.0,27.16,200.0,7.363770250368188,complete,results/evalonly_300000/ppo_aug/pair4_seed4,L2noT measured later from the same saved model (eval-only sweep); A_* in this row come from that same evaluation
tdmpc2-v2-300k_pair0_L2noT_s0,2026-09-14,tdmpc2,decoder-free latent world model + planner,grid_300k,0,pair0,L2noT,procthor-10k train house 0; 1 room(s); 380 reachable cells; L1 + every object's appearance changed EXCEPT the target; variant seed 1337,target=Fridge; target swappable at L2=yes,objectnav,"TD-MPC2 upstream defaults; protocol v2 (held-out start poses, pinned eval poses, static scene); 300k env steps",300000,25,10000,1eaafc6,40083094,1.0,0.92,0.07999999999999996,0.8200849861993492,0.6316512161952571,0.22977346637862597,12.48,51.24,4.105769230769231,complete,results/evalonly_300000/tdmpc2/pair0_seed0,L2noT measured later from the same saved model (eval-only sweep); A_* in this row come from that same evaluation
tdmpc2-v2-300k_pair1_L2noT_s0,2026-09-14,tdmpc2,decoder-free latent world model + planner,grid_300k,0,pair1,L2noT,procthor-10k train house 2; 1 room(s); 162 reachable cells; L1 + every object's appearance changed EXCEPT the target; variant seed 1338,target=Bed; target swappable at L2=yes,objectnav,"TD-MPC2 upstream defaults; protocol v2 (held-out start poses, pinned eval poses, static scene); 300k env steps",300000,25,10000,1eaafc6,40083094,1.0,0.88,0.12,0.712366363662596,0.6522699569203877,0.08436165687726414,8.16,77.16,9.455882352941176,complete,results/evalonly_300000/tdmpc2/pair1_seed0,L2noT measured later from the same saved model (eval-only sweep); A_* in this row come from that same evaluation
tdmpc2-v2-300k_pair3_L2noT_s0,2026-09-14,tdmpc2,decoder-free latent world model + planner,grid_300k,0,pair3,L2noT,procthor-10k train house 44; 2 room(s); 460 reachable cells; L1 + every object's appearance changed EXCEPT the target; variant seed 1340,target=Bed; target swappable at L2=yes,objectnav,"TD-MPC2 upstream defaults; protocol v2 (held-out start poses, pinned eval poses, static scene); 300k env steps",300000,25,10000,1eaafc6,40083094,0.96,0.28,0.7083333333333333,0.721429334706875,0.2071764661844773,0.7128250041722306,31.52,161.64,5.128172588832487,complete,results/evalonly_300000/tdmpc2/pair3_seed0,L2noT measured later from the same saved model (eval-only sweep); A_* in this row come from that same evaluation
tdmpc2-v2-300k_pair4_L1_s0,2026-09-14,tdmpc2,decoder-free latent world model + planner,grid_300k,0,pair4,L1,procthor-10k train house 286; 2 room(s); 681 reachable cells; wall/floor materials + lighting + skybox changed; variant seed 1341,target=Television; target swappable at L2=yes,objectnav,"TD-MPC2 upstream defaults; protocol v2 (held-out start poses, pinned eval poses, static scene); 300k env steps",300000,25,10000,3e4cede,40063012_20,1.0,0.76,0.24,0.7859320890502169,0.408820477569109,0.4798272226508014,22.36,102.24,4.572450805008945,complete,results/grid_300000/tdmpc2/pair4_seed0,first attempt 39720498_20 hit a CUDA illegal-memory fault
tdmpc2-v2-300k_pair4_L2_s0,2026-09-14,tdmpc2,decoder-free latent world model + planner,grid_300k,0,pair4,L2,"procthor-10k train house 286; 2 room(s); 681 reachable cells; L1 + every object's appearance changed, target included when swappable; variant seed 1341",target=Television; target swappable at L2=yes,objectnav,"TD-MPC2 upstream defaults; protocol v2 (held-out start poses, pinned eval poses, static scene); 300k env steps",300000,25,10000,3e4cede,40063012_20,1.0,0.48,0.52,0.7859320890502169,0.2275535941208994,0.7104665946444644,22.36,141.8,6.341681574239715,complete,results/grid_300000/tdmpc2/pair4_seed0,first attempt 39720498_20 hit a CUDA illegal-memory fault
tdmpc2-v2-300k_pair4_L3_s0,2026-09-14,tdmpc2,decoder-free latent world model + planner,grid_300k,0,pair4,L3,procthor-10k train house 286; 2 room(s); 681 reachable cells; L2 + 8 distractor objects; variant seed 1341,target=Television; target swappable at L2=yes,objectnav,"TD-MPC2 upstream defaults; protocol v2 (held-out start poses, pinned eval poses, static scene); 300k env steps",300000,25,10000,3e4cede,40063012_20,1.0,0.4,0.6,0.7859320890502169,0.1855925569629456,0.763856751049279,22.36,146.76,6.563506261180679,complete,results/grid_300000/tdmpc2/pair4_seed0,first attempt 39720498_20 hit a CUDA illegal-memory fault
tdmpc2-v2-300k_pair4_L2noT_s0,2026-09-14,tdmpc2,decoder-free latent world model + planner,grid_300k,0,pair4,L2noT,procthor-10k train house 286; 2 room(s); 681 reachable cells; L1 + every object's appearance changed EXCEPT the target; variant seed 1341,target=Television; target swappable at L2=yes,objectnav,"TD-MPC2 upstream defaults; protocol v2 (held-out start poses, pinned eval poses, static scene); 300k env steps",300000,25,10000,1eaafc6,40083094,1.0,0.56,0.43999999999999995,0.7725233042211918,0.2461933065456756,0.6813127769732825,22.32,137.64,6.166666666666666,complete,results/evalonly_300000/tdmpc2/pair4_seed0,first attempt 39720498_20 hit a CUDA illegal-memory fault; L2noT measured later from the same saved model (eval-only sweep); A_* in this row come from that same evaluation
tdmpc2-v2-300k_pair0_L2noT_s1,2026-09-14,tdmpc2,decoder-free latent world model + planner,grid_300k,1,pair0,L2noT,procthor-10k train house 0; 1 room(s); 380 reachable cells; L1 + every object's appearance changed EXCEPT the target; variant seed 1337,target=Fridge; target swappable at L2=yes,objectnav,"TD-MPC2 upstream defaults; protocol v2 (held-out start poses, pinned eval poses, static scene); 300k env steps",300000,25,10000,1eaafc6,40083094,1.0,0.84,0.16000000000000003,0.8157608003675614,0.6325724816849501,0.22456131576814092,11.84,60.04,5.070945945945946,complete,results/evalonly_300000/tdmpc2/pair0_seed1,L2noT measured later from the same saved model (eval-only sweep); A_* in this row come from that same evaluation
tdmpc2-v2-300k_pair1_L2noT_s1,2026-09-14,tdmpc2,decoder-free latent world model + planner,grid_300k,1,pair1,L2noT,procthor-10k train house 2; 1 room(s); 162 reachable cells; L1 + every object's appearance changed EXCEPT the target; variant seed 1338,target=Bed; target swappable at L2=yes,objectnav,"TD-MPC2 upstream defaults; protocol v2 (held-out start poses, pinned eval poses, static scene); 300k env steps",300000,25,10000,1eaafc6,40083094,1.0,0.64,0.36,0.7182519818812318,0.516735929394476,0.28056456170012767,8.4,99.6,11.857142857142856,complete,results/evalonly_300000/tdmpc2/pair1_seed1,L2noT measured later from the same saved model (eval-only sweep); A_* in this row come from that same evaluation
tdmpc2-v2-300k_pair2_L2noT_s1,2026-09-14,tdmpc2,decoder-free latent world model + planner,grid_300k,1,pair2,L2noT,procthor-10k train house 250; 1 room(s); 128 reachable cells; L1 + every object's appearance changed EXCEPT the target; variant seed 1339,target=Bed; target swappable at L2=no,objectnav,"TD-MPC2 upstream defaults; protocol v2 (held-out start poses, pinned eval poses, static scene); 300k env steps",300000,25,10000,1eaafc6,40083094,1.0,0.96,0.040000000000000036,0.7767618982164859,0.7258108144151713,0.06559421093941764,9.96,48.36,4.855421686746987,complete,results/evalonly_300000/tdmpc2/pair2_seed1,L2noT measured later from the same saved model (eval-only sweep); A_* in this row come from that same evaluation
tdmpc2-v2-300k_pair3_L1_s1,2026-09-14,tdmpc2,decoder-free latent world model + planner,grid_300k,1,pair3,L1,procthor-10k train house 44; 2 room(s); 460 reachable cells; wall/floor materials + lighting + skybox changed; variant seed 1340,target=Bed; target swappable at L2=yes,objectnav,"TD-MPC2 upstream defaults; protocol v2 (held-out start poses, pinned eval poses, static scene); 300k env steps",300000,25,10000,973687d,40086264_16,1.0,0.44,0.56,0.7597619634159122,0.3077892621357925,0.594887245010315,26.32,147.32,5.59726443768997,complete,results/grid_300000/tdmpc2/pair3_seed1,"earlier attempts 39720498_16 (CUDA fault), 40063012_16 and 40083026 (truncated checkpoint) failed; scratch cleared before this run"
tdmpc2-v2-300k_pair3_L2_s1,2026-09-14,tdmpc2,decoder-free latent world model + planner,grid_300k,1,pair3,L2,"procthor-10k train house 44; 2 room(s); 460 reachable cells; L1 + every object's appearance changed, target included when swappable; variant seed 1340",target=Bed; target swappable at L2=yes,objectnav,"TD-MPC2 upstream defaults; protocol v2 (held-out start poses, pinned eval poses, static scene); 300k env steps",300000,25,10000,973687d,40086264_16,1.0,0.32,0.6799999999999999,0.7597619634159122,0.2664615349687814,0.6492828704259391,26.32,161.92,6.151975683890577,complete,results/grid_300000/tdmpc2/pair3_seed1,"earlier attempts 39720498_16 (CUDA fault), 40063012_16 and 40083026 (truncated checkpoint) failed; scratch cleared before this run"
tdmpc2-v2-300k_pair3_L3_s1,2026-09-14,tdmpc2,decoder-free latent world model + planner,grid_300k,1,pair3,L3,procthor-10k train house 44; 2 room(s); 460 reachable cells; L2 + 8 distractor objects; variant seed 1340,target=Bed; target swappable at L2=yes,objectnav,"TD-MPC2 upstream defaults; protocol v2 (held-out start poses, pinned eval poses, static scene); 300k env steps",300000,25,10000,973687d,40086264_16,1.0,0.4,0.6,0.7597619634159122,0.3071077605058303,0.5957842386251284,26.32,157.2,5.972644376899695,complete,results/grid_300000/tdmpc2/pair3_seed1,"earlier attempts 39720498_16 (CUDA fault), 40063012_16 and 40083026 (truncated checkpoint) failed; scratch cleared before this run"
tdmpc2-v2-300k_pair3_L2noT_s1,2026-09-14,tdmpc2,decoder-free latent world model + planner,grid_300k,1,pair3,L2noT,procthor-10k train house 44; 2 room(s); 460 reachable cells; L1 + every object's appearance changed EXCEPT the target; variant seed 1340,target=Bed; target swappable at L2=yes,objectnav,"TD-MPC2 upstream defaults; protocol v2 (held-out start poses, pinned eval poses, static scene); 300k env steps",300000,25,10000,973687d,40086264_16,1.0,0.16,0.84,0.7597619634159122,0.16,0.7894077254399058,26.32,174.04,6.612462006079027,complete,results/grid_300000/tdmpc2/pair3_seed1,"earlier attempts 39720498_16 (CUDA fault), 40063012_16 and 40083026 (truncated checkpoint) failed; scratch cleared before this run; L2noT measured in the run's own evaluation"
tdmpc2-v2-300k_pair4_L2noT_s1,2026-09-14,tdmpc2,decoder-free latent world model + planner,grid_300k,1,pair4,L2noT,procthor-10k train house 286; 2 room(s); 681 reachable cells; L1 + every object's appearance changed EXCEPT the target; variant seed 1341,target=Television; target swappable at L2=yes,objectnav,"TD-MPC2 upstream defaults; protocol v2 (held-out start poses, pinned eval poses, static scene); 300k env steps",300000,25,10000,1eaafc6,40083094,1.0,0.6,0.4,0.7497250034365454,0.3498659212097152,0.5333409988915664,19.76,133.68,6.765182186234818,complete,results/evalonly_300000/tdmpc2/pair4_seed1,L2noT measured later from the same saved model (eval-only sweep); A_* in this row come from that same evaluation
tdmpc2-v2-300k_pair0_L2noT_s2,2026-09-14,tdmpc2,decoder-free latent world model + planner,grid_300k,2,pair0,L2noT,procthor-10k train house 0; 1 room(s); 380 reachable cells; L1 + every object's appearance changed EXCEPT the target; variant seed 1337,target=Fridge; target swappable at L2=yes,objectnav,"TD-MPC2 upstream defaults; protocol v2 (held-out start poses, pinned eval poses, static scene); 300k env steps",300000,25,10000,1eaafc6,40083094,1.0,0.96,0.040000000000000036,0.816275486271998,0.7081182634614419,0.1325008831326292,11.28,34.8,3.0851063829787235,complete,results/evalonly_300000/tdmpc2/pair0_seed2,L2noT measured later from the same saved model (eval-only sweep); A_* in this row come from that same evaluation
tdmpc2-v2-300k_pair1_L2noT_s2,2026-09-14,tdmpc2,decoder-free latent world model + planner,grid_300k,2,pair1,L2noT,procthor-10k train house 2; 1 room(s); 162 reachable cells; L1 + every object's appearance changed EXCEPT the target; variant seed 1338,target=Bed; target swappable at L2=yes,objectnav,"TD-MPC2 upstream defaults; protocol v2 (held-out start poses, pinned eval poses, static scene); 300k env steps",300000,25,10000,1eaafc6,40083094,1.0,0.88,0.12,0.7156805501348148,0.6134762854422148,0.14280710111983275,8.04,55.2,6.865671641791046,complete,results/evalonly_300000/tdmpc2/pair1_seed2,L2noT measured later from the same saved model (eval-only sweep); A_* in this row come from that same evaluation
tdmpc2-v2-300k_pair2_L2noT_s2,2026-09-14,tdmpc2,decoder-free latent world model + planner,grid_300k,2,pair2,L2noT,procthor-10k train house 250; 1 room(s); 128 reachable cells; L1 + every object's appearance changed EXCEPT the target; variant seed 1339,target=Bed; target swappable at L2=no,objectnav,"TD-MPC2 upstream defaults; protocol v2 (held-out start poses, pinned eval poses, static scene); 300k env steps",300000,25,10000,1eaafc6,40083094,1.0,0.92,0.07999999999999996,0.7780476102841454,0.6954285651383512,0.10618764720017775,14.72,59.44,4.038043478260869,complete,results/evalonly_300000/tdmpc2/pair2_seed2,L2noT measured later from the same saved model (eval-only sweep); A_* in this row come from that same evaluation
tdmpc2-v2-300k_pair3_L2noT_s2,2026-09-14,tdmpc2,decoder-free latent world model + planner,grid_300k,2,pair3,L2noT,procthor-10k train house 44; 2 room(s); 460 reachable cells; L1 + every object's appearance changed EXCEPT the target; variant seed 1340,target=Bed; target swappable at L2=yes,objectnav,"TD-MPC2 upstream defaults; protocol v2 (held-out start poses, pinned eval poses, static scene); 300k env steps",300000,25,10000,1eaafc6,40083094,1.0,0.12,0.88,0.7540612205488977,0.12,0.8408617274965429,28.64,188.08,6.567039106145252,complete,results/evalonly_300000/tdmpc2/pair3_seed2,L2noT measured later from the same saved model (eval-only sweep); A_* in this row come from that same evaluation
tdmpc2-v2-300k_pair4_L2noT_s2,2026-09-14,tdmpc2,decoder-free latent world model + planner,grid_300k,2,pair4,L2noT,procthor-10k train house 286; 2 room(s); 681 reachable cells; L1 + every object's appearance changed EXCEPT the target; variant seed 1341,target=Television; target swappable at L2=yes,objectnav,"TD-MPC2 upstream defaults; protocol v2 (held-out start poses, pinned eval poses, static scene); 300k env steps",300000,25,10000,1eaafc6,40083094,0.96,0.12,0.875,0.7727845255883438,0.1026622724760972,0.8671527844091633,26.84,180.76,6.734724292101341,complete,results/evalonly_300000/tdmpc2/pair4_seed2,L2noT measured later from the same saved model (eval-only sweep); A_* in this row come from that same evaluation
tdmpc2-v2-300k_pair0_L1_s3,2026-09-14,tdmpc2,decoder-free latent world model + planner,grid_300k,3,pair0,L1,procthor-10k train house 0; 1 room(s); 380 reachable cells; wall/floor materials + lighting + skybox changed; variant seed 1337,target=Fridge; target swappable at L2=yes,objectnav,"TD-MPC2 upstream defaults; protocol v2 (held-out start poses, pinned eval poses, static scene); 300k env steps",300000,25,10000,3e4cede,40063012_3,1.0,0.84,0.16000000000000003,0.8160216616561392,0.5559641813226975,0.31868943258889426,12.56,66.12,5.264331210191083,complete,results/grid_300000/tdmpc2/pair0_seed3,first attempt 39720498_3 hit a CUDA illegal-memory fault
tdmpc2-v2-300k_pair0_L2_s3,2026-09-14,tdmpc2,decoder-free latent world model + planner,grid_300k,3,pair0,L2,"procthor-10k train house 0; 1 room(s); 380 reachable cells; L1 + every object's appearance changed, target included when swappable; variant seed 1337",target=Fridge; target swappable at L2=yes,objectnav,"TD-MPC2 upstream defaults; protocol v2 (held-out start poses, pinned eval poses, static scene); 300k env steps",300000,25,10000,3e4cede,40063012_3,1.0,0.52,0.48,0.8160216616561392,0.3876028583683672,0.5250091062757867,12.56,118.92,9.468152866242038,complete,results/grid_300000/tdmpc2/pair0_seed3,first attempt 39720498_3 hit a CUDA illegal-memory fault
tdmpc2-v2-300k_pair0_L3_s3,2026-09-14,tdmpc2,decoder-free latent world model + planner,grid_300k,3,pair0,L3,procthor-10k train house 0; 1 room(s); 380 reachable cells; L2 + 4 distractor objects; variant seed 1337,target=Fridge; target swappable at L2=yes,objectnav,"TD-MPC2 upstream defaults; protocol v2 (held-out start poses, pinned eval poses, static scene); 300k env steps",300000,25,10000,3e4cede,40063012_3,1.0,0.6,0.4,0.8160216616561392,0.3972843676613979,0.5131448265048528,12.56,116.36,9.264331210191083,complete,results/grid_300000/tdmpc2/pair0_seed3,first attempt 39720498_3 hit a CUDA illegal-memory fault
tdmpc2-v2-300k_pair0_L2noT_s3,2026-09-14,tdmpc2,decoder-free latent world model + planner,grid_300k,3,pair0,L2noT,procthor-10k train house 0; 1 room(s); 380 reachable cells; L1 + every object's appearance changed EXCEPT the target; variant seed 1337,target=Fridge; target swappable at L2=yes,objectnav,"TD-MPC2 upstream defaults; protocol v2 (held-out start poses, pinned eval poses, static scene); 300k env steps",300000,25,10000,1eaafc6,40083094,1.0,0.88,0.12,0.8160216480590949,0.6178271039068569,0.24287902731948738,12.8,66.52,5.1968749999999995,complete,results/evalonly_300000/tdmpc2/pair0_seed3,first attempt 39720498_3 hit a CUDA illegal-memory fault; L2noT measured later from the same saved model (eval-only sweep); A_* in this row come from that same evaluation
tdmpc2-v2-300k_pair1_L2noT_s3,2026-09-14,tdmpc2,decoder-free latent world model + planner,grid_300k,3,pair1,L2noT,procthor-10k train house 2; 1 room(s); 162 reachable cells; L1 + every object's appearance changed EXCEPT the target; variant seed 1338,target=Bed; target swappable at L2=yes,objectnav,"TD-MPC2 upstream defaults; protocol v2 (held-out start poses, pinned eval poses, static scene); 300k env steps",300000,25,10000,1eaafc6,40083094,1.0,0.36,0.64,0.7153662953394666,0.36,0.49676130627713283,8.68,155.16,17.87557603686636,complete,results/evalonly_300000/tdmpc2/pair1_seed3,L2noT measured later from the same saved model (eval-only sweep); A_* in this row come from that same evaluation
tdmpc2-v2-300k_pair2_L2noT_s3,2026-09-14,tdmpc2,decoder-free latent world model + planner,grid_300k,3,pair2,L2noT,procthor-10k train house 250; 1 room(s); 128 reachable cells; L1 + every object's appearance changed EXCEPT the target; variant seed 1339,target=Bed; target swappable at L2=no,objectnav,"TD-MPC2 upstream defaults; protocol v2 (held-out start poses, pinned eval poses, static scene); 300k env steps",300000,25,10000,1eaafc6,40083094,1.0,0.96,0.040000000000000036,0.779380943977308,0.7337618989976604,0.05853241002640648,10.76,31.32,2.9107806691449816,complete,results/evalonly_300000/tdmpc2/pair2_seed3,L2noT measured later from the same saved model (eval-only sweep); A_* in this row come from that same evaluation
tdmpc2-v2-300k_pair3_L2noT_s3,2026-09-14,tdmpc2,decoder-free latent world model + planner,grid_300k,3,pair3,L2noT,procthor-10k train house 44; 2 room(s); 460 reachable cells; L1 + every object's appearance changed EXCEPT the target; variant seed 1340,target=Bed; target swappable at L2=yes,objectnav,"TD-MPC2 upstream defaults; protocol v2 (held-out start poses, pinned eval poses, static scene); 300k env steps",300000,25,10000,1eaafc6,40083094,0.96,0.12,0.875,0.7257176379231935,0.0705882265859398,0.9027332079347774,38.56,187.08,4.851659751037344,complete,results/evalonly_300000/tdmpc2/pair3_seed3,L2noT measured later from the same saved model (eval-only sweep); A_* in this row come from that same evaluation
tdmpc2-v2-300k_pair4_L2noT_s3,2026-09-14,tdmpc2,decoder-free latent world model + planner,grid_300k,3,pair4,L2noT,procthor-10k train house 286; 2 room(s); 681 reachable cells; L1 + every object's appearance changed EXCEPT the target; variant seed 1341,target=Television; target swappable at L2=yes,objectnav,"TD-MPC2 upstream defaults; protocol v2 (held-out start poses, pinned eval poses, static scene); 300k env steps",300000,25,10000,1eaafc6,40083094,1.0,0.48,0.52,0.7861390502133986,0.2853678941235888,0.6370007391871384,19.68,140.76,7.152439024390244,complete,results/evalonly_300000/tdmpc2/pair4_seed3,L2noT measured later from the same saved model (eval-only sweep); A_* in this row come from that same evaluation
tdmpc2-v2-300k_pair0_L2noT_s4,2026-09-14,tdmpc2,decoder-free latent world model + planner,grid_300k,4,pair0,L2noT,procthor-10k train house 0; 1 room(s); 380 reachable cells; L1 + every object's appearance changed EXCEPT the target; variant seed 1337,target=Fridge; target swappable at L2=yes,objectnav,"TD-MPC2 upstream defaults; protocol v2 (held-out start poses, pinned eval poses, static scene); 300k env steps",300000,25,10000,1eaafc6,40083094,0.96,0.72,0.25,0.7824326486089039,0.4781704933447295,0.3888668958345816,20.04,94.92,4.736526946107785,complete,results/evalonly_300000/tdmpc2/pair0_seed4,L2noT measured later from the same saved model (eval-only sweep); A_* in this row come from that same evaluation
tdmpc2-v2-300k_pair1_L2noT_s4,2026-09-14,tdmpc2,decoder-free latent world model + planner,grid_300k,4,pair1,L2noT,procthor-10k train house 2; 1 room(s); 162 reachable cells; L1 + every object's appearance changed EXCEPT the target; variant seed 1338,target=Bed; target swappable at L2=yes,objectnav,"TD-MPC2 upstream defaults; protocol v2 (held-out start poses, pinned eval poses, static scene); 300k env steps",300000,25,10000,1eaafc6,40083094,1.0,0.48,0.52,0.7143947573633115,0.3828111494101622,0.46414619443311456,11.08,133.48,12.046931407942237,complete,results/evalonly_300000/tdmpc2/pair1_seed4,L2noT measured later from the same saved model (eval-only sweep); A_* in this row come from that same evaluation
tdmpc2-v2-300k_pair2_L2noT_s4,2026-09-14,tdmpc2,decoder-free latent world model + planner,grid_300k,4,pair2,L2noT,procthor-10k train house 250; 1 room(s); 128 reachable cells; L1 + every object's appearance changed EXCEPT the target; variant seed 1339,target=Bed; target swappable at L2=no,objectnav,"TD-MPC2 upstream defaults; protocol v2 (held-out start poses, pinned eval poses, static scene); 300k env steps",300000,25,10000,1eaafc6,40083094,1.0,1.0,0.0,0.778666658486998,0.7682857132927896,0.013331693454525562,9.6,29.16,3.0375,complete,results/evalonly_300000/tdmpc2/pair2_seed4,L2noT measured later from the same saved model (eval-only sweep); A_* in this row come from that same evaluation
tdmpc2-v2-300k_pair3_L2noT_s4,2026-09-14,tdmpc2,decoder-free latent world model + planner,grid_300k,4,pair3,L2noT,procthor-10k train house 44; 2 room(s); 460 reachable cells; L1 + every object's appearance changed EXCEPT the target; variant seed 1340,target=Bed; target swappable at L2=yes,objectnav,"TD-MPC2 upstream defaults; protocol v2 (held-out start poses, pinned eval poses, static scene); 300k env steps",300000,25,10000,1eaafc6,40083094,0.96,0.04,0.9583333333333333,0.7169271642621026,0.04,0.9442063266759183,29.92,194.84,6.512032085561497,complete,results/evalonly_300000/tdmpc2/pair3_seed4,L2noT measured later from the same saved model (eval-only sweep); A_* in this row come from that same evaluation
tdmpc2-v2-300k_pair4_L2noT_s4,2026-09-14,tdmpc2,decoder-free latent world model + planner,grid_300k,4,pair4,L2noT,procthor-10k train house 286; 2 room(s); 681 reachable cells; L1 + every object's appearance changed EXCEPT the target; variant seed 1341,target=Television; target swappable at L2=yes,objectnav,"TD-MPC2 upstream defaults; protocol v2 (held-out start poses, pinned eval poses, static scene); 300k env steps",300000,25,10000,1eaafc6,40083094,1.0,0.04,0.96,0.808108194309323,0.0057142857913413,0.9929288109790482,20.6,193.48,9.392233009708736,complete,results/evalonly_300000/tdmpc2/pair4_seed4,L2noT measured later from the same saved model (eval-only sweep); A_* in this row come from that same evaluation
tdmpc2-v2-300k_pair2_L1_s0_rerun,2026-09-14,tdmpc2,decoder-free latent world model + planner,rerun_300k,0,pair2,L1,procthor-10k train house 250; 1 room(s); 128 reachable cells; wall/floor materials + lighting + skybox changed; variant seed 1339,target=Bed; target swappable at L2=no,objectnav,"TD-MPC2 upstream defaults; protocol v2 (held-out start poses, pinned eval poses, static scene); 300k env steps",300000,25,10000,973687d,40086264_10,1.0,0.92,0.07999999999999996,0.7780476121979722,0.6903333261924758,0.11273639894312508,12.0,69.64,5.803333333333334,complete,results/rerun_300000/tdmpc2/pair2_seed0,"retrain of a cell whose saved model was deleted; same seed, different agent; the original in grid_300k stays the headline; used for this cell's L2noT comparison and as rerun-variance evidence"
tdmpc2-v2-300k_pair2_L2noT_s0_rerun,2026-09-14,tdmpc2,decoder-free latent world model + planner,rerun_300k,0,pair2,L2noT,procthor-10k train house 250; 1 room(s); 128 reachable cells; L1 + every object's appearance changed EXCEPT the target; variant seed 1339,target=Bed; target swappable at L2=no,objectnav,"TD-MPC2 upstream defaults; protocol v2 (held-out start poses, pinned eval poses, static scene); 300k env steps",300000,25,10000,973687d,40086264_10,1.0,0.8,0.19999999999999996,0.7780476121979722,0.569438591699972,0.268118579412747,12.0,70.24,5.853333333333333,complete,results/rerun_300000/tdmpc2/pair2_seed0,"retrain of a cell whose saved model was deleted; same seed, different agent; the original in grid_300k stays the headline; used for this cell's L2noT comparison and as rerun-variance evidence"
tdmpc2-v2-300k_pair2_L2_s0_rerun,2026-09-14,tdmpc2,decoder-free latent world model + planner,rerun_300k,0,pair2,L2,"procthor-10k train house 250; 1 room(s); 128 reachable cells; L1 + every object's appearance changed, target included when swappable; variant seed 1339",target=Bed; target swappable at L2=no,objectnav,"TD-MPC2 upstream defaults; protocol v2 (held-out start poses, pinned eval poses, static scene); 300k env steps",300000,25,10000,973687d,40086264_10,1.0,0.76,0.24,0.7780476121979722,0.5627912047165406,0.27666225576264625,12.0,93.32,7.776666666666666,complete,results/rerun_300000/tdmpc2/pair2_seed0,"retrain of a cell whose saved model was deleted; same seed, different agent; the original in grid_300k stays the headline; used for this cell's L2noT comparison and as rerun-variance evidence"
tdmpc2-v2-300k_pair2_L3_s0_rerun,2026-09-14,tdmpc2,decoder-free latent world model + planner,rerun_300k,0,pair2,L3,procthor-10k train house 250; 1 room(s); 128 reachable cells; L2 + 5 distractor objects; variant seed 1339,target=Bed; target swappable at L2=no,objectnav,"TD-MPC2 upstream defaults; protocol v2 (held-out start poses, pinned eval poses, static scene); 300k env steps",300000,25,10000,973687d,40086264_10,1.0,0.8,0.19999999999999996,0.7780476121979722,0.5718095158220535,0.2650713055892548,12.0,81.08,6.756666666666667,complete,results/rerun_300000/tdmpc2/pair2_seed0,"retrain of a cell whose saved model was deleted; same seed, different agent; the original in grid_300k stays the headline; used for this cell's L2noT comparison and as rerun-variance evidence"
dreamerv3-v2-300k_pair1_L1_s0_rerun,2026-09-15,dreamerv3,reconstruction world model,rerun_300k,0,pair1,L1,procthor-10k train house 2; 1 room(s); 162 reachable cells; wall/floor materials + lighting + skybox changed; variant seed 1338,target=Bed; target swappable at L2=yes,objectnav,"DreamerV3 train_ratio=512; protocol v2 (held-out start poses, pinned eval poses, static scene); 300k env steps",300000,25,10000,973687d,40086262_5,0.96,0.84,0.125,0.6202523381316534,0.5646473043571176,0.08964905145223837,33.0,53.36,1.616969696969697,complete,results/rerun_300000/dreamerv3/pair1_seed0,"retrain of a cell whose saved model was deleted; same seed, different agent; the original in grid_300k stays the headline; used for this cell's L2noT comparison and as rerun-variance evidence"
dreamerv3-v2-300k_pair1_L2noT_s0_rerun,2026-09-15,dreamerv3,reconstruction world model,rerun_300k,0,pair1,L2noT,procthor-10k train house 2; 1 room(s); 162 reachable cells; L1 + every object's appearance changed EXCEPT the target; variant seed 1338,target=Bed; target swappable at L2=yes,objectnav,"DreamerV3 train_ratio=512; protocol v2 (held-out start poses, pinned eval poses, static scene); 300k env steps",300000,25,10000,973687d,40086262_5,0.96,0.92,0.04166666666666659,0.6202523381316534,0.6061657889242826,0.022710997349567035,33.0,48.44,1.4678787878787878,complete,results/rerun_300000/dreamerv3/pair1_seed0,"retrain of a cell whose saved model was deleted; same seed, different agent; the original in grid_300k stays the headline; used for this cell's L2noT comparison and as rerun-variance evidence"
dreamerv3-v2-300k_pair1_L2_s0_rerun,2026-09-15,dreamerv3,reconstruction world model,rerun_300k,0,pair1,L2,"procthor-10k train house 2; 1 room(s); 162 reachable cells; L1 + every object's appearance changed, target included when swappable; variant seed 1338",target=Bed; target swappable at L2=yes,objectnav,"DreamerV3 train_ratio=512; protocol v2 (held-out start poses, pinned eval poses, static scene); 300k env steps",300000,25,10000,973687d,40086262_5,0.96,0.88,0.0833333333333333,0.6202523381316534,0.6060743516365289,0.02285841684665296,33.0,50.52,1.530909090909091,complete,results/rerun_300000/dreamerv3/pair1_seed0,"retrain of a cell whose saved model was deleted; same seed, different agent; the original in grid_300k stays the headline; used for this cell's L2noT comparison and as rerun-variance evidence"
dreamerv3-v2-300k_pair1_L3_s0_rerun,2026-09-15,dreamerv3,reconstruction world model,rerun_300k,0,pair1,L3,procthor-10k train house 2; 1 room(s); 162 reachable cells; L2 + 2 distractor objects; variant seed 1338,target=Bed; target swappable at L2=yes,objectnav,"DreamerV3 train_ratio=512; protocol v2 (held-out start poses, pinned eval poses, static scene); 300k env steps",300000,25,10000,973687d,40086262_5,0.96,0.84,0.125,0.6202523381316534,0.5680388346434979,0.08418106676620497,33.0,78.88,2.39030303030303,complete,results/rerun_300000/dreamerv3/pair1_seed0,"retrain of a cell whose saved model was deleted; same seed, different agent; the original in grid_300k stays the headline; used for this cell's L2noT comparison and as rerun-variance evidence"
dreamerv3-v2-300k_pair2_L1_s0_rerun,2026-09-15,dreamerv3,reconstruction world model,rerun_300k,0,pair2,L1,procthor-10k train house 250; 1 room(s); 128 reachable cells; wall/floor materials + lighting + skybox changed; variant seed 1339,target=Bed; target swappable at L2=no,objectnav,"DreamerV3 train_ratio=512; protocol v2 (held-out start poses, pinned eval poses, static scene); 300k env steps",300000,25,10000,973687d,40086262_10,0.52,0.92,-0.7692307692307693,0.3822338922139237,0.6741153543510455,-0.7636200454295807,103.36,54.28,0.52515479876161,complete,results/rerun_300000/dreamerv3/pair2_seed0,"retrain of a cell whose saved model was deleted; same seed, different agent; the original in grid_300k stays the headline; used for this cell's L2noT comparison and as rerun-variance evidence"
dreamerv3-v2-300k_pair2_L2noT_s0_rerun,2026-09-15,dreamerv3,reconstruction world model,rerun_300k,0,pair2,L2noT,procthor-10k train house 250; 1 room(s); 128 reachable cells; L1 + every object's appearance changed EXCEPT the target; variant seed 1339,target=Bed; target swappable at L2=no,objectnav,"DreamerV3 train_ratio=512; protocol v2 (held-out start poses, pinned eval poses, static scene); 300k env steps",300000,25,10000,973687d,40086262_10,0.52,1.0,-0.923076923076923,0.3822338922139237,0.7688030289899324,-1.0113418633208453,103.36,30.96,0.2995356037151703,complete,results/rerun_300000/dreamerv3/pair2_seed0,"retrain of a cell whose saved model was deleted; same seed, different agent; the original in grid_300k stays the headline; used for this cell's L2noT comparison and as rerun-variance evidence"
dreamerv3-v2-300k_pair2_L2_s0_rerun,2026-09-15,dreamerv3,reconstruction world model,rerun_300k,0,pair2,L2,"procthor-10k train house 250; 1 room(s); 128 reachable cells; L1 + every object's appearance changed, target included when swappable; variant seed 1339",target=Bed; target swappable at L2=no,objectnav,"DreamerV3 train_ratio=512; protocol v2 (held-out start poses, pinned eval poses, static scene); 300k env steps",300000,25,10000,973687d,40086262_10,0.52,0.96,-0.846153846153846,0.3822338922139237,0.7521666661709658,-0.9678178243545263,103.36,34.48,0.3335913312693498,complete,results/rerun_300000/dreamerv3/pair2_seed0,"retrain of a cell whose saved model was deleted; same seed, different agent; the original in grid_300k stays the headline; used for this cell's L2noT comparison and as rerun-variance evidence"
dreamerv3-v2-300k_pair2_L3_s0_rerun,2026-09-15,dreamerv3,reconstruction world model,rerun_300k,0,pair2,L3,procthor-10k train house 250; 1 room(s); 128 reachable cells; L2 + 5 distractor objects; variant seed 1339,target=Bed; target swappable at L2=no,objectnav,"DreamerV3 train_ratio=512; protocol v2 (held-out start poses, pinned eval poses, static scene); 300k env steps",300000,25,10000,973687d,40086262_10,0.52,0.92,-0.7692307692307693,0.3822338922139237,0.715138653815565,-0.870945168345578,103.36,30.44,0.2945046439628483,complete,results/rerun_300000/dreamerv3/pair2_seed0,"retrain of a cell whose saved model was deleted; same seed, different agent; the original in grid_300k stays the headline; used for this cell's L2noT comparison and as rerun-variance evidence"
dreamerv3-v2-300k_pair3_L1_s1_rerun,2026-09-15,dreamerv3,reconstruction world model,rerun_300k,1,pair3,L1,procthor-10k train house 44; 2 room(s); 460 reachable cells; wall/floor materials + lighting + skybox changed; variant seed 1340,target=Bed; target swappable at L2=yes,objectnav,"DreamerV3 train_ratio=512; protocol v2 (held-out start poses, pinned eval poses, static scene); 300k env steps",300000,25,10000,973687d,40086262_16,0.0,0.0,,0.0,0.0,,200.0,200.0,1.0,complete,results/rerun_300000/dreamerv3/pair3_seed1,"retrain of a cell whose saved model was deleted; same seed, different agent; the original in grid_300k stays the headline; used for this cell's L2noT comparison and as rerun-variance evidence; house-A success 0.00 < 0.5: left out of relative-drop comparisons (rule fixed 2026-09-05)"
dreamerv3-v2-300k_pair3_L2noT_s1_rerun,2026-09-15,dreamerv3,reconstruction world model,rerun_300k,1,pair3,L2noT,procthor-10k train house 44; 2 room(s); 460 reachable cells; L1 + every object's appearance changed EXCEPT the target; variant seed 1340,target=Bed; target swappable at L2=yes,objectnav,"DreamerV3 train_ratio=512; protocol v2 (held-out start poses, pinned eval poses, static scene); 300k env steps",300000,25,10000,973687d,40086262_16,0.0,0.04,,0.0,0.04,,200.0,192.16,0.9608,complete,results/rerun_300000/dreamerv3/pair3_seed1,"retrain of a cell whose saved model was deleted; same seed, different agent; the original in grid_300k stays the headline; used for this cell's L2noT comparison and as rerun-variance evidence; house-A success 0.00 < 0.5: left out of relative-drop comparisons (rule fixed 2026-09-05)"
dreamerv3-v2-300k_pair3_L2_s1_rerun,2026-09-15,dreamerv3,reconstruction world model,rerun_300k,1,pair3,L2,"procthor-10k train house 44; 2 room(s); 460 reachable cells; L1 + every object's appearance changed, target included when swappable; variant seed 1340",target=Bed; target swappable at L2=yes,objectnav,"DreamerV3 train_ratio=512; protocol v2 (held-out start poses, pinned eval poses, static scene); 300k env steps",300000,25,10000,973687d,40086262_16,0.0,0.08,,0.0,0.08,,200.0,189.2,0.946,complete,results/rerun_300000/dreamerv3/pair3_seed1,"retrain of a cell whose saved model was deleted; same seed, different agent; the original in grid_300k stays the headline; used for this cell's L2noT comparison and as rerun-variance evidence; house-A success 0.00 < 0.5: left out of relative-drop comparisons (rule fixed 2026-09-05)"
dreamerv3-v2-300k_pair3_L3_s1_rerun,2026-09-15,dreamerv3,reconstruction world model,rerun_300k,1,pair3,L3,procthor-10k train house 44; 2 room(s); 460 reachable cells; L2 + 8 distractor objects; variant seed 1340,target=Bed; target swappable at L2=yes,objectnav,"DreamerV3 train_ratio=512; protocol v2 (held-out start poses, pinned eval poses, static scene); 300k env steps",300000,25,10000,973687d,40086262_16,0.0,0.0,,0.0,0.0,,200.0,200.0,1.0,complete,results/rerun_300000/dreamerv3/pair3_seed1,"retrain of a cell whose saved model was deleted; same seed, different agent; the original in grid_300k stays the headline; used for this cell's L2noT comparison and as rerun-variance evidence; house-A success 0.00 < 0.5: left out of relative-drop comparisons (rule fixed 2026-09-05)"
dreamerv3-v2-300k_pair2_L1_s3_rerun,2026-09-15,dreamerv3,reconstruction world model,rerun_300k,3,pair2,L1,procthor-10k train house 250; 1 room(s); 128 reachable cells; wall/floor materials + lighting + skybox changed; variant seed 1339,target=Bed; target swappable at L2=no,objectnav,"DreamerV3 train_ratio=512; protocol v2 (held-out start poses, pinned eval poses, static scene); 300k env steps",300000,25,10000,973687d,40086262_13,1.0,1.0,0.0,0.7656507899242956,0.7737777726335778,-0.010614477012537022,15.04,36.44,2.422872340425532,complete,results/rerun_300000/dreamerv3/pair2_seed3,"retrain of a cell whose saved model was deleted; same seed, different agent; the original in grid_300k stays the headline; used for this cell's L2noT comparison and as rerun-variance evidence"
dreamerv3-v2-300k_pair2_L2noT_s3_rerun,2026-09-15,dreamerv3,reconstruction world model,rerun_300k,3,pair2,L2noT,procthor-10k train house 250; 1 room(s); 128 reachable cells; L1 + every object's appearance changed EXCEPT the target; variant seed 1339,target=Bed; target swappable at L2=no,objectnav,"DreamerV3 train_ratio=512; protocol v2 (held-out start poses, pinned eval poses, static scene); 300k env steps",300000,25,10000,973687d,40086262_13,1.0,1.0,0.0,0.7656507899242956,0.7724285644958545,-0.00885230533390958,15.04,42.08,2.797872340425532,complete,results/rerun_300000/dreamerv3/pair2_seed3,"retrain of a cell whose saved model was deleted; same seed, different agent; the original in grid_300k stays the headline; used for this cell's L2noT comparison and as rerun-variance evidence"
dreamerv3-v2-300k_pair2_L2_s3_rerun,2026-09-15,dreamerv3,reconstruction world model,rerun_300k,3,pair2,L2,"procthor-10k train house 250; 1 room(s); 128 reachable cells; L1 + every object's appearance changed, target included when swappable; variant seed 1339",target=Bed; target swappable at L2=no,objectnav,"DreamerV3 train_ratio=512; protocol v2 (held-out start poses, pinned eval poses, static scene); 300k env steps",300000,25,10000,973687d,40086262_13,1.0,1.0,0.0,0.7656507899242956,0.7769999935154895,-0.014822950280396263,15.04,38.36,2.550531914893617,complete,results/rerun_300000/dreamerv3/pair2_seed3,"retrain of a cell whose saved model was deleted; same seed, different agent; the original in grid_300k stays the headline; used for this cell's L2noT comparison and as rerun-variance evidence"
dreamerv3-v2-300k_pair2_L3_s3_rerun,2026-09-15,dreamerv3,reconstruction world model,rerun_300k,3,pair2,L3,procthor-10k train house 250; 1 room(s); 128 reachable cells; L2 + 5 distractor objects; variant seed 1339,target=Bed; target swappable at L2=no,objectnav,"DreamerV3 train_ratio=512; protocol v2 (held-out start poses, pinned eval poses, static scene); 300k env steps",300000,25,10000,973687d,40086262_13,1.0,1.0,0.0,0.7656507899242956,0.7733333262236168,-0.010033995132534076,15.04,44.12,2.9335106382978724,complete,results/rerun_300000/dreamerv3/pair2_seed3,"retrain of a cell whose saved model was deleted; same seed, different agent; the original in grid_300k stays the headline; used for this cell's L2noT comparison and as rerun-variance evidence"
dreamerv3-v2-300k_pair4_L1_s3_rerun,2026-09-15,dreamerv3,reconstruction world model,rerun_300k,3,pair4,L1,procthor-10k train house 286; 2 room(s); 681 reachable cells; wall/floor materials + lighting + skybox changed; variant seed 1341,target=Television; target swappable at L2=yes,objectnav,"DreamerV3 train_ratio=512; protocol v2 (held-out start poses, pinned eval poses, static scene); 300k env steps",300000,25,10000,973687d,40086262_23,0.04,0.8,-19.0,0.0057142849466285,0.3240515383378683,-55.70902682741833,192.68,106.68,0.5536641062902221,complete,results/rerun_300000/dreamerv3/pair4_seed3,"retrain of a cell whose saved model was deleted; same seed, different agent; the original in grid_300k stays the headline; used for this cell's L2noT comparison and as rerun-variance evidence; house-A success 0.04 < 0.5: left out of relative-drop comparisons (rule fixed 2026-09-05)"
dreamerv3-v2-300k_pair4_L2noT_s3_rerun,2026-09-15,dreamerv3,reconstruction world model,rerun_300k,3,pair4,L2noT,procthor-10k train house 286; 2 room(s); 681 reachable cells; L1 + every object's appearance changed EXCEPT the target; variant seed 1341,target=Television; target swappable at L2=yes,objectnav,"DreamerV3 train_ratio=512; protocol v2 (held-out start poses, pinned eval poses, static scene); 300k env steps",300000,25,10000,973687d,40086262_23,0.04,0.76,-18.0,0.0057142849466285,0.3397340071089583,-58.45345923104616,192.68,117.24,0.6084700020759809,complete,results/rerun_300000/dreamerv3/pair4_seed3,"retrain of a cell whose saved model was deleted; same seed, different agent; the original in grid_300k stays the headline; used for this cell's L2noT comparison and as rerun-variance evidence; house-A success 0.04 < 0.5: left out of relative-drop comparisons (rule fixed 2026-09-05)"
dreamerv3-v2-300k_pair4_L2_s3_rerun,2026-09-15,dreamerv3,reconstruction world model,rerun_300k,3,pair4,L2,"procthor-10k train house 286; 2 room(s); 681 reachable cells; L1 + every object's appearance changed, target included when swappable; variant seed 1341",target=Television; target swappable at L2=yes,objectnav,"DreamerV3 train_ratio=512; protocol v2 (held-out start poses, pinned eval poses, static scene); 300k env steps",300000,25,10000,973687d,40086262_23,0.04,1.0,-24.0,0.0057142849466285,0.5836664869765017,-101.1416489425982,192.68,53.88,0.2796346273614283,complete,results/rerun_300000/dreamerv3/pair4_seed3,"retrain of a cell whose saved model was deleted; same seed, different agent; the original in grid_300k stays the headline; used for this cell's L2noT comparison and as rerun-variance evidence; house-A success 0.04 < 0.5: left out of relative-drop comparisons (rule fixed 2026-09-05)"
dreamerv3-v2-300k_pair4_L3_s3_rerun,2026-09-15,dreamerv3,reconstruction world model,rerun_300k,3,pair4,L3,procthor-10k train house 286; 2 room(s); 681 reachable cells; L2 + 8 distractor objects; variant seed 1341,target=Television; target swappable at L2=yes,objectnav,"DreamerV3 train_ratio=512; protocol v2 (held-out start poses, pinned eval poses, static scene); 300k env steps",300000,25,10000,973687d,40086262_23,0.04,0.96,-22.999999999999996,0.0057142849466285,0.5404397540681234,-93.57696966739289,192.68,59.12,0.30682997716421007,complete,results/rerun_300000/dreamerv3/pair4_seed3,"retrain of a cell whose saved model was deleted; same seed, different agent; the original in grid_300k stays the headline; used for this cell's L2noT comparison and as rerun-variance evidence; house-A success 0.04 < 0.5: left out of relative-drop comparisons (rule fixed 2026-09-05)"
